symbol,name,sector,price,change,changePct,open,high,low,previousClose,volume,avgVolume,fiftyTwoWeekHigh,fiftyTwoWeekLow,vwap,ema20,ema50,ema100,ema200,rsi14,atr14,volumeRatio,deliveryPct,score,signal,sourceDate,asOf
0MOFSL27-N3,0MOFSL27-N3,NSE EQ,1190,0,0,0,1190,1190,1190,0,0,,,,,,,,,,,,50,NEUTRAL,kite:2026-05-08,2026-05-08T12:20:47.414Z
0RL34-N0,0RL34-N0,NSE EQ,86200,0,0,0,86200,86200,86200,0,0,,,,,,,,,,,,50,NEUTRAL,kite:2026-05-08,2026-05-08T12:20:47.414Z
0SCL27-YW,0SCL27-YW,NSE EQ,1206.39,2,0.17,1206.39,1206.39,1206.39,1204.39,75,75,,,,,,,,,,,,50,NEUTRAL,kite:2026-05-08,2026-05-08T12:20:47.414Z
1003IIFL29-NC,1003IIFL29-NC,NSE EQ,1010,0,0,1010,1010,1010,1010,501,501,,,,,,,,,,,,50,NEUTRAL,kite:2026-05-08,2026-05-08T12:20:47.414Z
1003ISFL28-N4,1003ISFL28-N4,NSE EQ,1019.98,3.98,0.39,1006,1019.99,1005,1016,230,230,,,,,,,,,,,,50,NEUTRAL,kite:2026-05-08,2026-05-08T12:20:47.414Z
1003SCFL31-Z4,1003SCFL31-Z4,NSE EQ,1048,0,0,0,1048,931,1048,0,0,,,,,,,,,,,,50,NEUTRAL,kite:2026-05-08,2026-05-08T12:20:47.414Z
1003SCL30A-NV,1003SCL30A-NV,NSE EQ,857,0,0,0,857,857,857,0,0,,,,,,,,,,,,50,NEUTRAL,kite:2026-05-08,2026-05-08T12:20:47.414Z
1003SCL31-ZQ,1003SCL31-ZQ,NSE EQ,900.3,0,0,0,900.3,900.3,900.3,0,0,,,,,,,,,,,,50,NEUTRAL,kite:2026-05-08,2026-05-08T12:20:47.414Z
1003SCL31A-N1,1003SCL31A-N1,NSE EQ,979,-1,-0.1,979,979,979,980,4,4,,,,,,,,,,,,50,NEUTRAL,kite:2026-05-08,2026-05-08T12:20:47.414Z
1003SCL31P-N1,1003SCL31P-N1,NSE EQ,970,0,0,0,975,950,970,0,0,,,,,,,,,,,,50,NEUTRAL,kite:2026-05-08,2026-05-08T12:20:47.414Z
1003SCL32-N1,1003SCL32-N1,NSE EQ,1012,0,0,0,1012,1012,1012,0,0,,,,,,,,,,,,50,NEUTRAL,kite:2026-05-08,2026-05-08T12:20:47.414Z
1003SFIL28-NX,1003SFIL28-NX,NSE EQ,576,0,0,0,576,576,576,0,0,,,,,,,,,,,,50,NEUTRAL,kite:2026-05-08,2026-05-08T12:20:47.414Z
1015ECL29-NR,1015ECL29-NR,NSE EQ,1023,3,0.29,1020,1024.7,1020,1020,108,108,,,,,,,,,,,,50,NEUTRAL,kite:2026-05-08,2026-05-08T12:20:47.414Z
1015SCFL29-YY,1015SCFL29-YY,NSE EQ,1002.62,0,0,0,1002.62,1002.62,1002.62,0,0,,,,,,,,,,,,50,NEUTRAL,kite:2026-05-08,2026-05-08T12:20:47.414Z
1015SCL28-NR,1015SCL28-NR,NSE EQ,681,0,0,0,681,681,681,0,0,,,,,,,,,,,,50,NEUTRAL,kite:2026-05-08,2026-05-08T12:20:47.414Z
1015SCL28A-AL,1015SCL28A-AL,NSE EQ,381,0,0,0,381,381,381,0,0,,,,,,,,,,,,50,NEUTRAL,kite:2026-05-08,2026-05-08T12:20:47.414Z
1015SCL28B-AZ,1015SCL28B-AZ,NSE EQ,820,0,0,0,820,820,820,0,0,,,,,,,,,,,,50,NEUTRAL,kite:2026-05-08,2026-05-08T12:20:47.414Z
1015SCL29-ZL,1015SCL29-ZL,NSE EQ,1087.9,0,0,0,1087.9,1087.9,1087.9,0,0,,,,,,,,,,,,50,NEUTRAL,kite:2026-05-08,2026-05-08T12:20:47.414Z
1015SCL29B-N1,1015SCL29B-N1,NSE EQ,1013.65,0,0,0,1013.65,1013.65,1013.65,0,0,,,,,,,,,,,,50,NEUTRAL,kite:2026-05-08,2026-05-08T12:20:47.414Z
1015SCL29T-N1,1015SCL29T-N1,NSE EQ,1014,4,0.4,984.75,1014,984.75,1010,108,108,,,,,,,,,,,,50,NEUTRAL,kite:2026-05-08,2026-05-08T12:20:47.414Z
1015SCL30-N1,1015SCL30-N1,NSE EQ,1045,0,0,0,1045,1045,1045,0,0,,,,,,,,,,,,50,NEUTRAL,kite:2026-05-08,2026-05-08T12:20:47.414Z
1015UCL27-NF,1015UCL27-NF,NSE EQ,1005,0,0,1005,1005,1005,1005,59,59,,,,,,,,,,,,50,NEUTRAL,kite:2026-05-08,2026-05-08T12:20:47.414Z
1018GS2026-GS,GOI LOAN 10.18% 2026,NSE EQ,103.5,-1,-0.96,101.18,103.5,101.18,104.5,1027,1027,,,,,,,,,,,,50,NEUTRAL,kite:2026-05-08,2026-05-08T12:20:47.414Z
1020CCSP27-N0,1020CCSP27-N0,NSE EQ,103125,0,0,0,103125,103125,103125,0,0,,,,,,,,,,,,50,NEUTRAL,kite:2026-05-08,2026-05-08T12:20:47.414Z
1025IIFL30-Y3,1025IIFL30-Y3,NSE EQ,1030,0,0,0,1030,1030,1030,0,0,,,,,,,,,,,,50,NEUTRAL,kite:2026-05-08,2026-05-08T12:20:47.414Z
1025PATE28-N0,1025PATE28-N0,NSE EQ,99700,0,0,0,99700,99700,99700,0,0,,,,,,,,,,,,50,NEUTRAL,kite:2026-05-08,2026-05-08T12:20:47.414Z
1025SCL34-Z8,1025SCL34-Z8,NSE EQ,975,0,0,0,1030,975,975,0,0,,,,,,,,,,,,50,NEUTRAL,kite:2026-05-08,2026-05-08T12:20:47.414Z
1025SCL34A-ZT,1025SCL34A-ZT,NSE EQ,1010,0,0,0,1010,1010,1010,0,0,,,,,,,,,,,,50,NEUTRAL,kite:2026-05-08,2026-05-08T12:20:47.414Z
1025SCL34B-N1,1025SCL34B-N1,NSE EQ,1030,0,0,0,1030,998.2,1030,0,0,,,,,,,,,,,,50,NEUTRAL,kite:2026-05-08,2026-05-08T12:20:47.414Z
1025SCL34Z-N1,1025SCL34Z-N1,NSE EQ,1000,0,0,0,1000,1000,1000,0,0,,,,,,,,,,,,50,NEUTRAL,kite:2026-05-08,2026-05-08T12:20:47.414Z
1025SCL35A-N1,1025SCL35A-N1,NSE EQ,1033,0,0,0,1033,1033,1033,0,0,,,,,,,,,,,,50,NEUTRAL,kite:2026-05-08,2026-05-08T12:20:47.414Z
1025UCL26A-N1,1025UCL26A-N1,NSE EQ,998,7.4,0.75,1021,1021,998,990.6,32,32,,,,,,,,,,,,50,NEUTRAL,kite:2026-05-08,2026-05-08T12:20:47.414Z
1025UCL27A-NG,1025UCL27A-NG,NSE EQ,1019.8,0,0,0,1019.8,1000,1019.8,0,0,,,,,,,,,,,,50,NEUTRAL,kite:2026-05-08,2026-05-08T12:20:47.414Z
1025VCCL28-N0,1025VCCL28-N0,NSE EQ,94201.11,0,0,0,97632.46,94201.11,94201.11,0,0,,,,,,,,,,,,50,NEUTRAL,kite:2026-05-08,2026-05-08T12:20:47.414Z
1030SFIL28-NM,1030SFIL28-NM,NSE EQ,599.9,-0.1,-0.02,599.9,599.9,599.9,600,5,5,,,,,,,,,,,,50,NEUTRAL,kite:2026-05-08,2026-05-08T12:20:47.414Z
1039UCL26-NE,1039UCL26-NE,NSE EQ,1010,0,0,0,1010,1010,1010,0,0,,,,,,,,,,,,50,NEUTRAL,kite:2026-05-08,2026-05-08T12:20:47.414Z
1040NFL26-NA,1040NFL26-NA,NSE EQ,1008,0,0,0,1180,1008,1008,0,0,,,,,,,,,,,,50,NEUTRAL,kite:2026-05-08,2026-05-08T12:20:47.414Z
1040UCL27B-N1,1040UCL27B-N1,NSE EQ,990.5,0,0,0,990.5,990.5,990.5,0,0,,,,,,,,,,,,50,NEUTRAL,kite:2026-05-08,2026-05-08T12:20:47.414Z
1050IIFL29-ND,1050IIFL29-ND,NSE EQ,1094.95,0,0,0,1094.95,1094.95,1094.95,0,0,,,,,,,,,,,,50,NEUTRAL,kite:2026-05-08,2026-05-08T12:20:47.414Z
1050ISFL28-N5,1050ISFL28-N5,NSE EQ,1020.97,0,0,0,1049.85,1015.2,1020.97,0,0,,,,,,,,,,,,50,NEUTRAL,kite:2026-05-08,2026-05-08T12:20:47.414Z
1050NFL26-N7,1050NFL26-N7,NSE EQ,1000,-6,-0.6,1010,1010,1000,1006,13,13,,,,,,,,,,,,50,NEUTRAL,kite:2026-05-08,2026-05-08T12:20:47.414Z
1050SCFL31-Z2,1050SCFL31-Z2,NSE EQ,1062,0,0,0,1062,1020,1062,0,0,,,,,,,,,,,,50,NEUTRAL,kite:2026-05-08,2026-05-08T12:20:47.414Z
1050SCL30-NU,1050SCL30-NU,NSE EQ,899.8,0,0,0,899.8,899.8,899.8,0,0,,,,,,,,,,,,50,NEUTRAL,kite:2026-05-08,2026-05-08T12:20:47.414Z
1050SCL31-ZP,1050SCL31-ZP,NSE EQ,1060,0,0,0,1060,1060,1060,0,0,,,,,,,,,,,,50,NEUTRAL,kite:2026-05-08,2026-05-08T12:20:47.414Z
1050SCL31A-N1,1050SCL31A-N1,NSE EQ,1033.67,0,0,0,1033.67,1033.67,1033.67,0,0,,,,,,,,,,,,50,NEUTRAL,kite:2026-05-08,2026-05-08T12:20:47.414Z
1050SCL31T-N1,1050SCL31T-N1,NSE EQ,1001,0,0,0,1001,1001,1001,0,0,,,,,,,,,,,,50,NEUTRAL,kite:2026-05-08,2026-05-08T12:20:47.414Z
1050SCL32-N1,1050SCL32-N1,NSE EQ,1002,0,0,0,1002,1002,1002,0,0,,,,,,,,,,,,50,NEUTRAL,kite:2026-05-08,2026-05-08T12:20:47.414Z
1050UCL28-NH,1050UCL28-NH,NSE EQ,1025,0,0,1025,1025,1025,1025,20,20,,,,,,,,,,,,50,NEUTRAL,kite:2026-05-08,2026-05-08T12:20:47.414Z
105IIFL29-N7,105IIFL29-N7,NSE EQ,1099,0,0,0,1099,1099,1099,0,0,,,,,,,,,,,,50,NEUTRAL,kite:2026-05-08,2026-05-08T12:20:47.414Z
105UCL2026-NB,105UCL2026-NB,NSE EQ,1020,0,0,0,1021,1020,1020,0,0,,,,,,,,,,,,50,NEUTRAL,kite:2026-05-08,2026-05-08T12:20:47.414Z
1060ECL29-NS,1060ECL29-NS,NSE EQ,1124,0,0,0,1124,1124,1124,0,0,,,,,,,,,,,,50,NEUTRAL,kite:2026-05-08,2026-05-08T12:20:47.414Z
1065NFL27-NC,1065NFL27-NC,NSE EQ,1028,18,1.78,1027,1028,1027,1010,100,100,,,,,,,,,,,,50,NEUTRAL,kite:2026-05-08,2026-05-08T12:20:47.414Z
1075SCFL34-Z6,1075SCFL34-Z6,NSE EQ,1000,0,0,0,1000,951,1000,0,0,,,,,,,,,,,,50,NEUTRAL,kite:2026-05-08,2026-05-08T12:20:47.414Z
1075SCL33-YK,1075SCL33-YK,NSE EQ,1150,0,0,0,1150,1150,1150,0,0,,,,,,,,,,,,50,NEUTRAL,kite:2026-05-08,2026-05-08T12:20:47.414Z
1075SCL33A-N2,1075SCL33A-N2,NSE EQ,890,0,0,0,890,890,890,0,0,,,,,,,,,,,,50,NEUTRAL,kite:2026-05-08,2026-05-08T12:20:47.414Z
1075SCL34-ZR,1075SCL34-ZR,NSE EQ,1075,0,0,0,1075,1075,1075,0,0,,,,,,,,,,,,50,NEUTRAL,kite:2026-05-08,2026-05-08T12:20:47.414Z
1075SCL34C-N1,1075SCL34C-N1,NSE EQ,1051,0,0,0,1051,1051,1051,0,0,,,,,,,,,,,,50,NEUTRAL,kite:2026-05-08,2026-05-08T12:20:47.414Z
1075SCL34T-N1,1075SCL34T-N1,NSE EQ,1020,0,0,0,1020,1020,1020,0,0,,,,,,,,,,,,50,NEUTRAL,kite:2026-05-08,2026-05-08T12:20:47.414Z
1075SCL35-N1,1075SCL35-N1,NSE EQ,910.2,0,0,0,910.2,910.2,910.2,0,0,,,,,,,,,,,,50,NEUTRAL,kite:2026-05-08,2026-05-08T12:20:47.414Z
1075WCA28-N0,1075WCA28-N0,NSE EQ,9873.28,0,0,0,9873.28,9601.11,9873.28,0,0,,,,,,,,,,,,50,NEUTRAL,kite:2026-05-08,2026-05-08T12:20:47.414Z
1075WCAP28-N0,1075WCAP28-N0,NSE EQ,98100,0,0,0,98100,98100,98100,0,0,,,,,,,,,,,,50,NEUTRAL,kite:2026-05-08,2026-05-08T12:20:47.414Z
1090NFL26-NB,1090NFL26-NB,NSE EQ,960.35,-34.65,-3.48,960.35,960.35,960.35,995,53,53,,,,,,,,,,,,46,NEUTRAL,kite:2026-05-08,2026-05-08T12:20:47.414Z
10IIFLSF27-NB,10IIFLSF27-NB,NSE EQ,1070.2,5.2,0.49,1070.2,1070.2,1070.2,1065,1,1,,,,,,,,,,,,50,NEUTRAL,kite:2026-05-08,2026-05-08T12:20:47.414Z
1102NFL26-N8,1102NFL26-N8,NSE EQ,1095,0,0,1095,1095,1095,1095,34,34,,,,,,,,,,,,50,NEUTRAL,kite:2026-05-08,2026-05-08T12:20:47.414Z
1119NFL27-ND,1119NFL27-ND,NSE EQ,1060,0,0,0,1060,1060,1060,0,0,,,,,,,,,,,,50,NEUTRAL,kite:2026-05-08,2026-05-08T12:20:47.414Z
111ESFB31-N0,111ESFB31-N0,NSE EQ,98600,0,0,0,98600,98600,98600,0,0,,,,,,,,,,,,50,NEUTRAL,kite:2026-05-08,2026-05-08T12:20:47.414Z
1125VCCL27-N0,1125VCCL27-N0,NSE EQ,100246.58,0,0,0,100246.58,100246.58,100246.58,0,0,,,,,,,,,,,,50,NEUTRAL,kite:2026-05-08,2026-05-08T12:20:47.414Z
113ESFB31-N0,113ESFB31-N0,NSE EQ,102000,0,0,0,102000,101800,102000,0,0,,,,,,,,,,,,50,NEUTRAL,kite:2026-05-08,2026-05-08T12:20:47.414Z
1150AFIL28-N0,1150AFIL28-N0,NSE EQ,9837.57,117.57,1.21,9731,9837.57,9731,9720,5,5,,,,,,,,,,,,50,NEUTRAL,kite:2026-05-08,2026-05-08T12:20:47.414Z
115VCCL27-N0,115VCCL27-N0,NSE EQ,99692.74,0,0,0,99692.74,99692.74,99692.74,0,0,,,,,,,,,,,,50,NEUTRAL,kite:2026-05-08,2026-05-08T12:20:47.414Z
115VCCL28-N0,115VCCL28-N0,NSE EQ,99001.11,1.11,0,99001.11,99001.11,99001.11,99000,1,1,,,,,,,,,,,,50,NEUTRAL,kite:2026-05-08,2026-05-08T12:20:47.414Z
115VCCL28A-N0,115VCCL28A-N0,NSE EQ,96001.01,0,0,0,96001.01,96001.01,96001.01,0,0,,,,,,,,,,,,50,NEUTRAL,kite:2026-05-08,2026-05-08T12:20:47.414Z
115VCCL31-N0,115VCCL31-N0,NSE EQ,98000,0,0,0,98000,98000,98000,0,0,,,,,,,,,,,,50,NEUTRAL,kite:2026-05-08,2026-05-08T12:20:47.414Z
1165ESFB32-N0,1165ESFB32-N0,NSE EQ,102900,0,0,0,102900,102900,102900,0,0,,,,,,,,,,,,50,NEUTRAL,kite:2026-05-08,2026-05-08T12:20:47.414Z
116VCCL26A-N0,116VCCL26A-N0,NSE EQ,99692,0,0,0,99692,99692,99692,0,0,,,,,,,,,,,,50,NEUTRAL,kite:2026-05-08,2026-05-08T12:20:47.414Z
116VCCL27-N0,116VCCL27-N0,NSE EQ,99687,0,0,0,99687,99687,99687,0,0,,,,,,,,,,,,50,NEUTRAL,kite:2026-05-08,2026-05-08T12:20:47.414Z
116VCCL27A-N0,116VCCL27A-N0,NSE EQ,99863.25,0,0,0,99863.25,99863.25,99863.25,0,0,,,,,,,,,,,,50,NEUTRAL,kite:2026-05-08,2026-05-08T12:20:47.414Z
1180VCCL26-N0,1180VCCL26-N0,NSE EQ,99683.23,0,0,0,99683.23,99683.23,99683.23,0,0,,,,,,,,,,,,50,NEUTRAL,kite:2026-05-08,2026-05-08T12:20:47.414Z
118VCCL27-N0,118VCCL27-N0,NSE EQ,97844.38,0,0,0,97844.38,97844.38,97844.38,0,0,,,,,,,,,,,,50,NEUTRAL,kite:2026-05-08,2026-05-08T12:20:47.414Z
118VCCL27A-N0,118VCCL27A-N0,NSE EQ,98000,0,0,0,98000,98000,98000,0,0,,,,,,,,,,,,50,NEUTRAL,kite:2026-05-08,2026-05-08T12:20:47.414Z
118VCCL27B-N0,118VCCL27B-N0,NSE EQ,97000,0,0,0,97000,97000,97000,0,0,,,,,,,,,,,,50,NEUTRAL,kite:2026-05-08,2026-05-08T12:20:47.414Z
1190VCCL26-N0,1190VCCL26-N0,NSE EQ,70000,0,0,0,70000,70000,70000,0,0,,,,,,,,,,,,50,NEUTRAL,kite:2026-05-08,2026-05-08T12:20:47.414Z
119VCCL26-N0,119VCCL26-N0,NSE EQ,99611,0,0,0,99611,99611,99611,0,0,,,,,,,,,,,,50,NEUTRAL,kite:2026-05-08,2026-05-08T12:20:47.414Z
1225DCCL27-N0,1225DCCL27-N0,NSE EQ,97301,0,0,0,97301,97301,97301,0,0,,,,,,,,,,,,50,NEUTRAL,kite:2026-05-08,2026-05-08T12:20:47.414Z
1225IFL27-N0,1225IFL27-N0,NSE EQ,9300,0,0,0,9300,9111.11,9300,0,0,,,,,,,,,,,,50,NEUTRAL,kite:2026-05-08,2026-05-08T12:20:47.414Z
1225IFL28-N0,1225IFL28-N0,NSE EQ,9111.11,0,0,0,9111.12,9111.11,9111.11,0,0,,,,,,,,,,,,50,NEUTRAL,kite:2026-05-08,2026-05-08T12:20:47.414Z
125VCCL31-N0,125VCCL31-N0,NSE EQ,96500,0,0,96500,96500,96500,96500,17,17,,,,,,,,,,,,50,NEUTRAL,kite:2026-05-08,2026-05-08T12:20:47.414Z
182D040626-TB,GOI TBILL 182D-04/06/26,NSE EQ,98.6,0,0,0,98.6,98.6,98.6,0,0,,,,,,,,,,,,50,NEUTRAL,kite:2026-05-08,2026-05-08T12:20:47.414Z
182D060826-TB,GOI TBILL 182D-06/08/26,NSE EQ,97.07,0,0,0,97.07,97.07,97.07,0,0,,,,,,,,,,,,50,NEUTRAL,kite:2026-05-08,2026-05-08T12:20:47.414Z
182D081026-TB,GOI TBILL 182D-08/10/26,NSE EQ,97,0,0,0,97,97,97,0,0,,,,,,,,,,,,50,NEUTRAL,kite:2026-05-08,2026-05-08T12:20:47.414Z
182D090726-TB,GOI TBILL 182D-09/07/26,NSE EQ,98.85,0,0,0,98.85,98.85,98.85,0,0,,,,,,,,,,,,50,NEUTRAL,kite:2026-05-08,2026-05-08T12:20:47.414Z
182D100926-TB,GOI TBILL 182D-10/09/26,NSE EQ,97.32,0,0,0,97.32,97.32,97.32,0,0,,,,,,,,,,,,50,NEUTRAL,kite:2026-05-08,2026-05-08T12:20:47.414Z
182D110626-TB,GOI TBILL 182D-11/06/26,NSE EQ,99,0,0,0,99,99,99,0,0,,,,,,,,,,,,50,NEUTRAL,kite:2026-05-08,2026-05-08T12:20:47.414Z
182D130826-TB,GOI TBILL 182D-13/08/26,NSE EQ,96.98,0,0,0,96.99,96.98,96.98,0,0,,,,,,,,,,,,50,NEUTRAL,kite:2026-05-08,2026-05-08T12:20:47.414Z
182D140526-TB,GOI TBILL 182D-14/05/26,NSE EQ,99.12,0,0,0,99.12,99.12,99.12,0,0,,,,,,,,,,,,50,NEUTRAL,kite:2026-05-08,2026-05-08T12:20:47.414Z
182D170726-TB,GOI TBILL 182D-17/07/26,NSE EQ,97.87,0,0,0,97.87,97.87,97.87,0,0,,,,,,,,,,,,50,NEUTRAL,kite:2026-05-08,2026-05-08T12:20:47.414Z
182D180626-TB,GOI TBILL 182D-18/06/26,NSE EQ,99,0,0,0,99,98.6,99,0,0,,,,,,,,,,,,50,NEUTRAL,kite:2026-05-08,2026-05-08T12:20:47.414Z
182D180926-TB,GOI TBILL 182D-18/09/26,NSE EQ,97.2,0,0,0,97.2,97.2,97.2,0,0,,,,,,,,,,,,50,NEUTRAL,kite:2026-05-08,2026-05-08T12:20:47.414Z
182D210526-TB,GOI TBILL 182D-21/05/26,NSE EQ,99.4,0,0,0,99.54,99.11,99.4,0,0,,,,,,,,,,,,50,NEUTRAL,kite:2026-05-08,2026-05-08T12:20:47.414Z
182D210826-TB,GOI TBILL 182D-21/08/26,NSE EQ,97.3,0,0,0,97.3,97.3,97.3,0,0,,,,,,,,,,,,50,NEUTRAL,kite:2026-05-08,2026-05-08T12:20:47.414Z
182D230726-TB,GOI TBILL 182D-23/07/26,NSE EQ,97.75,0,0,0,97.75,97.75,97.75,0,0,,,,,,,,,,,,50,NEUTRAL,kite:2026-05-08,2026-05-08T12:20:47.414Z
182D260626-TB,GOI TBILL 182D-26/06/26,NSE EQ,98.5,0,0,0,98.5,98.21,98.5,0,0,,,,,,,,,,,,50,NEUTRAL,kite:2026-05-08,2026-05-08T12:20:47.414Z
182D270826-TB,GOI TBILL 182D-27/08/26,NSE EQ,97.25,0,0,0,97.25,97.25,97.25,0,0,,,,,,,,,,,,50,NEUTRAL,kite:2026-05-08,2026-05-08T12:20:47.414Z
182D280526-TB,GOI TBILL 182D-28/05/26,NSE EQ,99.5,0,0,0,99.5,99.5,99.5,0,0,,,,,,,,,,,,50,NEUTRAL,kite:2026-05-08,2026-05-08T12:20:47.414Z
182D300726-TB,GOI TBILL 182D-30/07/26,NSE EQ,97.18,0,0,0,97.18,97.18,97.18,0,0,,,,,,,,,,,,50,NEUTRAL,kite:2026-05-08,2026-05-08T12:20:47.414Z
20MICRONS,20 MICRONS,NSE EQ,181.81,-2.39,-1.3,185,187.04,180.65,184.2,87277,87277,,,,,,,,,,,40.87,50,NEUTRAL,kite:2026-05-08,2026-05-08T12:20:47.414Z
21STCENMGM,21ST CENTURY MGMT SERVICE,NSE EQ,34.65,-0.05,-0.14,34.5,35.31,34.25,34.7,3128,3128,,,,,,,,,,,99.84,50,NEUTRAL,kite:2026-05-08,2026-05-08T12:20:47.414Z
360ONE,360 ONE WAM,NSE EQ,1118.5,6.8,0.61,1112.9,1134.9,1105.7,1111.7,732727,732727,,,,,,,,,,,46.1,50,NEUTRAL,kite:2026-05-08,2026-05-08T12:20:47.414Z
364D020726-TB,GOI TBILL 364D-02/07/26,NSE EQ,97.95,0,0,0,97.95,97.95,97.95,0,0,,,,,,,,,,,,50,NEUTRAL,kite:2026-05-08,2026-05-08T12:20:47.414Z
364D021026-TB,GOI TBILL 364D-02/10/26,NSE EQ,96.6,0,0,0,96.6,96.6,96.6,0,0,,,,,,,,,,,,50,NEUTRAL,kite:2026-05-08,2026-05-08T12:20:47.414Z
364D030926-TB,GOI TBILL 364D-03/09/26,NSE EQ,97.13,0,0,0,97.13,97.13,97.13,0,0,,,,,,,,,,,,50,NEUTRAL,kite:2026-05-08,2026-05-08T12:20:47.414Z
364D031226-TB,GOI TBILL 364D-03/12/26,NSE EQ,96,0,0,0,96,96,96,0,0,,,,,,,,,,,,50,NEUTRAL,kite:2026-05-08,2026-05-08T12:20:47.414Z
364D040227-TB,GOI TBILL 364D-04/02/27,NSE EQ,95.45,0,0,0,95.45,95.45,95.45,0,0,,,,,,,,,,,,50,NEUTRAL,kite:2026-05-08,2026-05-08T12:20:47.414Z
364D040327-TB,GOI TBILL 364D-04/03/27,NSE EQ,94.36,0,0,0,94.36,94.36,94.36,0,0,,,,,,,,,,,,50,NEUTRAL,kite:2026-05-08,2026-05-08T12:20:47.414Z
364D040626-TB,GOI TBILL 364D-04/06/26,NSE EQ,98.4,0,0,0,98.4,98.21,98.4,0,0,,,,,,,,,,,,50,NEUTRAL,kite:2026-05-08,2026-05-08T12:20:47.414Z
364D060826-TB,GOI TBILL 364D-06/08/26,NSE EQ,98.44,-0.01,-0.01,98.44,98.44,98.44,98.45,9900,9900,,,,,,,,,,,,50,NEUTRAL,kite:2026-05-08,2026-05-08T12:20:47.414Z
364D061126-TB,GOI TBILL 364D-06/11/26,NSE EQ,96.88,0,0,0,96.88,96.88,96.88,0,0,,,,,,,,,,,,50,NEUTRAL,kite:2026-05-08,2026-05-08T12:20:47.414Z
364D070127-TB,GOI TBILL 364D-07/01/27,NSE EQ,95.7,0,0,0,96,95.35,95.7,0,0,,,,,,,,,,,,50,NEUTRAL,kite:2026-05-08,2026-05-08T12:20:47.414Z
364D080427-TB,GOI TBILL 364D-08/04/27,NSE EQ,94.5,0,0,0,94.7,94.5,94.5,0,0,,,,,,,,,,,,50,NEUTRAL,kite:2026-05-08,2026-05-08T12:20:47.414Z
364D081026-TB,GOI TBILL 364D-08/10/26,NSE EQ,96.95,0,0,0,96.95,96.5,96.95,0,0,,,,,,,,,,,,50,NEUTRAL,kite:2026-05-08,2026-05-08T12:20:47.414Z
364D090726-TB,GOI TBILL 364D-09/07/26,NSE EQ,98.5,0,0,0,98.5,98.5,98.5,0,0,,,,,,,,,,,,50,NEUTRAL,kite:2026-05-08,2026-05-08T12:20:47.414Z
364D100926-TB,GOI TBILL 364D-10/09/26,NSE EQ,96.98,0,0,0,96.98,96.88,96.98,0,0,,,,,,,,,,,,50,NEUTRAL,kite:2026-05-08,2026-05-08T12:20:47.414Z
364D101226-TB,GOI TBILL 364D-10/12/26,NSE EQ,96,0,0,0,96,96,96,0,0,,,,,,,,,,,,50,NEUTRAL,kite:2026-05-08,2026-05-08T12:20:47.414Z
364D110227-TB,GOI TBILL 364D-11/02/27,NSE EQ,95,0,0,0,95,95,95,0,0,,,,,,,,,,,,50,NEUTRAL,kite:2026-05-08,2026-05-08T12:20:47.414Z
364D110327-TB,GOI TBILL 364D-11/03/27,NSE EQ,94.08,0,0,0,94.08,94.08,94.08,0,0,,,,,,,,,,,,50,NEUTRAL,kite:2026-05-08,2026-05-08T12:20:47.414Z
364D110626-TB,GOI TBILL 364D-11/06/26,NSE EQ,98.41,0,0,0,98.41,98.41,98.41,0,0,,,,,,,,,,,,50,NEUTRAL,kite:2026-05-08,2026-05-08T12:20:47.414Z
364D121126-TB,GOI TBILL 364D-12/11/26,NSE EQ,95.62,0,0,0,95.62,95.62,95.62,0,0,,,,,,,,,,,,50,NEUTRAL,kite:2026-05-08,2026-05-08T12:20:47.414Z
364D130826-TB,GOI TBILL 364D-13/08/26,NSE EQ,98.25,0,0,0,98.25,97.77,98.25,0,0,,,,,,,,,,,,50,NEUTRAL,kite:2026-05-08,2026-05-08T12:20:47.414Z
364D140526-TB,GOI TBILL 364D-14/05/26,NSE EQ,99.92,1.74,1.77,99.92,99.92,99.92,98.18,200,200,,,,,,,,,,,,50,NEUTRAL,kite:2026-05-08,2026-05-08T12:20:47.414Z
364D150127-TB,GOI TBILL 364D-15/01/27,NSE EQ,95.4,0,0,0,95.4,95.21,95.4,0,0,,,,,,,,,,,,50,NEUTRAL,kite:2026-05-08,2026-05-08T12:20:47.414Z
364D150427-TB,GOI TBILL 364D-15/04/27,NSE EQ,94.3,0,0,0,94.3,94.3,94.3,0,0,,,,,,,,,,,,50,NEUTRAL,kite:2026-05-08,2026-05-08T12:20:47.414Z
364D151026-TB,GOI TBILL 364D-15/10/26,NSE EQ,97.15,0,0,0,97.2,97.1,97.15,0,0,,,,,,,,,,,,50,NEUTRAL,kite:2026-05-08,2026-05-08T12:20:47.414Z
364D160726-TB,GOI TBILL 364D-16/07/26,NSE EQ,97.95,0,0,0,97.95,97.95,97.95,0,0,,,,,,,,,,,,50,NEUTRAL,kite:2026-05-08,2026-05-08T12:20:47.414Z
364D170926-TB,GOI TBILL 364D-17/09/26,NSE EQ,97.22,0,0,0,97.22,97.22,97.22,0,0,,,,,,,,,,,,50,NEUTRAL,kite:2026-05-08,2026-05-08T12:20:47.414Z
364D171226-TB,GOI TBILL 364D-17/12/26,NSE EQ,96,0,0,0,96,96,96,0,0,,,,,,,,,,,,50,NEUTRAL,kite:2026-05-08,2026-05-08T12:20:47.414Z
364D180626-TB,GOI TBILL 364D-18/06/26,NSE EQ,98.23,0,0,0,98.23,98.23,98.23,0,0,,,,,,,,,,,,50,NEUTRAL,kite:2026-05-08,2026-05-08T12:20:47.414Z
364D190227-TB,GOI TBILL 364D-19/02/27,NSE EQ,95.2,0,0,0,95.2,95.2,95.2,0,0,,,,,,,,,,,,50,NEUTRAL,kite:2026-05-08,2026-05-08T12:20:47.414Z
364D190327-TB,GOI TBILL 364D-19/03/27,NSE EQ,93.75,0,0,0,93.76,93.75,93.75,0,0,,,,,,,,,,,,50,NEUTRAL,kite:2026-05-08,2026-05-08T12:20:47.414Z
364D191126-TB,GOI TBILL 364D-19/11/26,NSE EQ,96.57,0,0,0,96.57,96.57,96.57,0,0,,,,,,,,,,,,50,NEUTRAL,kite:2026-05-08,2026-05-08T12:20:47.414Z
364D200826-TB,GOI TBILL 364D-20/08/26,NSE EQ,97.04,0,0,0,97.15,97.04,97.04,0,0,,,,,,,,,,,,50,NEUTRAL,kite:2026-05-08,2026-05-08T12:20:47.414Z
364D210127-TB,GOI TBILL 364D-21/01/27,NSE EQ,95.5,0,0,0,95.5,95.09,95.5,0,0,,,,,,,,,,,,50,NEUTRAL,kite:2026-05-08,2026-05-08T12:20:47.414Z
364D210526-TB,GOI TBILL 364D-21/05/26,NSE EQ,98.76,0,0,0,98.76,98.76,98.76,0,0,,,,,,,,,,,,50,NEUTRAL,kite:2026-05-08,2026-05-08T12:20:47.414Z
364D230726-TB,GOI TBILL 364D-23/07/26,NSE EQ,98.45,0,0,0,98.45,98.45,98.45,0,0,,,,,,,,,,,,50,NEUTRAL,kite:2026-05-08,2026-05-08T12:20:47.414Z
364D231026-TB,GOI TBILL 364D-23/10/26,NSE EQ,96.3,0,0,0,96.3,96.3,96.3,0,0,,,,,,,,,,,,50,NEUTRAL,kite:2026-05-08,2026-05-08T12:20:47.414Z
364D240926-TB,GOI TBILL 364D-24/09/26,NSE EQ,97.25,0,0,0,97.25,96.86,97.25,0,0,,,,,,,,,,,,50,NEUTRAL,kite:2026-05-08,2026-05-08T12:20:47.414Z
364D250227-TB,GOI TBILL 364D-25/02/27,NSE EQ,94.47,0,0,0,94.47,94.47,94.47,0,0,,,,,,,,,,,,50,NEUTRAL,kite:2026-05-08,2026-05-08T12:20:47.414Z
364D250626-TB,GOI TBILL 364D-25/06/26,NSE EQ,97.82,0,0,0,97.82,97.71,97.82,0,0,,,,,,,,,,,,50,NEUTRAL,kite:2026-05-08,2026-05-08T12:20:47.414Z
364D251226-TB,GOI TBILL 364D-25/12/26,NSE EQ,95.5,0,0,0,95.5,95.16,95.5,0,0,,,,,,,,,,,,50,NEUTRAL,kite:2026-05-08,2026-05-08T12:20:47.414Z
364D261126-TB,GOI TBILL 364D-26/11/26,NSE EQ,96.5,0,0,0,96.5,96.5,96.5,0,0,,,,,,,,,,,,50,NEUTRAL,kite:2026-05-08,2026-05-08T12:20:47.414Z
364D280127-TB,GOI TBILL 364D-28/01/27,NSE EQ,94.45,0,0,0,94.45,94.45,94.45,0,0,,,,,,,,,,,,50,NEUTRAL,kite:2026-05-08,2026-05-08T12:20:47.414Z
364D280526-TB,GOI TBILL 364D-28/05/26,NSE EQ,99.72,0,0,0,99.72,99.72,99.72,0,0,,,,,,,,,,,,50,NEUTRAL,kite:2026-05-08,2026-05-08T12:20:47.414Z
364D280826-TB,GOI TBILL 364D-28/08/26,NSE EQ,97.6,0,0,0,97.6,97.6,97.6,0,0,,,,,,,,,,,,50,NEUTRAL,kite:2026-05-08,2026-05-08T12:20:47.414Z
364D291026-TB,GOI TBILL 364D-29/10/26,NSE EQ,96.2,0,0,0,96.2,96.2,96.2,0,0,,,,,,,,,,,,50,NEUTRAL,kite:2026-05-08,2026-05-08T12:20:47.414Z
364D300726-TB,GOI TBILL 364D-30/07/26,NSE EQ,98.45,0,0,0,98.45,98.45,98.45,0,0,,,,,,,,,,,,50,NEUTRAL,kite:2026-05-08,2026-05-08T12:20:47.414Z
3BBLACKBIO,3B BLACKBIO DX,NSE EQ,1294.1,-5.5,-0.42,1308.3,1308.3,1261.6,1299.6,6570,6570,,,,,,,,,,,88.45,50,NEUTRAL,kite:2026-05-08,2026-05-08T12:20:47.414Z
3IINFOLTD,3I INFOTECH,NSE EQ,18.11,0.44,2.49,17.67,18.95,17.5,17.67,956978,956978,,,,,,,,,,,51.47,50,NEUTRAL,kite:2026-05-08,2026-05-08T12:20:47.414Z
3MINDIA,3M INDIA,NSE EQ,32045,-605,-1.85,32700,32700,32000,32650,2139,2139,,,,,,,,,,,51.29,50,NEUTRAL,kite:2026-05-08,2026-05-08T12:20:47.414Z
3PLAND,3P LAND HOLDINGS,NSE EQ,36.18,0.18,0.5,36.05,36.3,34,36,6600,6600,,,,,,,,,,,75.03,50,NEUTRAL,kite:2026-05-08,2026-05-08T12:20:47.414Z
574GS2026-GS,GOI LOAN  5.74% 2026,NSE EQ,103.9,0,0,103.9,103.9,103.9,103.9,1,1,,,,,,,,,,,,50,NEUTRAL,kite:2026-05-08,2026-05-08T12:20:47.414Z
577GS2030-GS,GOI LOAN 5.77% 2030,NSE EQ,96.82,0,0,0,96.82,96.82,96.82,0,0,,,,,,,,,,,,50,NEUTRAL,kite:2026-05-08,2026-05-08T12:20:47.414Z
579GS2030-GS,GOI LOAN 5.79% 2030,NSE EQ,97.04,-3.33,-3.32,97.04,97.04,97.04,100.37,20,20,,,,,,,,,,,,46,NEUTRAL,kite:2026-05-08,2026-05-08T12:20:47.414Z
585GS2030-GS,GOI LOAN  5.85% 2030,NSE EQ,98.85,0,0,0,98.85,98.85,98.85,0,0,,,,,,,,,,,,50,NEUTRAL,kite:2026-05-08,2026-05-08T12:20:47.414Z
591GS2028-GS,GOI LOAN  5.91% 2028,NSE EQ,100.46,0,0,0,100.46,100.46,100.46,0,0,,,,,,,,,,,,50,NEUTRAL,kite:2026-05-08,2026-05-08T12:20:47.414Z
5PAISA,5PAISA CAPITAL,NSE EQ,335.05,-4.9,-1.44,342.8,342.8,332,339.95,29285,29285,,,,,,,,,,,52.5,50,NEUTRAL,kite:2026-05-08,2026-05-08T12:20:47.414Z
601GS2028-GS,GOI LOAN 6.01% 2028,NSE EQ,99.2,0.4,0.4,100.08,100.08,98.78,98.8,60,60,,,,,,,,,,,,50,NEUTRAL,kite:2026-05-08,2026-05-08T12:20:47.414Z
601GS2030-GS,GOI LOAN  6.01% 2030,NSE EQ,99.25,0.75,0.76,98.11,99.25,98.11,98.5,200,200,,,,,,,,,,,,50,NEUTRAL,kite:2026-05-08,2026-05-08T12:20:47.414Z
601RJ26-SG,SDL RJ 6.01% 2026,NSE EQ,97.51,0,0,0,97.51,97.51,97.51,0,0,,,,,,,,,,,,50,NEUTRAL,kite:2026-05-08,2026-05-08T12:20:47.414Z
603GS2029-GS,GOI LOAN  6.03% 2029,NSE EQ,100.9,0,0,0,100.9,100.9,100.9,0,0,,,,,,,,,,,,50,NEUTRAL,kite:2026-05-08,2026-05-08T12:20:47.414Z
610GS2031-GS,GOI LOAN  6.10% 2031,NSE EQ,102,0,0,102,102,102,102,1,1,,,,,,,,,,,,50,NEUTRAL,kite:2026-05-08,2026-05-08T12:20:47.414Z
613GS2028-GS,GOI LOAN 6.13% 2028,NSE EQ,102.2,0,0,0,102.2,102.2,102.2,0,0,,,,,,,,,,,,50,NEUTRAL,kite:2026-05-08,2026-05-08T12:20:47.414Z
619GS2034-GS,GOI LOAN 6.19% 2034,NSE EQ,96.03,0,0,0,96.03,96.03,96.03,0,0,,,,,,,,,,,,50,NEUTRAL,kite:2026-05-08,2026-05-08T12:20:47.414Z
622GS2035-GS,GOI LOAN  6.22% 2035,NSE EQ,93.14,0,0,0,93.14,93.14,93.14,0,0,,,,,,,,,,,,50,NEUTRAL,kite:2026-05-08,2026-05-08T12:20:47.414Z
628GS2032-GS,GOI LOAN  6.28% 2032,NSE EQ,98.65,0,0,0,98.65,98.65,98.65,0,0,,,,,,,,,,,,50,NEUTRAL,kite:2026-05-08,2026-05-08T12:20:47.414Z
633AS26-SG,SDL AS 6.33% 2026,NSE EQ,90.03,0,0,0,90.03,81.5,90.03,0,0,,,,,,,,,,,,50,NEUTRAL,kite:2026-05-08,2026-05-08T12:20:47.414Z
633GS2035-GS,GOI LOAN  6.33% 2035,NSE EQ,97,0,0,0,97,97,97,0,0,,,,,,,,,,,,50,NEUTRAL,kite:2026-05-08,2026-05-08T12:20:47.414Z
636GS2031-GS,GOI LOAN  6.36% 2031,NSE EQ,98.8,0,0,0,98.8,98.56,98.8,0,0,,,,,,,,,,,,50,NEUTRAL,kite:2026-05-08,2026-05-08T12:20:47.414Z
63MOONS,63 MOONS TECHNOLOGIES,NSE EQ,723.65,-17.35,-2.34,741,753,715.35,741,68535,68535,,,,,,,,,,,68.38,50,NEUTRAL,kite:2026-05-08,2026-05-08T12:20:47.414Z
645GS2029-GS,GOI LOAN 6.45% 2029,NSE EQ,98,0,0,0,98,98,98,0,0,,,,,,,,,,,,50,NEUTRAL,kite:2026-05-08,2026-05-08T12:20:47.414Z
647MH28-SG,SDL MH 6.47% 2028,NSE EQ,97.95,0,0,0,97.95,97.95,97.95,0,0,,,,,,,,,,,,50,NEUTRAL,kite:2026-05-08,2026-05-08T12:20:47.414Z
648GS2035-GS,GOI LOAN  6.48% 2035,NSE EQ,97.1,-0.07,-0.07,97,97.1,97,97.17,300,300,,,,,,,,,,,,50,NEUTRAL,kite:2026-05-08,2026-05-08T12:20:47.414Z
653KA30-SG,SDL KA 6.53% 2030,NSE EQ,93,0,0,0,93,93,93,0,0,,,,,,,,,,,,50,NEUTRAL,kite:2026-05-08,2026-05-08T12:20:47.414Z
653TN31-SG,SDL TN 6.53% 2031,NSE EQ,100.54,0,0,0,100.54,100.54,100.54,0,0,,,,,,,,,,,,50,NEUTRAL,kite:2026-05-08,2026-05-08T12:20:47.414Z
654GS2032-GS,GOI LOAN  6.54% 2032,NSE EQ,99.75,0,0,0,100.9,99.75,99.75,0,0,,,,,,,,,,,,50,NEUTRAL,kite:2026-05-08,2026-05-08T12:20:47.414Z
654KA30-SG,SDL KA 6.54% 2030,NSE EQ,95,0,0,0,95,95,95,0,0,,,,,,,,,,,,50,NEUTRAL,kite:2026-05-08,2026-05-08T12:20:47.414Z
657GS2033-GS,GOI LOAN 6.57% 2033,NSE EQ,101.45,0,0,0,101.45,101.45,101.45,0,0,,,,,,,,,,,,50,NEUTRAL,kite:2026-05-08,2026-05-08T12:20:47.414Z
657TN31-SG,SDL TN 6.57% 2031,NSE EQ,104.9,0,0,0,104.9,104.9,104.9,0,0,,,,,,,,,,,,50,NEUTRAL,kite:2026-05-08,2026-05-08T12:20:47.414Z
662GS2051-GS,GOI LOAN 6.62% 2051,NSE EQ,93.19,0,0,0,93.19,93.19,93.19,0,0,,,,,,,,,,,,50,NEUTRAL,kite:2026-05-08,2026-05-08T12:20:47.414Z
663GJ29-SG,SDL GJ 6.63% 2029,NSE EQ,104.9,0,0,0,104.9,104.9,104.9,0,0,,,,,,,,,,,,50,NEUTRAL,kite:2026-05-08,2026-05-08T12:20:47.414Z
663TN35-SG,SDL TN 6.63% 2035,NSE EQ,91,0,0,0,91,91,91,0,0,,,,,,,,,,,,50,NEUTRAL,kite:2026-05-08,2026-05-08T12:20:47.414Z
664GS2027-GS,GOI LOAN   6.64% 2027,NSE EQ,102.25,0.34,0.33,101.91,102.25,101.91,101.91,200,200,,,,,,,,,,,,50,NEUTRAL,kite:2026-05-08,2026-05-08T12:20:47.414Z
664GS2035-GS,GOI LOAN  6.64% 2035,NSE EQ,96.01,0,0,0,97,96.01,96.01,0,0,,,,,,,,,,,,50,NEUTRAL,kite:2026-05-08,2026-05-08T12:20:47.414Z
666TN30-SG,SDL TN 6.66% 2030,NSE EQ,102.82,0,0,0,102.82,102.82,102.82,0,0,,,,,,,,,,,,50,NEUTRAL,kite:2026-05-08,2026-05-08T12:20:47.414Z
667GS2035-GS,GOI LOAN  6.67% 2035,NSE EQ,103.85,0,0,0,103.85,98.91,103.85,0,0,,,,,,,,,,,,50,NEUTRAL,kite:2026-05-08,2026-05-08T12:20:47.414Z
667GS2050-GS,GOI LOAN  6.67% 2050,NSE EQ,94.9,0,0,0,94.9,94.9,94.9,0,0,,,,,,,,,,,,50,NEUTRAL,kite:2026-05-08,2026-05-08T12:20:47.414Z
668GS2031-GS,GOI LOAN 6.68% 2031,NSE EQ,97.7,0,0,0,97.7,97.7,97.7,0,0,,,,,,,,,,,,50,NEUTRAL,kite:2026-05-08,2026-05-08T12:20:47.414Z
668GS2033-GS,GOI LOAN  6.68% 2033,NSE EQ,99.8,0,0,0,99.8,99.8,99.8,0,0,,,,,,,,,,,,50,NEUTRAL,kite:2026-05-08,2026-05-08T12:20:47.414Z
668GS2040-GS,GOI LOAN  6.68% 2040,NSE EQ,96.95,-0.04,-0.04,97,97,96.95,96.99,100,100,,,,,,,,,,,,50,NEUTRAL,kite:2026-05-08,2026-05-08T12:20:47.414Z
669GJ34-SG,SDL GJ 6.69% 2034,NSE EQ,93.1,0,0,0,98,93.1,93.1,0,0,,,,,,,,,,,,50,NEUTRAL,kite:2026-05-08,2026-05-08T12:20:47.414Z
669KA37-SG,SDL KA 6.69% 2037,NSE EQ,95,0,0,0,95,95,95,0,0,,,,,,,,,,,,50,NEUTRAL,kite:2026-05-08,2026-05-08T12:20:47.414Z
672MH38-SG,SDL MH 6.72% 2038,NSE EQ,93,0,0,0,93,93,93,0,0,,,,,,,,,,,,50,NEUTRAL,kite:2026-05-08,2026-05-08T12:20:47.414Z
675BR27-SG,SDL BR 6.75% 2027,NSE EQ,85.75,0,0,0,86,85.75,85.75,0,0,,,,,,,,,,,,50,NEUTRAL,kite:2026-05-08,2026-05-08T12:20:47.414Z
675GJ31-SG,SDL GJ 6.75% 2031,NSE EQ,100,0,0,0,100,100,100,0,0,,,,,,,,,,,,50,NEUTRAL,kite:2026-05-08,2026-05-08T12:20:47.414Z
675GS2029-GS,GOI LOAN   6.75% 2029,NSE EQ,103.2,1.15,1.13,103.2,103.2,103.2,102.05,11500,11500,,,,,,,,,,,,50,NEUTRAL,kite:2026-05-08,2026-05-08T12:20:47.414Z
675KA33A-SG,SDL KA 6.75% 2033,NSE EQ,101.1,0,0,0,101.1,101.1,101.1,0,0,,,,,,,,,,,,50,NEUTRAL,kite:2026-05-08,2026-05-08T12:20:47.414Z
676GS2061-GS,GOI LOAN  6.76% 2061,NSE EQ,91.79,0.59,0.65,91.8,91.8,91.5,91.2,5519,5519,,,,,,,,,,,,50,NEUTRAL,kite:2026-05-08,2026-05-08T12:20:47.414Z
678MH31-SG,SDL MH 6.78% 2031,NSE EQ,98.4,0,0,0,98.4,98.4,98.4,0,0,,,,,,,,,,,,50,NEUTRAL,kite:2026-05-08,2026-05-08T12:20:47.414Z
679GS2027-GS,GOI LOAN 6.79% 2027,NSE EQ,103,0,0,0,103,102.8,103,0,0,,,,,,,,,,,,50,NEUTRAL,kite:2026-05-08,2026-05-08T12:20:47.414Z
679GS2029-GS,GOI LOAN 6.79% 2029,NSE EQ,103.01,0,0,0,104.15,103.01,103.01,0,0,,,,,,,,,,,,50,NEUTRAL,kite:2026-05-08,2026-05-08T12:20:47.414Z
679GS2031-GS,GOI LOAN   6.79% 2031,NSE EQ,102,0,0,0,102,102,102,0,0,,,,,,,,,,,,50,NEUTRAL,kite:2026-05-08,2026-05-08T12:20:47.414Z
679GS2034-GS,GOI LOAN  6.79% 2034,NSE EQ,99.25,0.5,0.51,100.25,100.25,99.25,98.75,18100,18100,,,,,,,,,,,,50,NEUTRAL,kite:2026-05-08,2026-05-08T12:20:47.414Z
679GS2034A-GS,GOI LOAN   6.79% 2034,NSE EQ,96,0,0,96,96,96,96,100,100,,,,,,,,,,,,50,NEUTRAL,kite:2026-05-08,2026-05-08T12:20:47.414Z
681HR39-SG,SDL HR 6.81% 2039,NSE EQ,100,0,0,0,0,0,100,0,0,,,,,,,,,,,,50,NEUTRAL,kite:2026-05-08,2026-05-08T12:20:47.414Z
683GJ30-SG,SDL GJ 6.83% 2030,NSE EQ,97.4,0,0,0,97.4,97.4,97.4,0,0,,,,,,,,,,,,50,NEUTRAL,kite:2026-05-08,2026-05-08T12:20:47.414Z
683MH32A-SG,SDL MH 6.83% 2032,NSE EQ,96,0,0,0,96,96,96,0,0,,,,,,,,,,,,50,NEUTRAL,kite:2026-05-08,2026-05-08T12:20:47.414Z
683MH32B-SG,SDL MH 6.83% 2032,NSE EQ,93,0,0,0,93,93,93,0,0,,,,,,,,,,,,50,NEUTRAL,kite:2026-05-08,2026-05-08T12:20:47.414Z
683TN31A-SG,SDL TN 6.83% 2031,NSE EQ,95.24,0,0,0,95.24,95.24,95.24,0,0,,,,,,,,,,,,50,NEUTRAL,kite:2026-05-08,2026-05-08T12:20:47.414Z
686PN33-SG,SDL PN 6.86% 2033,NSE EQ,104.2,0,0,0,104.2,104.2,104.2,0,0,,,,,,,,,,,,50,NEUTRAL,kite:2026-05-08,2026-05-08T12:20:47.414Z
686RJ52-SG,SDL RJ 6.86% 2052,NSE EQ,95,0,0,0,95,95,95,0,0,,,,,,,,,,,,50,NEUTRAL,kite:2026-05-08,2026-05-08T12:20:47.414Z
687AP35-SG,SDL AP 6.87% 2035,NSE EQ,95,0,0,0,95,95,95,0,0,,,,,,,,,,,,50,NEUTRAL,kite:2026-05-08,2026-05-08T12:20:47.414Z
687AS31A-SG,SDL AS 6.87% 2031,NSE EQ,95,0,0,0,95,95,95,0,0,,,,,,,,,,,,50,NEUTRAL,kite:2026-05-08,2026-05-08T12:20:47.414Z
687MH33-SG,SDL MH 6.87% 2033,NSE EQ,99.5,0,0,0,99.5,99.5,99.5,0,0,,,,,,,,,,,,50,NEUTRAL,kite:2026-05-08,2026-05-08T12:20:47.414Z
689GA31-SG,SDL GA 6.89% 2031,NSE EQ,98.2,0,0,0,98.2,98.2,98.2,0,0,,,,,,,,,,,,50,NEUTRAL,kite:2026-05-08,2026-05-08T12:20:47.414Z
689MH31-SG,SDL MH 6.89% 2031,NSE EQ,93.85,0,0,0,93.85,93.85,93.85,0,0,,,,,,,,,,,,50,NEUTRAL,kite:2026-05-08,2026-05-08T12:20:47.414Z
690GS2065-GS,GOI LOAN  6.90% 2065,NSE EQ,91.94,0.14,0.15,91.8,91.97,91.23,91.8,42990,42990,,,,,,,,,,,,50,NEUTRAL,kite:2026-05-08,2026-05-08T12:20:47.414Z
691GJ30-SG,SDL GJ 6.91% 2030,NSE EQ,81.47,0,0,0,81.47,81.47,81.47,0,0,,,,,,,,,,,,50,NEUTRAL,kite:2026-05-08,2026-05-08T12:20:47.414Z
691MH33-SG,SDL MH 6.91% 2033,NSE EQ,96,0,0,0,96,96,96,0,0,,,,,,,,,,,,50,NEUTRAL,kite:2026-05-08,2026-05-08T12:20:47.414Z
692GS2039-GS,GOI LOAN   6.92% 2039,NSE EQ,100.5,0,0,0,100.5,100.5,100.5,0,0,,,,,,,,,,,,50,NEUTRAL,kite:2026-05-08,2026-05-08T12:20:47.414Z
693GJ31A-SG,SDL GJ 6.93% 2031,NSE EQ,101,0,0,0,101,101,101,0,0,,,,,,,,,,,,50,NEUTRAL,kite:2026-05-08,2026-05-08T12:20:47.414Z
694MH31-SG,SDL MH 6.94% 2031,NSE EQ,88.2,0,0,0,88.2,88.2,88.2,0,0,,,,,,,,,,,,50,NEUTRAL,kite:2026-05-08,2026-05-08T12:20:47.414Z
694TN50-SG,SDL TN 6.94% 2050,NSE EQ,105.2,0,0,0,105.2,105.2,105.2,0,0,,,,,,,,,,,,50,NEUTRAL,kite:2026-05-08,2026-05-08T12:20:47.414Z
695GS2061-GS,GOI LOAN  6.95% 2061,NSE EQ,94.5,0,0,94.5,94.5,94.5,94.5,2648,2648,,,,,,,,,,,,50,NEUTRAL,kite:2026-05-08,2026-05-08T12:20:47.414Z
695MH31-SG,SDL MH 6.95% 2031,NSE EQ,95,0,0,0,95,95,95,0,0,,,,,,,,,,,,50,NEUTRAL,kite:2026-05-08,2026-05-08T12:20:47.414Z
695PN31-SG,SDL PN 6.95% 2031,NSE EQ,83,0,0,0,83,83,83,0,0,,,,,,,,,,,,50,NEUTRAL,kite:2026-05-08,2026-05-08T12:20:47.414Z
695RJ31-SG,SDL RJ 6.95% 2031,NSE EQ,100.95,0,0,0,100.95,100.95,100.95,0,0,,,,,,,,,,,,50,NEUTRAL,kite:2026-05-08,2026-05-08T12:20:47.414Z
695TN31-SG,SDL TN 6.95% 2031,NSE EQ,96.7,0,0,0,96.7,96.7,96.7,0,0,,,,,,,,,,,,50,NEUTRAL,kite:2026-05-08,2026-05-08T12:20:47.414Z
695TN31A-SG,SDL TN 6.95% 2031,NSE EQ,97.64,0,0,0,97.64,97.64,97.64,0,0,,,,,,,,,,,,50,NEUTRAL,kite:2026-05-08,2026-05-08T12:20:47.414Z
696TN56-SG,SDL TN 6.96% 2056,NSE EQ,91.6,0,0,0,91.6,91.6,91.6,0,0,,,,,,,,,,,,50,NEUTRAL,kite:2026-05-08,2026-05-08T12:20:47.414Z
697GR2034-GS,GOI LOAN   6.97% 2034,NSE EQ,98.62,0,0,0,98.63,98.62,98.62,0,0,,,,,,,,,,,,50,NEUTRAL,kite:2026-05-08,2026-05-08T12:20:47.414Z
697GS2026-GS,GOI LOAN 6.97% 2026,NSE EQ,103.69,0,0,0,103.69,103.69,103.69,0,0,,,,,,,,,,,,50,NEUTRAL,kite:2026-05-08,2026-05-08T12:20:47.414Z
697RJ31-SG,SDL RJ 6.97% 2031,NSE EQ,96.75,0,0,0,96.75,96.75,96.75,0,0,,,,,,,,,,,,50,NEUTRAL,kite:2026-05-08,2026-05-08T12:20:47.414Z
698GR2054-GS,GOI LOAN   6.98% 2054,NSE EQ,95,0,0,0,95,95,95,0,0,,,,,,,,,,,,50,NEUTRAL,kite:2026-05-08,2026-05-08T12:20:47.414Z
698HR31-SG,SDL HR 6.98% 2031,NSE EQ,95.55,0,0,0,95.55,95.55,95.55,0,0,,,,,,,,,,,,50,NEUTRAL,kite:2026-05-08,2026-05-08T12:20:47.414Z
698MH28-SG,SDL MH 6.98% 2028,NSE EQ,100.78,0,0,0,100.78,100.78,100.78,0,0,,,,,,,,,,,,50,NEUTRAL,kite:2026-05-08,2026-05-08T12:20:47.414Z
699GA31-SG,SDL GA 6.99% 2031,NSE EQ,81.47,0,0,0,81.47,81.47,81.47,0,0,,,,,,,,,,,,50,NEUTRAL,kite:2026-05-08,2026-05-08T12:20:47.414Z
699GS2051-GS,GOI LOAN  6.99% 2051,NSE EQ,96.12,0.09,0.09,97.95,97.95,96.11,96.03,435,435,,,,,,,,,,,,50,NEUTRAL,kite:2026-05-08,2026-05-08T12:20:47.414Z
699PY29-SG,SDL PY 6.99% 2029,NSE EQ,90.25,0,0,0,90.25,90.25,90.25,0,0,,,,,,,,,,,,50,NEUTRAL,kite:2026-05-08,2026-05-08T12:20:47.414Z
699TN32-SG,SDL TN 6.99% 2032,NSE EQ,93.1,0,0,0,93.1,93.1,93.1,0,0,,,,,,,,,,,,50,NEUTRAL,kite:2026-05-08,2026-05-08T12:20:47.414Z
699TN41-SG,SDL TN 6.99% 2041,NSE EQ,104.95,0,0,0,104.95,104.95,104.95,0,0,,,,,,,,,,,,50,NEUTRAL,kite:2026-05-08,2026-05-08T12:20:47.414Z
702GS2027-GS,GOI LOAN  7.02% 2027,NSE EQ,103.21,0,0,0,103.21,102.91,103.21,0,0,,,,,,,,,,,,50,NEUTRAL,kite:2026-05-08,2026-05-08T12:20:47.414Z
702GS2031-GS,GOI LOAN  7.02% 2031,NSE EQ,102.8,0,0,0,103,102.51,102.8,0,0,,,,,,,,,,,,50,NEUTRAL,kite:2026-05-08,2026-05-08T12:20:47.414Z
703RJ36-SG,SDL RJ 7.03% 2036,NSE EQ,97.86,0,0,0,97.86,97.86,97.86,0,0,,,,,,,,,,,,50,NEUTRAL,kite:2026-05-08,2026-05-08T12:20:47.414Z
703TN30-SG,SDL TN 7.03% 2030,NSE EQ,95,0,0,0,95,95,95,0,0,,,,,,,,,,,,50,NEUTRAL,kite:2026-05-08,2026-05-08T12:20:47.414Z
704GJ30-SG,SDL GJ 7.04% 2030,NSE EQ,99.63,0,0,0,99.63,99.63,99.63,0,0,,,,,,,,,,,,50,NEUTRAL,kite:2026-05-08,2026-05-08T12:20:47.414Z
704GS2029-GS,GOI LOAN  7.04% 2029,NSE EQ,104.5,0,0,0,104.5,104.5,104.5,0,0,,,,,,,,,,,,50,NEUTRAL,kite:2026-05-08,2026-05-08T12:20:47.414Z
704IRFC28-N6,704IRFC28-N6,NSE EQ,1111.9,0,0,0,1111.99,1111.9,1111.9,0,0,,,,,,,,,,,,50,NEUTRAL,kite:2026-05-08,2026-05-08T12:20:47.414Z
704REC28-N4,704REC28-N4,NSE EQ,1166,0,0,0,1166,1166,1166,0,0,,,,,,,,,,,,50,NEUTRAL,kite:2026-05-08,2026-05-08T12:20:47.414Z
705PFCL41-NA,705PFCL41-NA,NSE EQ,994.99,0,0,0,994.99,994.99,994.99,0,0,,,,,,,,,,,,50,NEUTRAL,kite:2026-05-08,2026-05-08T12:20:47.414Z
706GS2028-GS,GOI LOAN  7.06% 2028,NSE EQ,101.9,0.35,0.34,101.9,101.9,101.9,101.55,500,500,,,,,,,,,,,,50,NEUTRAL,kite:2026-05-08,2026-05-08T12:20:47.414Z
706GS2046-GS,GOI LOAN 7.06% 2046,NSE EQ,98.5,0,0,0,99,98.5,98.5,0,0,,,,,,,,,,,,50,NEUTRAL,kite:2026-05-08,2026-05-08T12:20:47.414Z
706WB36-SG,SDL WB 7.06% 2036,NSE EQ,98.16,0,0,0,98.16,98.16,98.16,0,0,,,,,,,,,,,,50,NEUTRAL,kite:2026-05-08,2026-05-08T12:20:47.414Z
707MH33-SG,SDL MH 7.07% 2033,NSE EQ,96.5,0,0,0,96.5,96.5,96.5,0,0,,,,,,,,,,,,50,NEUTRAL,kite:2026-05-08,2026-05-08T12:20:47.414Z
707TN38-SG,SDL TN 7.07% 2038,NSE EQ,99.45,0,0,0,99.45,99.45,99.45,0,0,,,,,,,,,,,,50,NEUTRAL,kite:2026-05-08,2026-05-08T12:20:47.414Z
708RJ30-SG,SDL RJ 7.08% 2030,NSE EQ,101,0,0,0,101,101,101,0,0,,,,,,,,,,,,50,NEUTRAL,kite:2026-05-08,2026-05-08T12:20:47.414Z
709GS2054-GS,GOI LOAN  7.09% 2054,NSE EQ,97.14,-0.36,-0.37,97.51,97.51,96.7,97.5,76349,76349,,,,,,,,,,,,50,NEUTRAL,kite:2026-05-08,2026-05-08T12:20:47.414Z
709GS2074-GS,GOI LOAN   7.09% 2074,NSE EQ,97.4,0.49,0.51,96.4,97.5,96.4,96.91,1116,1116,,,,,,,,,,,,50,NEUTRAL,kite:2026-05-08,2026-05-08T12:20:47.414Z
709KL52-SG,SDL KL 7.09% 2052,NSE EQ,95,0,0,0,95,95,95,0,0,,,,,,,,,,,,50,NEUTRAL,kite:2026-05-08,2026-05-08T12:20:47.414Z
709TN35-SG,SDL TN 7.09% 2035,NSE EQ,99,0,0,0,99,99,99,0,0,,,,,,,,,,,,50,NEUTRAL,kite:2026-05-08,2026-05-08T12:20:47.414Z
709TS58-SG,SDL TS 7.09% 2058,NSE EQ,95.29,0,0,0,95.29,95.29,95.29,0,0,,,,,,,,,,,,50,NEUTRAL,kite:2026-05-08,2026-05-08T12:20:47.414Z
709TS60-SG,SDL TS 7.09% 2060,NSE EQ,95.5,0,0,0,95.5,95.5,95.5,0,0,,,,,,,,,,,,50,NEUTRAL,kite:2026-05-08,2026-05-08T12:20:47.414Z
710GS2029-GS,GOI LOAN 7.10% 2029,NSE EQ,101.86,-0.13,-0.13,101.86,101.86,101.86,101.99,10000,10000,,,,,,,,,,,,50,NEUTRAL,kite:2026-05-08,2026-05-08T12:20:47.414Z
711GJ31-SG,SDL GJ 7.11% 2031,NSE EQ,101.47,0,0,0,101.47,101.47,101.47,0,0,,,,,,,,,,,,50,NEUTRAL,kite:2026-05-08,2026-05-08T12:20:47.414Z
711WB44-SG,SDL WB 7.11% 2044,NSE EQ,100,0,0,0,100,100,100,0,0,,,,,,,,,,,,50,NEUTRAL,kite:2026-05-08,2026-05-08T12:20:47.414Z
712AP37-SG,SDL AP 7.12% 2037,NSE EQ,95,0,0,0,95,95,95,0,0,,,,,,,,,,,,50,NEUTRAL,kite:2026-05-08,2026-05-08T12:20:47.414Z
712MZ34-SG,SDL MZ 7.12% 2034,NSE EQ,97.68,0,0,0,97.68,97.68,97.68,0,0,,,,,,,,,,,,50,NEUTRAL,kite:2026-05-08,2026-05-08T12:20:47.414Z
713HR36-SG,SDL HR 7.13% 2036,NSE EQ,94.76,0,0,0,94.76,94.76,94.76,0,0,,,,,,,,,,,,50,NEUTRAL,kite:2026-05-08,2026-05-08T12:20:47.414Z
713KL58-SG,SDL KL 7.13% 2058,NSE EQ,100,0,0,0,100,100,100,0,0,,,,,,,,,,,,50,NEUTRAL,kite:2026-05-08,2026-05-08T12:20:47.414Z
713MH37-SG,SDL MH 7.13% 2037,NSE EQ,94.05,0,0,0,94.05,94.05,94.05,0,0,,,,,,,,,,,,50,NEUTRAL,kite:2026-05-08,2026-05-08T12:20:47.414Z
713TN47-SG,SDL TN 7.13% 2047,NSE EQ,95,0,0,0,95,95,95,0,0,,,,,,,,,,,,50,NEUTRAL,kite:2026-05-08,2026-05-08T12:20:47.414Z
714AP37-SG,SDL AP 7.14% 2037,NSE EQ,97.23,0,0,0,97.23,97.23,97.23,0,0,,,,,,,,,,,,50,NEUTRAL,kite:2026-05-08,2026-05-08T12:20:47.414Z
714AP41-SG,SDL AP 7.14% 2041,NSE EQ,104.9,0,0,0,104.9,104.9,104.9,0,0,,,,,,,,,,,,50,NEUTRAL,kite:2026-05-08,2026-05-08T12:20:47.414Z
714CG32-SG,SDL CG 7.14% 2032,NSE EQ,96.42,0,0,0,96.42,96.42,96.42,0,0,,,,,,,,,,,,50,NEUTRAL,kite:2026-05-08,2026-05-08T12:20:47.414Z
714JK40-SG,SDL JK 7.14% 2040,NSE EQ,98,0,0,0,98,98,98,0,0,,,,,,,,,,,,50,NEUTRAL,kite:2026-05-08,2026-05-08T12:20:47.414Z
715AS35-SG,SDL AS 7.15% 2035,NSE EQ,97.04,0,0,0,97.04,97.04,97.04,0,0,,,,,,,,,,,,50,NEUTRAL,kite:2026-05-08,2026-05-08T12:20:47.414Z
716GS2050-GS,GOI LOAN 7.16% 2050,NSE EQ,99.2,0,0,99.2,99.2,99.2,99.2,18,18,,,,,,,,,,,,50,NEUTRAL,kite:2026-05-08,2026-05-08T12:20:47.414Z
717GS2028-GS,GOI LOAN 7.17% 2028,NSE EQ,102.3,0,0,0,102.45,102.3,102.3,0,0,,,,,,,,,,,,50,NEUTRAL,kite:2026-05-08,2026-05-08T12:20:47.414Z
717GS2030-GS,GOI LOAN  7.17% 2030,NSE EQ,102.1,-0.9,-0.87,102.1,102.5,102.1,103,24800,24800,,,,,,,,,,,,50,NEUTRAL,kite:2026-05-08,2026-05-08T12:20:47.414Z
718GJ28-SG,SDL GJ 7.18% 2028,NSE EQ,100,0,0,0,100,100,100,0,0,,,,,,,,,,,,50,NEUTRAL,kite:2026-05-08,2026-05-08T12:20:47.414Z
718GS2033-GS,GOI LOAN  7.18% 2033,NSE EQ,103.25,0.85,0.83,103.5,103.5,103.25,102.4,17000,17000,,,,,,,,,,,,50,NEUTRAL,kite:2026-05-08,2026-05-08T12:20:47.414Z
718GS2037-GS,GOI LOAN  7.18% 2037,NSE EQ,103.59,0.19,0.18,103.58,103.7,103.55,103.4,51502,51502,,,,,,,,,,,,50,NEUTRAL,kite:2026-05-08,2026-05-08T12:20:47.414Z
718MH30-SG,SDL MH 7.18% 2030,NSE EQ,97.07,0,0,0,97.07,97.07,97.07,0,0,,,,,,,,,,,,50,NEUTRAL,kite:2026-05-08,2026-05-08T12:20:47.414Z
719AP38-SG,SDL AP 7.19% 2038,NSE EQ,95,0,0,0,95,95,95,0,0,,,,,,,,,,,,50,NEUTRAL,kite:2026-05-08,2026-05-08T12:20:47.414Z
719GS2060-GS,GOI LOAN 7.19% 2060,NSE EQ,100.41,2.41,2.46,100.41,100.41,100.41,98,1,1,,,,,,,,,,,,50,NEUTRAL,kite:2026-05-08,2026-05-08T12:20:47.414Z
719HUDCO28-N7,719HUDCO28-N7,NSE EQ,1054,0,0,0,1054,1054,1054,0,0,,,,,,,,,,,,50,NEUTRAL,kite:2026-05-08,2026-05-08T12:20:47.414Z
719KL51-SG,SDL KL 7.19% 2051,NSE EQ,99,0,0,0,99,99,99,0,0,,,,,,,,,,,,50,NEUTRAL,kite:2026-05-08,2026-05-08T12:20:47.414Z
719PN37-SG,SDL PN 7.19% 2037,NSE EQ,98,0,0,0,98,98,98,0,0,,,,,,,,,,,,50,NEUTRAL,kite:2026-05-08,2026-05-08T12:20:47.414Z
719TN42-SG,SDL TN 7.19% 2042,NSE EQ,102.72,0,0,0,1926,1834.4,102.72,0,0,,,,,,,,,,,,50,NEUTRAL,kite:2026-05-08,2026-05-08T12:20:47.414Z
720PFCL36-N6,720PFCL36-N6,NSE EQ,1021,0,0,0,1021,1021,1021,0,0,,,,,,,,,,,,50,NEUTRAL,kite:2026-05-08,2026-05-08T12:20:47.414Z
722KA35-SG,SDL KA 7.22% 2035,NSE EQ,98.7,0,0,0,98.7,98.7,98.7,0,0,,,,,,,,,,,,50,NEUTRAL,kite:2026-05-08,2026-05-08T12:20:47.414Z
722KA36-SG,SDL KA 7.22% 2036,NSE EQ,95,0,0,0,95,95,95,0,0,,,,,,,,,,,,50,NEUTRAL,kite:2026-05-08,2026-05-08T12:20:47.414Z
722KA38A-SG,SDL KA 7.22% 2038,NSE EQ,96.7,0,0,0,96.7,96.7,96.7,0,0,,,,,,,,,,,,50,NEUTRAL,kite:2026-05-08,2026-05-08T12:20:47.414Z
723GJ27-SG,SDL GJ 7.23% 2027,NSE EQ,100,0,0,0,100,100,100,0,0,,,,,,,,,,,,50,NEUTRAL,kite:2026-05-08,2026-05-08T12:20:47.414Z
723GS2039-GS,GOI LOAN  7.23% 2039,NSE EQ,100,0.4,0.4,100,100,100,99.6,100,100,,,,,,,,,,,,50,NEUTRAL,kite:2026-05-08,2026-05-08T12:20:47.414Z
724GR2033-GS,GOI LOAN 7.24% 2033,NSE EQ,100,0,0,0,100,100,100,0,0,,,,,,,,,,,,50,NEUTRAL,kite:2026-05-08,2026-05-08T12:20:47.414Z
724GS2055-GS,GOI LOAN  7.24% 2055,NSE EQ,98.67,0.17,0.17,98.9,98.9,98.55,98.5,5027,5027,,,,,,,,,,,,50,NEUTRAL,kite:2026-05-08,2026-05-08T12:20:47.414Z
724KA38-SG,SDL KA 7.24% 2038,NSE EQ,99.75,0,0,0,99.75,99.75,99.75,0,0,,,,,,,,,,,,50,NEUTRAL,kite:2026-05-08,2026-05-08T12:20:47.414Z
724UP32-SG,SDL UP 7.24% 2032,NSE EQ,95,0,0,0,95,95,95,0,0,,,,,,,,,,,,50,NEUTRAL,kite:2026-05-08,2026-05-08T12:20:47.414Z
725AP37-SG,SDL AP 7.25% 2037,NSE EQ,95,0,0,0,95,95,95,0,0,,,,,,,,,,,,50,NEUTRAL,kite:2026-05-08,2026-05-08T12:20:47.414Z
725GA35-SG,SDL GA 7.25% 2035,NSE EQ,95,0,0,0,95,95,95,0,0,,,,,,,,,,,,50,NEUTRAL,kite:2026-05-08,2026-05-08T12:20:47.414Z
725GR2028-GS,GOI LOAN   7.25% 2028,NSE EQ,99.45,0,0,0,99.45,99.45,99.45,0,0,,,,,,,,,,,,50,NEUTRAL,kite:2026-05-08,2026-05-08T12:20:47.414Z
725GS2063-GS,GOI LOAN  7.25% 2063,NSE EQ,98.8,-0.3,-0.3,99.7,99.7,98.75,99.1,315145,315145,,,,,,,,,,,,50,NEUTRAL,kite:2026-05-08,2026-05-08T12:20:47.414Z
725HR32-SG,SDL HR 7.25% 2032,NSE EQ,96.51,0,0,0,96.51,96.51,96.51,0,0,,,,,,,,,,,,50,NEUTRAL,kite:2026-05-08,2026-05-08T12:20:47.414Z
725IRFC35-NH,725IRFC35-NH,NSE EQ,1180,0,0,0,1180,1180,1180,0,0,,,,,,,,,,,,50,NEUTRAL,kite:2026-05-08,2026-05-08T12:20:47.414Z
726GS2029-GS,GOI LOAN 7.26% 2029,NSE EQ,102,0,0,0,102,102,102,0,0,,,,,,,,,,,,50,NEUTRAL,kite:2026-05-08,2026-05-08T12:20:47.414Z
726GS2032-GS,GOI LOAN  7.26% 2032,NSE EQ,103,-0.59,-0.57,103,103,103,103.59,1,1,,,,,,,,,,,,50,NEUTRAL,kite:2026-05-08,2026-05-08T12:20:47.414Z
726GS2033-GS,GOI LOAN  7.26% 2033,NSE EQ,104,0,0,0,104,104,104,0,0,,,,,,,,,,,,50,NEUTRAL,kite:2026-05-08,2026-05-08T12:20:47.414Z
726MH41-SG,SDL MH 7.26% 2041,NSE EQ,100.5,0,0,0,100.5,100.5,100.5,0,0,,,,,,,,,,,,50,NEUTRAL,kite:2026-05-08,2026-05-08T12:20:47.414Z
726MH49-SG,SDL MH 7.26% 2049,NSE EQ,95,0,0,0,95,95,95,0,0,,,,,,,,,,,,50,NEUTRAL,kite:2026-05-08,2026-05-08T12:20:47.414Z
727MH30-SG,SDL MH 7.27% 2030,NSE EQ,99,0,0,0,99,99,99,0,0,,,,,,,,,,,,50,NEUTRAL,kite:2026-05-08,2026-05-08T12:20:47.414Z
728IRFC30-NG,728IRFC30-NG,NSE EQ,1325.99,0,0,0,1325.99,1325.99,1325.99,0,0,,,,,,,,,,,,50,NEUTRAL,kite:2026-05-08,2026-05-08T12:20:47.414Z
728JK30-SG,SDL JK 7.28% 2030,NSE EQ,101,0,0,0,101,101,101,0,0,,,,,,,,,,,,50,NEUTRAL,kite:2026-05-08,2026-05-08T12:20:47.414Z
728NTPC30B-N9,728NTPC30B-N9,NSE EQ,1319.9,0,0,0,1319.9,1319.9,1319.9,0,0,,,,,,,,,,,,50,NEUTRAL,kite:2026-05-08,2026-05-08T12:20:47.414Z
729GJ32-SG,SDL GJ 7.29% 2032,NSE EQ,98.5,0,0,0,98.5,98.5,98.5,0,0,,,,,,,,,,,,50,NEUTRAL,kite:2026-05-08,2026-05-08T12:20:47.414Z
729KA36-SG,SDL KA 7.29% 2036,NSE EQ,106.5,0,0,0,106.5,106.5,106.5,0,0,,,,,,,,,,,,50,NEUTRAL,kite:2026-05-08,2026-05-08T12:20:47.414Z
730PFCL41-NC,730PFCL41-NC,NSE EQ,961.11,0.01,0,962,962,961.11,961.1,25,25,,,,,,,,,,,,50,NEUTRAL,kite:2026-05-08,2026-05-08T12:20:47.414Z
732GS2030-GS,GOI LOAN  7.32% 2030,NSE EQ,105.3,0,0,0,105.3,105.3,105.3,0,0,,,,,,,,,,,,50,NEUTRAL,kite:2026-05-08,2026-05-08T12:20:47.414Z
733AP33-SG,SDL AP 7.33% 2033,NSE EQ,100.93,0,0,0,100.93,100.93,100.93,0,0,,,,,,,,,,,,50,NEUTRAL,kite:2026-05-08,2026-05-08T12:20:47.414Z
733GS2026-GS,GOI LOAN  7.33% 2026,NSE EQ,100.43,0,0,0,100.45,100.43,100.43,0,0,,,,,,,,,,,,50,NEUTRAL,kite:2026-05-08,2026-05-08T12:20:47.414Z
733HR36-SG,SDL HR 7.33% 2036,NSE EQ,99,0,0,0,99,99,99,0,0,,,,,,,,,,,,50,NEUTRAL,kite:2026-05-08,2026-05-08T12:20:47.414Z
733MH31-SG,SDL MH 7.33% 2031,NSE EQ,101.81,0,0,0,101.81,101.81,101.81,0,0,,,,,,,,,,,,50,NEUTRAL,kite:2026-05-08,2026-05-08T12:20:47.414Z
733TN33-SG,SDL TN 7.33% 2033,NSE EQ,99.4,0,0,0,99.4,99.4,99.4,0,0,,,,,,,,,,,,50,NEUTRAL,kite:2026-05-08,2026-05-08T12:20:47.414Z
733TN52-SG,SDL TN 7.33% 2052,NSE EQ,99.75,0,0,0,99.75,99.75,99.75,0,0,,,,,,,,,,,,50,NEUTRAL,kite:2026-05-08,2026-05-08T12:20:47.414Z
734GS2064-GS,GOI LOAN  7.34% 2064,NSE EQ,97.21,-0.07,-0.07,97.5,97.5,96.65,97.28,7700,7700,,,,,,,,,,,,50,NEUTRAL,kite:2026-05-08,2026-05-08T12:20:47.414Z
734IRFC28-N4,734IRFC28-N4,NSE EQ,1084,0,0,0,1084,1084,1084,0,0,,,,,,,,,,,,50,NEUTRAL,kite:2026-05-08,2026-05-08T12:20:47.414Z
734RJ33A-SG,SDL RJ 7.34% 2033,NSE EQ,97.6,0,0,0,97.6,97.6,97.6,0,0,,,,,,,,,,,,50,NEUTRAL,kite:2026-05-08,2026-05-08T12:20:47.414Z
734TN43-SG,SDL TN 7.34% 2043,NSE EQ,90,0,0,0,90,90,90,0,0,,,,,,,,,,,,50,NEUTRAL,kite:2026-05-08,2026-05-08T12:20:47.414Z
735IRFC31-NM,735IRFC31-NM,NSE EQ,1115.2,0,0,0,1115.2,1115.2,1115.2,0,0,,,,,,,,,,,,50,NEUTRAL,kite:2026-05-08,2026-05-08T12:20:47.414Z
735NABAR31-N1,735NABAR31-N1,NSE EQ,1084,0,0,0,1084,1084,1084,0,0,,,,,,,,,,,,50,NEUTRAL,kite:2026-05-08,2026-05-08T12:20:47.414Z
735NHAI31-N9,735NHAI31-N9,NSE EQ,1184.99,95.99,8.81,1095,1190.01,1085,1089,5070,5070,,,,,,,,,,,,54,NEUTRAL,kite:2026-05-08,2026-05-08T12:20:47.414Z
735PFCL35-N1,735PFCL35-N1,NSE EQ,1169.8,0,0,0,1169.8,1169.8,1169.8,0,0,,,,,,,,,,,,50,NEUTRAL,kite:2026-05-08,2026-05-08T12:20:47.414Z
735TN43-SG,SDL TN 7.35% 2043,NSE EQ,97,0,0,0,97,96.5,97,0,0,,,,,,,,,,,,50,NEUTRAL,kite:2026-05-08,2026-05-08T12:20:47.414Z
736GS2052-GS,GOI LOAN  7.36% 2052,NSE EQ,97,-4,-3.96,97,97,97,101,99,99,,,,,,,,,,,,46,NEUTRAL,kite:2026-05-08,2026-05-08T12:20:47.414Z
736MH28-SG,SDL MH 7.36% 2028,NSE EQ,95.5,0,0,0,95.5,95.5,95.5,0,0,,,,,,,,,,,,50,NEUTRAL,kite:2026-05-08,2026-05-08T12:20:47.414Z
736PFCL28-N2,736PFCL28-N2,NSE EQ,1047.05,0,0,0,1052,1047.03,1047.05,0,0,,,,,,,,,,,,50,NEUTRAL,kite:2026-05-08,2026-05-08T12:20:47.414Z
736TN43-SG,SDL TN 7.36% 2043,NSE EQ,100,0,0,0,0,0,100,0,0,,,,,,,,,,,,50,NEUTRAL,kite:2026-05-08,2026-05-08T12:20:47.414Z
737GR2054-GS,GOI LOAN   7.37% 2054,NSE EQ,102,0,0,102,102,102,102,200,200,,,,,,,,,,,,50,NEUTRAL,kite:2026-05-08,2026-05-08T12:20:47.414Z
737GS2028-GS,GOI LOAN  7.37% 2028,NSE EQ,102.11,-0.49,-0.48,102,102.5,102,102.6,1105,1105,,,,,,,,,,,,50,NEUTRAL,kite:2026-05-08,2026-05-08T12:20:47.414Z
737KA38A-SG,SDL KA 7.37% 2038,NSE EQ,97.51,0,0,0,97.51,97.51,97.51,0,0,,,,,,,,,,,,50,NEUTRAL,kite:2026-05-08,2026-05-08T12:20:47.414Z
737NTPC35C-NA,737NTPC35C-NA,NSE EQ,1200,0,0,0,1200,1200,1200,0,0,,,,,,,,,,,,50,NEUTRAL,kite:2026-05-08,2026-05-08T12:20:47.414Z
738CG32-SG,SDL CG 7.38% 2032,NSE EQ,100,0,0,0,100,100,100,0,0,,,,,,,,,,,,50,NEUTRAL,kite:2026-05-08,2026-05-08T12:20:47.414Z
738GJ30-SG,SDL GJ 7.38% 2030,NSE EQ,97.67,0,0,0,97.67,97.67,97.67,0,0,,,,,,,,,,,,50,NEUTRAL,kite:2026-05-08,2026-05-08T12:20:47.414Z
738GS2027-GS,GOI LOAN 7.38% 2027,NSE EQ,104.15,0,0,104.1,104.15,104.05,104.15,15383,15383,,,,,,,,,,,,50,NEUTRAL,kite:2026-05-08,2026-05-08T12:20:47.414Z
738HR34-SG,SDL HR 7.38% 2034,NSE EQ,95.06,0,0,0,95.06,95.06,95.06,0,0,,,,,,,,,,,,50,NEUTRAL,kite:2026-05-08,2026-05-08T12:20:47.414Z
738REC27TF-N2,738REC27TF-N2,NSE EQ,1054,-4,-0.38,1058,1059,1054,1058,211,211,,,,,,,,,,,,50,NEUTRAL,kite:2026-05-08,2026-05-08T12:20:47.414Z
739CG33-SG,SDL CG 7.39% 2033,NSE EQ,100.62,0,0,0,100.62,100.62,100.62,0,0,,,,,,,,,,,,50,NEUTRAL,kite:2026-05-08,2026-05-08T12:20:47.414Z
739ML26-SG,SDL ML 7.39% 2026,NSE EQ,99,0,0,0,99,99,99,0,0,,,,,,,,,,,,50,NEUTRAL,kite:2026-05-08,2026-05-08T12:20:47.414Z
739NHAI31A-ND,739NHAI31A-ND,NSE EQ,1118.15,0,0,0,1118.15,1106.5,1118.15,0,0,,,,,,,,,,,,50,NEUTRAL,kite:2026-05-08,2026-05-08T12:20:47.414Z
739TN33-SG,SDL TN 7.39% 2033,NSE EQ,95,0,0,0,95,95,95,0,0,,,,,,,,,,,,50,NEUTRAL,kite:2026-05-08,2026-05-08T12:20:47.414Z
739TN42-SG,SDL TN 7.39% 2042,NSE EQ,100.7,0,0,0,100.7,100.7,100.7,0,0,,,,,,,,,,,,50,NEUTRAL,kite:2026-05-08,2026-05-08T12:20:47.414Z
739UK30-SG,SDL UK 7.39% 2030,NSE EQ,97.76,0,0,0,97.76,97.76,97.76,0,0,,,,,,,,,,,,50,NEUTRAL,kite:2026-05-08,2026-05-08T12:20:47.414Z
740IIFCL33-N1,740IIFCL33-N1,NSE EQ,1114.6,0,0,0,1114.6,1114.6,1114.6,0,0,,,,,,,,,,,,50,NEUTRAL,kite:2026-05-08,2026-05-08T12:20:47.414Z
741AP30-SG,SDL AP 7.41% 2030,NSE EQ,100.2,0,0,0,100.2,100.2,100.2,0,0,,,,,,,,,,,,50,NEUTRAL,kite:2026-05-08,2026-05-08T12:20:47.414Z
741GS2036-GS,GOI LOAN  7.41% 2036,NSE EQ,105.47,-0.03,-0.03,105.52,105.52,105,105.5,19118,19118,,,,,,,,,,,,50,NEUTRAL,kite:2026-05-08,2026-05-08T12:20:47.414Z
741RJ34-SG,SDL RJ 7.41% 2034,NSE EQ,102.8,0,0,0,102.8,102.8,102.8,0,0,,,,,,,,,,,,50,NEUTRAL,kite:2026-05-08,2026-05-08T12:20:47.414Z
742GJ31-SG,SDL GJ 7.42% 2031,NSE EQ,94.64,0,0,0,94.64,94.64,94.64,0,0,,,,,,,,,,,,50,NEUTRAL,kite:2026-05-08,2026-05-08T12:20:47.414Z
742GJ33-SG,SDL GJ 7.42% 2033,NSE EQ,96.32,0,0,0,96.32,96.32,96.32,0,0,,,,,,,,,,,,50,NEUTRAL,kite:2026-05-08,2026-05-08T12:20:47.414Z
742HP38-SG,SDL HP 7.42% 2038,NSE EQ,99.9,0,0,0,99.9,99.9,99.9,0,0,,,,,,,,,,,,50,NEUTRAL,kite:2026-05-08,2026-05-08T12:20:47.414Z
743AP31-SG,SDL AP 7.43% 2031,NSE EQ,100.15,0,0,0,100.15,100.15,100.15,0,0,,,,,,,,,,,,50,NEUTRAL,kite:2026-05-08,2026-05-08T12:20:47.414Z
743AP39-SG,SDL AP 7.43% 2039,NSE EQ,95.6,0,0,0,95.6,95.6,95.6,0,0,,,,,,,,,,,,50,NEUTRAL,kite:2026-05-08,2026-05-08T12:20:47.414Z
743AP41-SG,SDL AP 7.43% 2041,NSE EQ,99.75,0,0,0,99.75,99.75,99.75,0,0,,,,,,,,,,,,50,NEUTRAL,kite:2026-05-08,2026-05-08T12:20:47.414Z
743CG29-SG,SDL CG 7.43% 2029,NSE EQ,101.98,0,0,0,101.98,101.98,101.98,0,0,,,,,,,,,,,,50,NEUTRAL,kite:2026-05-08,2026-05-08T12:20:47.414Z
743GJ31-SG,SDL GJ 7.43% 2031,NSE EQ,101,0,0,0,101,101,101,0,0,,,,,,,,,,,,50,NEUTRAL,kite:2026-05-08,2026-05-08T12:20:47.414Z
743GS2076-GS,GOI LOAN  7.43% 2076,NSE EQ,101.1,0.6,0.6,98.85,101.1,98.85,100.5,25108,25108,,,,,,,,,,,,50,NEUTRAL,kite:2026-05-08,2026-05-08T12:20:47.414Z
743MH35-SG,SDL MH 7.43% 2035,NSE EQ,97.14,0,0,0,97.14,97.14,97.14,0,0,,,,,,,,,,,,50,NEUTRAL,kite:2026-05-08,2026-05-08T12:20:47.414Z
743PN48-SG,SDL PN 7.43% 2048,NSE EQ,98.21,0,0,0,98.45,98.21,98.21,0,0,,,,,,,,,,,,50,NEUTRAL,kite:2026-05-08,2026-05-08T12:20:47.414Z
743REC35-NH,743REC35-NH,NSE EQ,1180,0,0,0,1180,1180,1180,0,0,,,,,,,,,,,,50,NEUTRAL,kite:2026-05-08,2026-05-08T12:20:47.414Z
743TN33-SG,SDL TN 7.43% 2033,NSE EQ,95,0,0,0,95,95,95,0,0,,,,,,,,,,,,50,NEUTRAL,kite:2026-05-08,2026-05-08T12:20:47.414Z
743TN53-SG,SDL TN 7.43% 2053,NSE EQ,99.9,0,0,0,99.9,99.9,99.9,0,0,,,,,,,,,,,,50,NEUTRAL,kite:2026-05-08,2026-05-08T12:20:47.414Z
743TS33-SG,SDL TS 7.43% 2033,NSE EQ,99,0,0,0,99,99,99,0,0,,,,,,,,,,,,50,NEUTRAL,kite:2026-05-08,2026-05-08T12:20:47.414Z
744AP33-SG,SDL AP 7.44% 2033,NSE EQ,101.09,0,0,0,101.09,101.09,101.09,0,0,,,,,,,,,,,,50,NEUTRAL,kite:2026-05-08,2026-05-08T12:20:47.414Z
744AP36-SG,SDL AP 7.44% 2036,NSE EQ,101.9,0,0,0,101.9,101.9,101.9,0,0,,,,,,,,,,,,50,NEUTRAL,kite:2026-05-08,2026-05-08T12:20:47.414Z
744JK53-SG,SDL JK 7.44% 2053,NSE EQ,98.49,0,0,0,98.49,98.49,98.49,0,0,,,,,,,,,,,,50,NEUTRAL,kite:2026-05-08,2026-05-08T12:20:47.414Z
744KA35-SG,SDL KA 7.44% 2035,NSE EQ,99.01,0,0,0,99.01,99.01,99.01,0,0,,,,,,,,,,,,50,NEUTRAL,kite:2026-05-08,2026-05-08T12:20:47.414Z
744KL50-SG,SDL KL 7.44% 2050,NSE EQ,97,0,0,0,97,97,97,0,0,,,,,,,,,,,,50,NEUTRAL,kite:2026-05-08,2026-05-08T12:20:47.414Z
744TS39A-SG,SDL TS 7.44% 2039,NSE EQ,97.77,0,0,0,97.77,97.77,97.77,0,0,,,,,,,,,,,,50,NEUTRAL,kite:2026-05-08,2026-05-08T12:20:47.414Z
744TS45-SG,SDL TS 7.44% 2045,NSE EQ,99,0,0,0,99,99,99,0,0,,,,,,,,,,,,50,NEUTRAL,kite:2026-05-08,2026-05-08T12:20:47.414Z
744TS48-SG,SDL TS 7.44% 2048,NSE EQ,95,0,0,0,95,95,95,0,0,,,,,,,,,,,,50,NEUTRAL,kite:2026-05-08,2026-05-08T12:20:47.414Z
744TS49-SG,SDL TS 7.44% 2049,NSE EQ,99,0,0,0,99,99,99,0,0,,,,,,,,,,,,50,NEUTRAL,kite:2026-05-08,2026-05-08T12:20:47.414Z
744TS51A-SG,SDL TS 7.44% 2051,NSE EQ,97,0,0,0,97,97,97,0,0,,,,,,,,,,,,50,NEUTRAL,kite:2026-05-08,2026-05-08T12:20:47.414Z
744TS53-SG,SDL TS 7.44% 2053,NSE EQ,91.14,0,0,0,91.14,91.14,91.14,0,0,,,,,,,,,,,,50,NEUTRAL,kite:2026-05-08,2026-05-08T12:20:47.414Z
745AP34-SG,SDL AP 7.45% 2034,NSE EQ,97.75,0,0,0,97.75,97.75,97.75,0,0,,,,,,,,,,,,50,NEUTRAL,kite:2026-05-08,2026-05-08T12:20:47.414Z
745AP37-SG,SDL AP 7.45% 2037,NSE EQ,102.63,0,0,0,102.63,102.63,102.63,0,0,,,,,,,,,,,,50,NEUTRAL,kite:2026-05-08,2026-05-08T12:20:47.414Z
745AP38-SG,SDL AP 7.45% 2038,NSE EQ,100,0,0,0,100,100,100,0,0,,,,,,,,,,,,50,NEUTRAL,kite:2026-05-08,2026-05-08T12:20:47.414Z
745AP42-SG,SDL AP 7.45% 2042,NSE EQ,99,0,0,0,99,99,99,0,0,,,,,,,,,,,,50,NEUTRAL,kite:2026-05-08,2026-05-08T12:20:47.414Z
745BR50-SG,SDL BR 7.45% 2050,NSE EQ,99,0,0,0,99,99,99,0,0,,,,,,,,,,,,50,NEUTRAL,kite:2026-05-08,2026-05-08T12:20:47.414Z
745GJ31-SG,SDL GJ 7.45% 2031,NSE EQ,100.25,0,0,0,100.25,100.25,100.25,0,0,,,,,,,,,,,,50,NEUTRAL,kite:2026-05-08,2026-05-08T12:20:47.414Z
745RJ33-SG,SDL RJ 7.45% 2033,NSE EQ,100.03,0,0,0,100.03,100.03,100.03,0,0,,,,,,,,,,,,50,NEUTRAL,kite:2026-05-08,2026-05-08T12:20:47.414Z
746AP27-SG,SDL AP 7.46% 2027,NSE EQ,100.74,0,0,0,100.74,100.74,100.74,0,0,,,,,,,,,,,,50,NEUTRAL,kite:2026-05-08,2026-05-08T12:20:47.414Z
746GS2073-GS,GOI LOAN  7.46% 2073,NSE EQ,100.01,0.26,0.26,100.5,100.5,100.01,99.75,3100,3100,,,,,,,,,,,,50,NEUTRAL,kite:2026-05-08,2026-05-08T12:20:47.414Z
746MH33-SG,SDL MH 7.46% 2033,NSE EQ,97.76,0,0,0,97.76,97.76,97.76,0,0,,,,,,,,,,,,50,NEUTRAL,kite:2026-05-08,2026-05-08T12:20:47.414Z
746TS30-SG,SDL TS 7.46% 2030,NSE EQ,100.87,0,0,0,100.87,100.87,100.87,0,0,,,,,,,,,,,,50,NEUTRAL,kite:2026-05-08,2026-05-08T12:20:47.414Z
746TS48-SG,SDL TS 7.46% 2048,NSE EQ,97.6,0,0,0,97.6,97.6,97.6,0,0,,,,,,,,,,,,50,NEUTRAL,kite:2026-05-08,2026-05-08T12:20:47.414Z
746TS49-SG,SDL TS 7.46% 2049,NSE EQ,99,0,0,0,99,99,99,0,0,,,,,,,,,,,,50,NEUTRAL,kite:2026-05-08,2026-05-08T12:20:47.414Z
747AP32-SG,SDL AP 7.47% 2032,NSE EQ,99.75,0,0,0,99.75,99.75,99.75,0,0,,,,,,,,,,,,50,NEUTRAL,kite:2026-05-08,2026-05-08T12:20:47.414Z
747AS28-SG,SDL AS 7.47% 2028,NSE EQ,99.57,0,0,0,99.57,99.57,99.57,0,0,,,,,,,,,,,,50,NEUTRAL,kite:2026-05-08,2026-05-08T12:20:47.414Z
747AS33-SG,SDL AS 7.47% 2033,NSE EQ,98.2,0,0,0,98.2,98.2,98.2,0,0,,,,,,,,,,,,50,NEUTRAL,kite:2026-05-08,2026-05-08T12:20:47.414Z
747HR35-SG,SDL HR 7.47% 2035,NSE EQ,98,0,0,0,98,98,98,0,0,,,,,,,,,,,,50,NEUTRAL,kite:2026-05-08,2026-05-08T12:20:47.414Z
747HR36-SG,SDL HR 7.47% 2036,NSE EQ,101.56,0,0,0,0,0,101.56,0,0,,,,,,,,,,,,50,NEUTRAL,kite:2026-05-08,2026-05-08T12:20:47.414Z
747KL39-SG,SDL KL 7.47% 2039,NSE EQ,101,0,0,0,101,96,101,0,0,,,,,,,,,,,,50,NEUTRAL,kite:2026-05-08,2026-05-08T12:20:47.414Z
747MH34-SG,SDL MH 7.47% 2034,NSE EQ,90,0,0,0,90,90,90,0,0,,,,,,,,,,,,50,NEUTRAL,kite:2026-05-08,2026-05-08T12:20:47.414Z
747MH36-SG,SDL MH 7.47% 2036,NSE EQ,101.05,0,0,0,101.05,101.05,101.05,0,0,,,,,,,,,,,,50,NEUTRAL,kite:2026-05-08,2026-05-08T12:20:47.414Z
747PN43-SG,SDL PN 7.47% 2043,NSE EQ,97.55,0,0,0,97.55,97.55,97.55,0,0,,,,,,,,,,,,50,NEUTRAL,kite:2026-05-08,2026-05-08T12:20:47.414Z
747WB44-SG,SDL WB 7.47% 2044,NSE EQ,100,0,0,0,100,100,100,0,0,,,,,,,,,,,,50,NEUTRAL,kite:2026-05-08,2026-05-08T12:20:47.414Z
748KA33-SG,SDL KA 7.48% 2033,NSE EQ,105,0,0,0,105,105,105,0,0,,,,,,,,,,,,50,NEUTRAL,kite:2026-05-08,2026-05-08T12:20:47.414Z
748MH35-SG,SDL MH 7.48% 2035,NSE EQ,102,0,0,0,102,102,102,0,0,,,,,,,,,,,,50,NEUTRAL,kite:2026-05-08,2026-05-08T12:20:47.414Z
749GJ28-SG,SDL GJ 7.49% 2028,NSE EQ,99.3,0,0,0,99.3,99.3,99.3,0,0,,,,,,,,,,,,50,NEUTRAL,kite:2026-05-08,2026-05-08T12:20:47.414Z
749HR36-SG,SDL HR 7.49% 2036,NSE EQ,101.86,0,0,0,101.86,101.86,101.86,0,0,,,,,,,,,,,,50,NEUTRAL,kite:2026-05-08,2026-05-08T12:20:47.414Z
749KL45-SG,SDL KL 7.49% 2045,NSE EQ,99.12,0,0,0,99.12,99.12,99.12,0,0,,,,,,,,,,,,50,NEUTRAL,kite:2026-05-08,2026-05-08T12:20:47.414Z
749MH30-SG,SDL MH 7.49% 2030,NSE EQ,101.15,0,0,0,101.15,101.15,101.15,0,0,,,,,,,,,,,,50,NEUTRAL,kite:2026-05-08,2026-05-08T12:20:47.414Z
749MH36-SG,SDL MH 7.49% 2036,NSE EQ,100.16,0,0,0,100.16,100.16,100.16,0,0,,,,,,,,,,,,50,NEUTRAL,kite:2026-05-08,2026-05-08T12:20:47.414Z
749MN35-SG,SDL MN 7.49% 2035,NSE EQ,100.01,0,0,0,100.01,100.01,100.01,0,0,,,,,,,,,,,,50,NEUTRAL,kite:2026-05-08,2026-05-08T12:20:47.414Z
750GS2056-GS,GOI LOAN  7.50% 2056,NSE EQ,98.9,-1.1,-1.1,100,100,98.9,100,284,284,,,,,,,,,,,,50,NEUTRAL,kite:2026-05-08,2026-05-08T12:20:47.414Z
750IRFC35-NK,750IRFC35-NK,NSE EQ,1193,0,0,0,1193,1193,1193,0,0,,,,,,,,,,,,50,NEUTRAL,kite:2026-05-08,2026-05-08T12:20:47.414Z
751HUDCO28-N5,751HUDCO28-N5,NSE EQ,1043.4,-11.6,-1.1,1043.4,1043.4,1043.4,1055,10,10,,,,,,,,,,,,50,NEUTRAL,kite:2026-05-08,2026-05-08T12:20:47.414Z
751UK35-SG,SDL UK 7.51% 2035,NSE EQ,100.5,0,0,0,100.5,100.5,100.5,0,0,,,,,,,,,,,,50,NEUTRAL,kite:2026-05-08,2026-05-08T12:20:47.414Z
751UP40A-SG,SDL UP 7.51% 2040,NSE EQ,97,0,0,0,97,97,97,0,0,,,,,,,,,,,,50,NEUTRAL,kite:2026-05-08,2026-05-08T12:20:47.414Z
752AP38-SG,SDL AP 7.52% 2038,NSE EQ,103.67,0,0,0,103.67,103.67,103.67,0,0,,,,,,,,,,,,50,NEUTRAL,kite:2026-05-08,2026-05-08T12:20:47.414Z
752AP42-SG,SDL AP 7.52% 2042,NSE EQ,99.95,0,0,0,99.95,99.95,99.95,0,0,,,,,,,,,,,,50,NEUTRAL,kite:2026-05-08,2026-05-08T12:20:47.414Z
752TN33-SG,SDL TN 7.52% 2033,NSE EQ,100,0,0,0,100,100,100,0,0,,,,,,,,,,,,50,NEUTRAL,kite:2026-05-08,2026-05-08T12:20:47.414Z
753HR33-SG,SDL HR 7.53% 2033,NSE EQ,90.25,0,0,0,90.25,90.25,90.25,0,0,,,,,,,,,,,,50,NEUTRAL,kite:2026-05-08,2026-05-08T12:20:47.414Z
753IRFC30-NJ,753IRFC30-NJ,NSE EQ,1116.19,-2.74,-0.24,1123,1123,1115.01,1118.93,16,16,,,,,,,,,,,,50,NEUTRAL,kite:2026-05-08,2026-05-08T12:20:47.414Z
753NTPC30E-NC,753NTPC30E-NC,NSE EQ,1112.01,0,0,0,1112.01,1112.01,1112.01,0,0,,,,,,,,,,,,50,NEUTRAL,kite:2026-05-08,2026-05-08T12:20:47.414Z
753TS47-SG,SDL TS 7.53% 2047,NSE EQ,82.15,0,0,0,82.15,82.15,82.15,0,0,,,,,,,,,,,,50,NEUTRAL,kite:2026-05-08,2026-05-08T12:20:47.414Z
754AS28-SG,SDL AS 7.54% 2028,NSE EQ,97,0,0,0,97,97,97,0,0,,,,,,,,,,,,50,NEUTRAL,kite:2026-05-08,2026-05-08T12:20:47.414Z
754CG31-SG,SDL CG 7.54% 2031,NSE EQ,99.36,0,0,0,99.36,99.36,99.36,0,0,,,,,,,,,,,,50,NEUTRAL,kite:2026-05-08,2026-05-08T12:20:47.414Z
754GS2036-GS,GOI LOAN  7.54% 2036,NSE EQ,107.4,-0.22,-0.2,107.62,107.65,107.15,107.62,773387,773387,,,,,,,,,,,,50,NEUTRAL,kite:2026-05-08,2026-05-08T12:20:47.414Z
754KA41-SG,SDL KA 7.54% 2041,NSE EQ,99,0,0,0,99,99,99,0,0,,,,,,,,,,,,50,NEUTRAL,kite:2026-05-08,2026-05-08T12:20:47.414Z
754RJ33-SG,SDL RJ 7.54% 2033,NSE EQ,100,0,0,0,100,100,100,0,0,,,,,,,,,,,,50,NEUTRAL,kite:2026-05-08,2026-05-08T12:20:47.414Z
754UK33-SG,SDL UK 7.54% 2033,NSE EQ,99.75,0,0,0,99.75,99.75,99.75,0,0,,,,,,,,,,,,50,NEUTRAL,kite:2026-05-08,2026-05-08T12:20:47.414Z
755GJ31-SG,SDL GJ 7.55% 2031,NSE EQ,100.75,0,0,0,100.75,100.75,100.75,0,0,,,,,,,,,,,,50,NEUTRAL,kite:2026-05-08,2026-05-08T12:20:47.414Z
755MP35-SG,SDL MP 7.55% 2035,NSE EQ,95,0,0,0,95,95,95,0,0,,,,,,,,,,,,50,NEUTRAL,kite:2026-05-08,2026-05-08T12:20:47.414Z
755TS30-SG,SDL TS 7.55% 2030,NSE EQ,97.55,0,0,0,97.55,97.55,97.55,0,0,,,,,,,,,,,,50,NEUTRAL,kite:2026-05-08,2026-05-08T12:20:47.414Z
755TS32-SG,SDL TS 7.55% 2032,NSE EQ,99.75,0,0,0,99.75,99.75,99.75,0,0,,,,,,,,,,,,50,NEUTRAL,kite:2026-05-08,2026-05-08T12:20:47.414Z
756JK48-SG,SDL JK 7.56% 2048,NSE EQ,99.35,0,0,0,99.35,99.35,99.35,0,0,,,,,,,,,,,,50,NEUTRAL,kite:2026-05-08,2026-05-08T12:20:47.414Z
756TN53A-SG,SDL TN 7.56% 2053,NSE EQ,100,0,0,0,100,100,100,0,0,,,,,,,,,,,,50,NEUTRAL,kite:2026-05-08,2026-05-08T12:20:47.414Z
756TN54-SG,SDL TN 7.56% 2054,NSE EQ,92,0,0,0,92,92,92,0,0,,,,,,,,,,,,50,NEUTRAL,kite:2026-05-08,2026-05-08T12:20:47.414Z
757GJ26-SG,SDL GJ 7.57% 2026,NSE EQ,100.4,0,0,0,100.4,100.4,100.4,0,0,,,,,,,,,,,,50,NEUTRAL,kite:2026-05-08,2026-05-08T12:20:47.414Z
757GS2033-GS,GOI LOAN 7.57% 2033,NSE EQ,105,0,0,0,105,105,105,0,0,,,,,,,,,,,,50,NEUTRAL,kite:2026-05-08,2026-05-08T12:20:47.414Z
757HR30-SG,SDL HR 7.57% 2030,NSE EQ,99.64,0,0,0,99.64,98,99.64,0,0,,,,,,,,,,,,50,NEUTRAL,kite:2026-05-08,2026-05-08T12:20:47.414Z
757JK34-SG,SDL JK 7.57% 2034,NSE EQ,100.05,0,0,0,100.05,100.05,100.05,0,0,,,,,,,,,,,,50,NEUTRAL,kite:2026-05-08,2026-05-08T12:20:47.414Z
757TN33-SG,SDL TN 7.57% 2033,NSE EQ,96.55,0,0,0,96.55,96.55,96.55,0,0,,,,,,,,,,,,50,NEUTRAL,kite:2026-05-08,2026-05-08T12:20:47.414Z
758AP42-SG,SDL AP 7.58% 2042,NSE EQ,99,0,0,0,99,99,99,0,0,,,,,,,,,,,,50,NEUTRAL,kite:2026-05-08,2026-05-08T12:20:47.414Z
758AS33-SG,SDL AS 7.58% 2033,NSE EQ,98.25,0,0,0,98.25,98.25,98.25,0,0,,,,,,,,,,,,50,NEUTRAL,kite:2026-05-08,2026-05-08T12:20:47.414Z
758GA37A-SG,SDL GA 7.58% 2037,NSE EQ,99,0,0,0,99,94,99,0,0,,,,,,,,,,,,50,NEUTRAL,kite:2026-05-08,2026-05-08T12:20:47.414Z
758GJ26-SG,SDL GJ 7.58% 2026,NSE EQ,101.5,0,0,0,101.5,101.5,101.5,0,0,,,,,,,,,,,,50,NEUTRAL,kite:2026-05-08,2026-05-08T12:20:47.414Z
758GJ32-SG,SDL GJ 7.58% 2032,NSE EQ,99.76,0,0,0,99.76,99.76,99.76,0,0,,,,,,,,,,,,50,NEUTRAL,kite:2026-05-08,2026-05-08T12:20:47.414Z
758HR30-SG,SDL HR 7.58% 2030,NSE EQ,99.22,0,0,0,99.22,99.22,99.22,0,0,,,,,,,,,,,,50,NEUTRAL,kite:2026-05-08,2026-05-08T12:20:47.414Z
758JH31-SG,SDL JH 7.58% 2031,NSE EQ,98.85,0,0,0,98.85,98.85,98.85,0,0,,,,,,,,,,,,50,NEUTRAL,kite:2026-05-08,2026-05-08T12:20:47.414Z
758JK50-SG,SDL JK 7.58% 2050,NSE EQ,94.67,0,0,0,94.67,94.67,94.67,0,0,,,,,,,,,,,,50,NEUTRAL,kite:2026-05-08,2026-05-08T12:20:47.414Z
759AP33-SG,SDL AP 7.59% 2033,NSE EQ,99.33,0,0,0,99.33,99.33,99.33,0,0,,,,,,,,,,,,50,NEUTRAL,kite:2026-05-08,2026-05-08T12:20:47.414Z
759GS2029-GS,GOI LOAN 7.59% 2029,NSE EQ,103.97,0,0,0,103.97,103.97,103.97,0,0,,,,,,,,,,,,50,NEUTRAL,kite:2026-05-08,2026-05-08T12:20:47.414Z
759HR35-SG,SDL HR 7.59% 2035,NSE EQ,90.25,0,0,0,90.25,90.25,90.25,0,0,,,,,,,,,,,,50,NEUTRAL,kite:2026-05-08,2026-05-08T12:20:47.414Z
759RJ46-SG,SDL RJ 7.59% 2046,NSE EQ,98.05,0,0,0,98.15,98.05,98.05,0,0,,,,,,,,,,,,50,NEUTRAL,kite:2026-05-08,2026-05-08T12:20:47.414Z
759TS37-SG,SDL TS 7.59% 2037,NSE EQ,101,0,0,0,101,101,101,0,0,,,,,,,,,,,,50,NEUTRAL,kite:2026-05-08,2026-05-08T12:20:47.414Z
760PFCL35-N3,760PFCL35-N3,NSE EQ,1214.99,14.99,1.25,1200,1215,1200,1200,881,881,,,,,,,,,,,,50,NEUTRAL,kite:2026-05-08,2026-05-08T12:20:47.414Z
761GS2030-GS,GOI LOAN 7.61% 2030,NSE EQ,106.65,0,0,0,106.65,106.65,106.65,0,0,,,,,,,,,,,,50,NEUTRAL,kite:2026-05-08,2026-05-08T12:20:47.414Z
761MH29-SG,SDL MH 7.61% 2029,NSE EQ,102.13,0,0,0,102.13,102.13,102.13,0,0,,,,,,,,,,,,50,NEUTRAL,kite:2026-05-08,2026-05-08T12:20:47.414Z
761RJ43-SG,SDL RJ 7.61% 2043,NSE EQ,102.05,0,0,0,102.05,102.05,102.05,0,0,,,,,,,,,,,,50,NEUTRAL,kite:2026-05-08,2026-05-08T12:20:47.414Z
761TS44-SG,SDL TS 7.61% 2044,NSE EQ,100.76,0,0,0,100.76,100.76,100.76,0,0,,,,,,,,,,,,50,NEUTRAL,kite:2026-05-08,2026-05-08T12:20:47.414Z
762BR31-SG,SDL BR 7.62% 2031,NSE EQ,99.25,0,0,0,99.25,99.25,99.25,0,0,,,,,,,,,,,,50,NEUTRAL,kite:2026-05-08,2026-05-08T12:20:47.414Z
762GA32-SG,SDL GA 7.62% 2032,NSE EQ,97.15,0,0,0,97.15,97.15,97.15,0,0,,,,,,,,,,,,50,NEUTRAL,kite:2026-05-08,2026-05-08T12:20:47.414Z
762GA32A-SG,SDL GA 7.62% 2032,NSE EQ,99,0,0,0,99,99,99,0,0,,,,,,,,,,,,50,NEUTRAL,kite:2026-05-08,2026-05-08T12:20:47.414Z
762GJ28-SG,SDL GJ 7.62% 2028,NSE EQ,99.38,0,0,0,99.38,99.38,99.38,0,0,,,,,,,,,,,,50,NEUTRAL,kite:2026-05-08,2026-05-08T12:20:47.414Z
762GJ29-SG,SDL GJ 7.62% 2029,NSE EQ,100,0,0,0,100,96.76,100,0,0,,,,,,,,,,,,50,NEUTRAL,kite:2026-05-08,2026-05-08T12:20:47.414Z
762GS2039-GS,GOI LOAN 7.62% 2039,NSE EQ,103.17,0,0,0,103.17,103.17,103.17,0,0,,,,,,,,,,,,50,NEUTRAL,kite:2026-05-08,2026-05-08T12:20:47.414Z
762KL38-SG,SDL KL 7.62% 2038,NSE EQ,104.8,0,0,0,104.8,104.8,104.8,0,0,,,,,,,,,,,,50,NEUTRAL,kite:2026-05-08,2026-05-08T12:20:47.414Z
762KL44-SG,SDL KL 7.62% 2044,NSE EQ,100,0,0,0,100,100,100,0,0,,,,,,,,,,,,50,NEUTRAL,kite:2026-05-08,2026-05-08T12:20:47.414Z
762KL53-SG,SDL KL 7.62% 2053,NSE EQ,99,0,0,0,99,99,99,0,0,,,,,,,,,,,,50,NEUTRAL,kite:2026-05-08,2026-05-08T12:20:47.414Z
762MH30-SG,SDL MH 7.62% 2030,NSE EQ,98.75,0,0,0,98.75,98.75,98.75,0,0,,,,,,,,,,,,50,NEUTRAL,kite:2026-05-08,2026-05-08T12:20:47.414Z
762MH30A-SG,SDL MH 7.62% 2030,NSE EQ,99,0,0,0,99,99,99,0,0,,,,,,,,,,,,50,NEUTRAL,kite:2026-05-08,2026-05-08T12:20:47.414Z
762NTPC35F-ND,762NTPC35F-ND,NSE EQ,1190.01,0,0,0,1195,1190.01,1190.01,0,0,,,,,,,,,,,,50,NEUTRAL,kite:2026-05-08,2026-05-08T12:20:47.414Z
762PN38-SG,SDL PN 7.62% 2038,NSE EQ,102.05,0,0,0,102.05,102.05,102.05,0,0,,,,,,,,,,,,50,NEUTRAL,kite:2026-05-08,2026-05-08T12:20:47.414Z
762RJ43-SG,SDL RJ 7.62% 2043,NSE EQ,100,0,0,0,100.63,100,100,0,0,,,,,,,,,,,,50,NEUTRAL,kite:2026-05-08,2026-05-08T12:20:47.414Z
762TN53-SG,SDL TN 7.62% 2053,NSE EQ,98.7,0,0,0,98.7,98.7,98.7,0,0,,,,,,,,,,,,50,NEUTRAL,kite:2026-05-08,2026-05-08T12:20:47.414Z
762UK33-SG,SDL UK 7.62% 2033,NSE EQ,99,0,0,0,99,99,99,0,0,,,,,,,,,,,,50,NEUTRAL,kite:2026-05-08,2026-05-08T12:20:47.414Z
762UP34-SG,SDL UP 7.62% 2034,NSE EQ,96.45,0,0,0,96.45,96.45,96.45,0,0,,,,,,,,,,,,50,NEUTRAL,kite:2026-05-08,2026-05-08T12:20:47.414Z
763GJ33-SG,SDL GJ 7.63% 2033,NSE EQ,102.15,0,0,0,102.15,102.15,102.15,0,0,,,,,,,,,,,,50,NEUTRAL,kite:2026-05-08,2026-05-08T12:20:47.414Z
763GJ34-SG,SDL GJ 7.63% 2034,NSE EQ,104.9,0,0,0,104.9,104.9,104.9,0,0,,,,,,,,,,,,50,NEUTRAL,kite:2026-05-08,2026-05-08T12:20:47.414Z
763GS2059-GS,GOI LOAN 7.63% 2059,NSE EQ,102.6,0,0,0,102.6,102.6,102.6,0,0,,,,,,,,,,,,50,NEUTRAL,kite:2026-05-08,2026-05-08T12:20:47.414Z
763KA37-SG,SDL KA 7.63% 2037,NSE EQ,96,0,0,0,96,96,96,0,0,,,,,,,,,,,,50,NEUTRAL,kite:2026-05-08,2026-05-08T12:20:47.414Z
763KA40-SG,SDL KA 7.63% 2040,NSE EQ,99,0,0,0,99,99,99,0,0,,,,,,,,,,,,50,NEUTRAL,kite:2026-05-08,2026-05-08T12:20:47.414Z
763KA42-SG,SDL KA 7.63% 2042,NSE EQ,97,0,0,0,97,97,97,0,0,,,,,,,,,,,,50,NEUTRAL,kite:2026-05-08,2026-05-08T12:20:47.414Z
763KL43-SG,SDL KL 7.63% 2043,NSE EQ,99.85,0,0,0,99.85,99.85,99.85,0,0,,,,,,,,,,,,50,NEUTRAL,kite:2026-05-08,2026-05-08T12:20:47.414Z
763MH35-SG,SDL MH 7.63% 2035,NSE EQ,102,0,0,0,102,102,102,0,0,,,,,,,,,,,,50,NEUTRAL,kite:2026-05-08,2026-05-08T12:20:47.414Z
763MH36-SG,SDL MH 7.63% 2036,NSE EQ,103.16,0,0,0,104.5,104.5,103.16,0,0,,,,,,,,,,,,50,NEUTRAL,kite:2026-05-08,2026-05-08T12:20:47.414Z
763PN39-SG,SDL PN 7.63% 2039,NSE EQ,95.14,0,0,0,95.14,95.14,95.14,0,0,,,,,,,,,,,,50,NEUTRAL,kite:2026-05-08,2026-05-08T12:20:47.414Z
763TS43-SG,SDL TS 7.63% 2043,NSE EQ,100,0,0,0,100,100,100,0,0,,,,,,,,,,,,50,NEUTRAL,kite:2026-05-08,2026-05-08T12:20:47.414Z
763TS44-SG,SDL TS 7.63% 2044,NSE EQ,101.65,0,0,0,101.65,101.65,101.65,0,0,,,,,,,,,,,,50,NEUTRAL,kite:2026-05-08,2026-05-08T12:20:47.414Z
764GA38-SG,SDL GA 7.64% 2038,NSE EQ,100,0,0,0,100,95.35,100,0,0,,,,,,,,,,,,50,NEUTRAL,kite:2026-05-08,2026-05-08T12:20:47.414Z
764GJ31-SG,SDL GJ 7.64% 2031,NSE EQ,101.9,0,0,0,101.9,101.9,101.9,0,0,,,,,,,,,,,,50,NEUTRAL,kite:2026-05-08,2026-05-08T12:20:47.414Z
764GJ34-SG,SDL GJ 7.64% 2034,NSE EQ,103.15,0,0,0,103.15,103.15,103.15,0,0,,,,,,,,,,,,50,NEUTRAL,kite:2026-05-08,2026-05-08T12:20:47.414Z
764HR31-SG,SDL HR 7.64% 2031,NSE EQ,98.14,0,0,0,98.14,98.14,98.14,0,0,,,,,,,,,,,,50,NEUTRAL,kite:2026-05-08,2026-05-08T12:20:47.414Z
764HUDCO31-N8,764HUDCO31-N8,NSE EQ,1103.6,-9.4,-0.84,1113.75,1113.75,1103.6,1113,453,453,,,,,,,,,,,,50,NEUTRAL,kite:2026-05-08,2026-05-08T12:20:47.414Z
764IRFC31-NO,764IRFC31-NO,NSE EQ,1125,1.87,0.17,1134,1134,1125,1123.13,609,609,,,,,,,,,,,,50,NEUTRAL,kite:2026-05-08,2026-05-08T12:20:47.414Z
764JK50-SG,SDL JK 7.64% 2050,NSE EQ,97.04,0,0,0,97.44,96.25,97.04,0,0,,,,,,,,,,,,50,NEUTRAL,kite:2026-05-08,2026-05-08T12:20:47.414Z
764KA39-SG,SDL KA 7.64% 2039,NSE EQ,101.25,0,0,0,101.25,101.25,101.25,0,0,,,,,,,,,,,,50,NEUTRAL,kite:2026-05-08,2026-05-08T12:20:47.414Z
764NABAR31-N2,764NABAR31-N2,NSE EQ,1098,3.75,0.34,1098,1098,1098,1094.25,118,118,,,,,,,,,,,,50,NEUTRAL,kite:2026-05-08,2026-05-08T12:20:47.414Z
764RJ49-SG,SDL RJ 7.64% 2049,NSE EQ,100,0,0,0,100,100,100,0,0,,,,,,,,,,,,50,NEUTRAL,kite:2026-05-08,2026-05-08T12:20:47.414Z
764TN29-SG,SDL TN 7.64% 2029,NSE EQ,100.66,0,0,0,100.66,100.66,100.66,0,0,,,,,,,,,,,,50,NEUTRAL,kite:2026-05-08,2026-05-08T12:20:47.414Z
764WB32-SG,SDL WB 7.64% 2032,NSE EQ,102.43,0,0,0,102.43,102.43,102.43,0,0,,,,,,,,,,,,50,NEUTRAL,kite:2026-05-08,2026-05-08T12:20:47.414Z
765AS32-SG,SDL AS 7.65% 2032,NSE EQ,100,0,0,0,100,100,100,0,0,,,,,,,,,,,,50,NEUTRAL,kite:2026-05-08,2026-05-08T12:20:47.414Z
765GJ29-SG,SDL GJ 7.65% 2029,NSE EQ,100.45,0,0,0,100.45,100.45,100.45,0,0,,,,,,,,,,,,50,NEUTRAL,kite:2026-05-08,2026-05-08T12:20:47.414Z
765GJ29A-SG,SDL GJ 7.65% 2029,NSE EQ,101.9,0.86,0.85,101.9,101.9,101.9,101.04,100,100,,,,,,,,,,,,50,NEUTRAL,kite:2026-05-08,2026-05-08T12:20:47.414Z
765GJ33-SG,SDL GJ 7.65% 2033,NSE EQ,101.99,0,0,0,101.99,101.99,101.99,0,0,,,,,,,,,,,,50,NEUTRAL,kite:2026-05-08,2026-05-08T12:20:47.414Z
765KA34-SG,SDL KA 7.65% 2034,NSE EQ,102.45,0,0,0,102.45,102.45,102.45,0,0,,,,,,,,,,,,50,NEUTRAL,kite:2026-05-08,2026-05-08T12:20:47.414Z
765MP41-SG,SDL MP 7.65% 2041,NSE EQ,100,0,0,0,0,0,100,0,0,,,,,,,,,,,,50,NEUTRAL,kite:2026-05-08,2026-05-08T12:20:47.414Z
765RJ33-SG,SDL RJ 7.65% 2033,NSE EQ,100,0,0,0,100,100,100,0,0,,,,,,,,,,,,50,NEUTRAL,kite:2026-05-08,2026-05-08T12:20:47.414Z
765TN30-SG,SDL TN 7.65% 2030,NSE EQ,99.8,0,0,0,99.8,99.8,99.8,0,0,,,,,,,,,,,,50,NEUTRAL,kite:2026-05-08,2026-05-08T12:20:47.414Z
765TN33-SG,SDL TN 7.65% 2033,NSE EQ,100,0,0,0,100,96.3,100,0,0,,,,,,,,,,,,50,NEUTRAL,kite:2026-05-08,2026-05-08T12:20:47.414Z
765TS39-SG,SDL TS 7.65% 2039,NSE EQ,100,0,0,0,100,100,100,0,0,,,,,,,,,,,,50,NEUTRAL,kite:2026-05-08,2026-05-08T12:20:47.414Z
765UP34-SG,SDL UP 7.65% 2034,NSE EQ,104.5,0,0,0,104.5,104.5,104.5,0,0,,,,,,,,,,,,50,NEUTRAL,kite:2026-05-08,2026-05-08T12:20:47.414Z
766GJ30A-SG,SDL GJ 7.66% 2030,NSE EQ,100.87,0,0,0,100.87,100.87,100.87,0,0,,,,,,,,,,,,50,NEUTRAL,kite:2026-05-08,2026-05-08T12:20:47.414Z
766GJ32-SG,SDL GJ 7.66% 2032,NSE EQ,102.5,0,0,0,102.5,102.5,102.5,0,0,,,,,,,,,,,,50,NEUTRAL,kite:2026-05-08,2026-05-08T12:20:47.414Z
766KA42-SG,SDL KA 7.66% 2042,NSE EQ,97.88,0,0,0,97.88,97.88,97.88,0,0,,,,,,,,,,,,50,NEUTRAL,kite:2026-05-08,2026-05-08T12:20:47.414Z
766KL46-SG,SDL KL 7.66% 2046,NSE EQ,99.9,0,0,0,99.9,99.9,99.9,0,0,,,,,,,,,,,,50,NEUTRAL,kite:2026-05-08,2026-05-08T12:20:47.414Z
766KL50-SG,SDL KL 7.66% 2050,NSE EQ,103,0,0,0,103,103,103,0,0,,,,,,,,,,,,50,NEUTRAL,kite:2026-05-08,2026-05-08T12:20:47.414Z
766ML32-SG,SDL ML 7.66% 2032,NSE EQ,99.28,0,0,0,99.28,99.28,99.28,0,0,,,,,,,,,,,,50,NEUTRAL,kite:2026-05-08,2026-05-08T12:20:47.414Z
766UP32-SG,SDL UP 7.66% 2032,NSE EQ,99.5,0,0,0,99.5,99.5,99.5,0,0,,,,,,,,,,,,50,NEUTRAL,kite:2026-05-08,2026-05-08T12:20:47.414Z
767AP38-SG,SDL AP 7.67% 2038,NSE EQ,100.98,0,0,0,100.98,100.98,100.98,0,0,,,,,,,,,,,,50,NEUTRAL,kite:2026-05-08,2026-05-08T12:20:47.414Z
767AP38A-SG,SDL AP 7.67% 2038,NSE EQ,100,0,0,0,100,100,100,0,0,,,,,,,,,,,,50,NEUTRAL,kite:2026-05-08,2026-05-08T12:20:47.414Z
767AS32-SG,SDL AS 7.67% 2032,NSE EQ,99.5,0,0,0,99.5,99.5,99.5,0,0,,,,,,,,,,,,50,NEUTRAL,kite:2026-05-08,2026-05-08T12:20:47.414Z
767HP34-SG,SDL HP 7.67% 2034,NSE EQ,100,0,0,0,100,100,100,0,0,,,,,,,,,,,,50,NEUTRAL,kite:2026-05-08,2026-05-08T12:20:47.414Z
767HR35-SG,SDL HR 7.67% 2035,NSE EQ,102.71,0,0,0,102.71,102.71,102.71,0,0,,,,,,,,,,,,50,NEUTRAL,kite:2026-05-08,2026-05-08T12:20:47.414Z
767KA32-SG,SDL KA 7.67% 2032,NSE EQ,96,0,0,0,96,96,96,0,0,,,,,,,,,,,,50,NEUTRAL,kite:2026-05-08,2026-05-08T12:20:47.414Z
767KA36-SG,SDL KA 7.67% 2036,NSE EQ,100.68,0,0,0,100.68,100.68,100.68,0,0,,,,,,,,,,,,50,NEUTRAL,kite:2026-05-08,2026-05-08T12:20:47.414Z
767MP33-SG,SDL MP 7.67% 2033,NSE EQ,102.16,0,0,0,102.16,102.16,102.16,0,0,,,,,,,,,,,,50,NEUTRAL,kite:2026-05-08,2026-05-08T12:20:47.414Z
767NL33B-SG,SDL NL 7.67% 2033,NSE EQ,99.75,0,0,0,99.75,99.75,99.75,0,0,,,,,,,,,,,,50,NEUTRAL,kite:2026-05-08,2026-05-08T12:20:47.414Z
767RJ33-SG,SDL RJ 7.67% 2033,NSE EQ,99.85,0,0,0,99.85,99.85,99.85,0,0,,,,,,,,,,,,50,NEUTRAL,kite:2026-05-08,2026-05-08T12:20:47.414Z
767WB37-SG,SDL WB 7.67% 2037,NSE EQ,101.82,0,0,0,101.82,101.82,101.82,0,0,,,,,,,,,,,,50,NEUTRAL,kite:2026-05-08,2026-05-08T12:20:47.414Z
768CG32-SG,SDL CG 7.68% 2032,NSE EQ,104.35,0,0,0,104.35,104.35,104.35,0,0,,,,,,,,,,,,50,NEUTRAL,kite:2026-05-08,2026-05-08T12:20:47.414Z
768GJ30-SG,SDL GJ 7.68% 2030,NSE EQ,95,0,0,0,95,95,95,0,0,,,,,,,,,,,,50,NEUTRAL,kite:2026-05-08,2026-05-08T12:20:47.414Z
768GJ33-SG,SDL GJ 7.68% 2033,NSE EQ,95,0,0,0,95,95,95,0,0,,,,,,,,,,,,50,NEUTRAL,kite:2026-05-08,2026-05-08T12:20:47.414Z
768KA31-SG,SDL KA 7.68% 2031,NSE EQ,101.25,0,0,0,101.25,101.25,101.25,0,0,,,,,,,,,,,,50,NEUTRAL,kite:2026-05-08,2026-05-08T12:20:47.414Z
768KA37-SG,SDL KA 7.68% 2037,NSE EQ,99.5,0,0,0,99.5,99.5,99.5,0,0,,,,,,,,,,,,50,NEUTRAL,kite:2026-05-08,2026-05-08T12:20:47.414Z
768TN30A-SG,SDL TN 7.68% 2030,NSE EQ,98.7,0,0,0,98.7,98.7,98.7,0,0,,,,,,,,,,,,50,NEUTRAL,kite:2026-05-08,2026-05-08T12:20:47.414Z
768UP32-SG,SDL UP 7.68% 2032,NSE EQ,98,0,0,0,98,98,98,0,0,,,,,,,,,,,,50,NEUTRAL,kite:2026-05-08,2026-05-08T12:20:47.414Z
768UP34-SG,SDL UP 7.68% 2034,NSE EQ,100,0,0,0,100,100,100,0,0,,,,,,,,,,,,50,NEUTRAL,kite:2026-05-08,2026-05-08T12:20:47.414Z
768UP34A-SG,SDL UP 7.68% 2034,NSE EQ,102.25,0,0,0,102.25,102.25,102.25,0,0,,,,,,,,,,,,50,NEUTRAL,kite:2026-05-08,2026-05-08T12:20:47.414Z
769GA32-SG,SDL GA 7.69% 2032,NSE EQ,100.08,0,0,0,100.08,100.08,100.08,0,0,,,,,,,,,,,,50,NEUTRAL,kite:2026-05-08,2026-05-08T12:20:47.414Z
769GS2043-GS,GOI LOAN 7.69% 2043,NSE EQ,107.1,0,0,0,107.1,107.1,107.1,0,0,,,,,,,,,,,,50,NEUTRAL,kite:2026-05-08,2026-05-08T12:20:47.414Z
769HR27-SG,SDL HR 7.69% 2027,NSE EQ,102.23,0,0,0,102.23,102.23,102.23,0,0,,,,,,,,,,,,50,NEUTRAL,kite:2026-05-08,2026-05-08T12:20:47.414Z
769HUDCO31-N9,769HUDCO31-N9,NSE EQ,1119.48,-0.52,-0.05,1119,1124,1119,1120,319,319,,,,,,,,,,,,50,NEUTRAL,kite:2026-05-08,2026-05-08T12:20:47.414Z
769IGT28-NH,769IGT28-NH,NSE EQ,1009,0,0,0,1009,950,1009,0,0,,,,,,,,,,,,50,NEUTRAL,kite:2026-05-08,2026-05-08T12:20:47.414Z
769KA33A-SG,SDL KA 7.69% 2033,NSE EQ,104.9,0,0,0,104.9,104.9,104.9,0,0,,,,,,,,,,,,50,NEUTRAL,kite:2026-05-08,2026-05-08T12:20:47.414Z
769MH31-SG,SDL MH 7.69% 2031,NSE EQ,95,0,0,0,95,95,95,0,0,,,,,,,,,,,,50,NEUTRAL,kite:2026-05-08,2026-05-08T12:20:47.414Z
769NHAI31-NE,769NHAI31-NE,NSE EQ,1139.5,4.4,0.39,1135,1139.5,1135,1135.1,185,185,,,,,,,,,,,,50,NEUTRAL,kite:2026-05-08,2026-05-08T12:20:47.414Z
769TS32-SG,SDL TS 7.69% 2032,NSE EQ,103,0,0,0,103,103,103,0,0,,,,,,,,,,,,50,NEUTRAL,kite:2026-05-08,2026-05-08T12:20:47.414Z
771AP31-SG,SDL AP 7.71% 2031,NSE EQ,104.45,0,0,0,104.45,104.45,104.45,0,0,,,,,,,,,,,,50,NEUTRAL,kite:2026-05-08,2026-05-08T12:20:47.414Z
771AP33A-SG,SDL AP 7.71% 2033,NSE EQ,99.43,0,0,0,99.43,99.43,99.43,0,0,,,,,,,,,,,,50,NEUTRAL,kite:2026-05-08,2026-05-08T12:20:47.414Z
771AP37A-SG,SDL AP 7.71% 2037,NSE EQ,99,0,0,0,99,99,99,0,0,,,,,,,,,,,,50,NEUTRAL,kite:2026-05-08,2026-05-08T12:20:47.414Z
771JK48-SG,SDL JK 7.71% 2048,NSE EQ,100,0,0,0,100,100,100,0,0,,,,,,,,,,,,50,NEUTRAL,kite:2026-05-08,2026-05-08T12:20:47.414Z
771KA36-SG,SDL KA 7.71% 2036,NSE EQ,100,0,0,0,100,100,100,0,0,,,,,,,,,,,,50,NEUTRAL,kite:2026-05-08,2026-05-08T12:20:47.414Z
771KL43-SG,SDL KL 7.71% 2043,NSE EQ,100,0,0,0,100,100,100,0,0,,,,,,,,,,,,50,NEUTRAL,kite:2026-05-08,2026-05-08T12:20:47.414Z
771RJ33-SG,SDL RJ 7.71% 2033,NSE EQ,102.2,0,0,0,102.2,102.2,102.2,0,0,,,,,,,,,,,,50,NEUTRAL,kite:2026-05-08,2026-05-08T12:20:47.414Z
771WB43-SG,SDL WB 7.71% 2043,NSE EQ,100,0,0,0,100,100,100,0,0,,,,,,,,,,,,50,NEUTRAL,kite:2026-05-08,2026-05-08T12:20:47.414Z
772AP35-SG,SDL AP 7.72% 2035,NSE EQ,95,0,0,0,95,95,95,0,0,,,,,,,,,,,,50,NEUTRAL,kite:2026-05-08,2026-05-08T12:20:47.414Z
772GJ35-SG,SDL GJ 7.72% 2035,NSE EQ,103,0,0,0,103,103,103,0,0,,,,,,,,,,,,50,NEUTRAL,kite:2026-05-08,2026-05-08T12:20:47.414Z
772GS2049-GS,GOI LOAN 7.72% 2049,NSE EQ,101.8,0,0,0,101.8,101.8,101.8,0,0,,,,,,,,,,,,50,NEUTRAL,kite:2026-05-08,2026-05-08T12:20:47.414Z
772GS2055-GS,GOI LOAN 7.72% 2055,NSE EQ,101.2,0,0,0,101.2,101.2,101.2,0,0,,,,,,,,,,,,50,NEUTRAL,kite:2026-05-08,2026-05-08T12:20:47.414Z
772HR33-SG,SDL HR 7.72% 2033,NSE EQ,99,0,0,0,99,99,99,0,0,,,,,,,,,,,,50,NEUTRAL,kite:2026-05-08,2026-05-08T12:20:47.414Z
772JK43-SG,SDL JK 7.72% 2043,NSE EQ,100,0,0,0,100,100,100,0,0,,,,,,,,,,,,50,NEUTRAL,kite:2026-05-08,2026-05-08T12:20:47.414Z
772KA35-SG,SDL KA 7.72% 2035,NSE EQ,99.75,0,0,0,99.75,99.75,99.75,0,0,,,,,,,,,,,,50,NEUTRAL,kite:2026-05-08,2026-05-08T12:20:47.414Z
772KA35A-SG,SDL KA 7.72% 2035,NSE EQ,100,0,0,0,100,100,100,0,0,,,,,,,,,,,,50,NEUTRAL,kite:2026-05-08,2026-05-08T12:20:47.414Z
772MH31-SG,SDL MH 7.72% 2031,NSE EQ,96,0,0,0,96,96,96,0,0,,,,,,,,,,,,50,NEUTRAL,kite:2026-05-08,2026-05-08T12:20:47.414Z
772MH34-SG,SDL MH 7.72% 2034,NSE EQ,98.6,0,0,0,98.6,98.6,98.6,0,0,,,,,,,,,,,,50,NEUTRAL,kite:2026-05-08,2026-05-08T12:20:47.414Z
772RJ33-SG,SDL RJ 7.72% 2033,NSE EQ,98.05,0,0,0,98.05,98.05,98.05,0,0,,,,,,,,,,,,50,NEUTRAL,kite:2026-05-08,2026-05-08T12:20:47.414Z
772TN34-SG,SDL TN 7.72% 2034,NSE EQ,104.18,0,0,0,104.18,104.18,104.18,0,0,,,,,,,,,,,,50,NEUTRAL,kite:2026-05-08,2026-05-08T12:20:47.414Z
772TS36-SG,SDL TS 7.72% 2036,NSE EQ,100,0,0,0,100,100,100,0,0,,,,,,,,,,,,50,NEUTRAL,kite:2026-05-08,2026-05-08T12:20:47.414Z
772UP34-SG,SDL UP 7.72% 2034,NSE EQ,99.45,0,0,0,99.45,99.45,99.45,0,0,,,,,,,,,,,,50,NEUTRAL,kite:2026-05-08,2026-05-08T12:20:47.414Z
772WB37-SG,SDL WB 7.72% 2037,NSE EQ,90.3,0,0,0,90.5,90.3,90.3,0,0,,,,,,,,,,,,50,NEUTRAL,kite:2026-05-08,2026-05-08T12:20:47.414Z
773AP32A-SG,SDL AP 7.73% 2032,NSE EQ,100.9,0,0,0,100.9,100.9,100.9,0,0,,,,,,,,,,,,50,NEUTRAL,kite:2026-05-08,2026-05-08T12:20:47.414Z
773BR33-SG,SDL BR 7.73% 2033,NSE EQ,95,0,0,0,95,95,95,0,0,,,,,,,,,,,,50,NEUTRAL,kite:2026-05-08,2026-05-08T12:20:47.414Z
773BR38-SG,SDL BR 7.73% 2038,NSE EQ,100,0,0,0,100,100,100,0,0,,,,,,,,,,,,50,NEUTRAL,kite:2026-05-08,2026-05-08T12:20:47.414Z
773GA33-SG,SDL GA 7.73% 2033,NSE EQ,99.08,0,0,0,99.08,99.08,99.08,0,0,,,,,,,,,,,,50,NEUTRAL,kite:2026-05-08,2026-05-08T12:20:47.414Z
773GJ29-SG,SDL GJ 7.73% 2029,NSE EQ,112.5,0,0,0,112.5,112.5,112.5,0,0,,,,,,,,,,,,50,NEUTRAL,kite:2026-05-08,2026-05-08T12:20:47.414Z
773KA34-SG,SDL KA 7.73% 2034,NSE EQ,102.5,0,0,0,102.5,102.5,102.5,0,0,,,,,,,,,,,,50,NEUTRAL,kite:2026-05-08,2026-05-08T12:20:47.414Z
773KA35-SG,SDL KA 7.73% 2035,NSE EQ,100,0,0,0,100,100,100,0,0,,,,,,,,,,,,50,NEUTRAL,kite:2026-05-08,2026-05-08T12:20:47.414Z
773KA35A-SG,SDL KA 7.73% 2035,NSE EQ,105,0,0,0,105,105,105,0,0,,,,,,,,,,,,50,NEUTRAL,kite:2026-05-08,2026-05-08T12:20:47.414Z
773KA36-SG,SDL KA 7.73% 2036,NSE EQ,100,0,0,0,100,100,100,0,0,,,,,,,,,,,,50,NEUTRAL,kite:2026-05-08,2026-05-08T12:20:47.414Z
773MH32-SG,SDL MH 7.73% 2032,NSE EQ,102.67,0,0,0,102.67,102.67,102.67,0,0,,,,,,,,,,,,50,NEUTRAL,kite:2026-05-08,2026-05-08T12:20:47.414Z
773MH36-SG,SDL MH 7.73% 2036,NSE EQ,100.03,0,0,0,100.03,100.03,100.03,0,0,,,,,,,,,,,,50,NEUTRAL,kite:2026-05-08,2026-05-08T12:20:47.414Z
773RJ33-SG,SDL RJ 7.73% 2033,NSE EQ,91,0,0,0,91,91,91,0,0,,,,,,,,,,,,50,NEUTRAL,kite:2026-05-08,2026-05-08T12:20:47.414Z
773RJ38-SG,SDL RJ 7.73% 2038,NSE EQ,102.05,0,0,0,102.05,102.05,102.05,0,0,,,,,,,,,,,,50,NEUTRAL,kite:2026-05-08,2026-05-08T12:20:47.414Z
773UP33A-SG,SDL UP 7.73% 2033,NSE EQ,98,0,0,0,99.06,98,98,0,0,,,,,,,,,,,,50,NEUTRAL,kite:2026-05-08,2026-05-08T12:20:47.414Z
773UP34-SG,SDL UP 7.73% 2034,NSE EQ,100,0,0,0,100,100,100,0,0,,,,,,,,,,,,50,NEUTRAL,kite:2026-05-08,2026-05-08T12:20:47.414Z
773UP35-SG,SDL UP 7.73% 2035,NSE EQ,98.95,0,0,0,98.95,98.95,98.95,0,0,,,,,,,,,,,,50,NEUTRAL,kite:2026-05-08,2026-05-08T12:20:47.414Z
774AP32A-SG,SDL AP 7.74% 2032,NSE EQ,105,0,0,0,105,105,105,0,0,,,,,,,,,,,,50,NEUTRAL,kite:2026-05-08,2026-05-08T12:20:47.414Z
774AP38-SG,SDL AP 7.74% 2038,NSE EQ,99,0,0,0,99,99,99,0,0,,,,,,,,,,,,50,NEUTRAL,kite:2026-05-08,2026-05-08T12:20:47.414Z
774AS33-SG,SDL AS 7.74% 2033,NSE EQ,99,0,0,0,99,95.58,99,0,0,,,,,,,,,,,,50,NEUTRAL,kite:2026-05-08,2026-05-08T12:20:47.414Z
774BR38-SG,SDL BR 7.74% 2038,NSE EQ,100,0,0,0,100,100,100,0,0,,,,,,,,,,,,50,NEUTRAL,kite:2026-05-08,2026-05-08T12:20:47.414Z
774GA32-SG,SDL GA 7.74% 2032,NSE EQ,101.8,0,0,0,101.8,101.8,101.8,0,0,,,,,,,,,,,,50,NEUTRAL,kite:2026-05-08,2026-05-08T12:20:47.414Z
774IREDA31-N7,774IREDA31-N7,NSE EQ,1112,5.99,0.54,1107.04,1112,1107.04,1106.01,458,458,,,,,,,,,,,,50,NEUTRAL,kite:2026-05-08,2026-05-08T12:20:47.414Z
774KA34-SG,SDL KA 7.74% 2034,NSE EQ,100,0,0,0,100,100,100,0,0,,,,,,,,,,,,50,NEUTRAL,kite:2026-05-08,2026-05-08T12:20:47.414Z
774KA37-SG,SDL KA 7.74% 2037,NSE EQ,99.3,0,0,0,99.3,99.3,99.3,0,0,,,,,,,,,,,,50,NEUTRAL,kite:2026-05-08,2026-05-08T12:20:47.414Z
774MZ33-SG,SDL MZ 7.74% 2033,NSE EQ,98.05,0,0,0,98.05,98.05,98.05,0,0,,,,,,,,,,,,50,NEUTRAL,kite:2026-05-08,2026-05-08T12:20:47.414Z
774MZ38-SG,SDL MZ 7.74% 2038,NSE EQ,95,0,0,0,95,95,95,0,0,,,,,,,,,,,,50,NEUTRAL,kite:2026-05-08,2026-05-08T12:20:47.414Z
774RJ33A-SG,SDL RJ 7.74% 2033,NSE EQ,99,0,0,0,99,99,99,0,0,,,,,,,,,,,,50,NEUTRAL,kite:2026-05-08,2026-05-08T12:20:47.414Z
774RJ40-SG,SDL RJ 7.74% 2040,NSE EQ,105,0,0,0,105,105,105,0,0,,,,,,,,,,,,50,NEUTRAL,kite:2026-05-08,2026-05-08T12:20:47.414Z
774RJ49-SG,SDL RJ 7.74% 2049,NSE EQ,100,0,0,0,100,100,100,0,0,,,,,,,,,,,,50,NEUTRAL,kite:2026-05-08,2026-05-08T12:20:47.414Z
774TS35-SG,SDL TS 7.74% 2035,NSE EQ,102.57,0,0,0,102.57,102.57,102.57,0,0,,,,,,,,,,,,50,NEUTRAL,kite:2026-05-08,2026-05-08T12:20:47.414Z
775AP29-SG,SDL AP 7.75% 2029,NSE EQ,100,0,0,0,100,100,100,0,0,,,,,,,,,,,,50,NEUTRAL,kite:2026-05-08,2026-05-08T12:20:47.414Z
775GA33-SG,SDL GA 7.75% 2033,NSE EQ,100,0,0,0,100,100,100,0,0,,,,,,,,,,,,50,NEUTRAL,kite:2026-05-08,2026-05-08T12:20:47.414Z
775GJ32-SG,SDL GJ 7.75% 2032,NSE EQ,100,0,0,0,100,100,100,0,0,,,,,,,,,,,,50,NEUTRAL,kite:2026-05-08,2026-05-08T12:20:47.414Z
775HR35-SG,SDL HR 7.75% 2035,NSE EQ,90,0,0,0,90,90,90,0,0,,,,,,,,,,,,50,NEUTRAL,kite:2026-05-08,2026-05-08T12:20:47.414Z
775PN36-SG,SDL PN 7.75% 2036,NSE EQ,100.95,0,0,0,100.95,100.95,100.95,0,0,,,,,,,,,,,,50,NEUTRAL,kite:2026-05-08,2026-05-08T12:20:47.414Z
775PN42-SG,SDL PN 7.75% 2042,NSE EQ,99.25,0,0,0,99.25,99.25,99.25,0,0,,,,,,,,,,,,50,NEUTRAL,kite:2026-05-08,2026-05-08T12:20:47.414Z
775RJ35-SG,SDL RJ 7.75% 2035,NSE EQ,99.14,0,0,0,99.14,99.14,99.14,0,0,,,,,,,,,,,,50,NEUTRAL,kite:2026-05-08,2026-05-08T12:20:47.414Z
775RJ36-SG,SDL RJ 7.75% 2036,NSE EQ,97.5,0,0,0,97.5,97.5,97.5,0,0,,,,,,,,,,,,50,NEUTRAL,kite:2026-05-08,2026-05-08T12:20:47.414Z
775TS37-SG,SDL TS 7.75% 2037,NSE EQ,100,0,0,0,100,100,100,0,0,,,,,,,,,,,,50,NEUTRAL,kite:2026-05-08,2026-05-08T12:20:47.414Z
775UP33-SG,SDL UP 7.75% 2033,NSE EQ,100.96,0,0,0,100.96,100.96,100.96,0,0,,,,,,,,,,,,50,NEUTRAL,kite:2026-05-08,2026-05-08T12:20:47.414Z
775UP34-SG,SDL UP 7.75% 2034,NSE EQ,101.85,0,0,0,101.85,101.85,101.85,0,0,,,,,,,,,,,,50,NEUTRAL,kite:2026-05-08,2026-05-08T12:20:47.414Z
776KL35-SG,SDL KL 7.76% 2035,NSE EQ,99,0,0,0,99,99,99,0,0,,,,,,,,,,,,50,NEUTRAL,kite:2026-05-08,2026-05-08T12:20:47.414Z
776KL38-SG,SDL KL 7.76% 2038,NSE EQ,100.25,0,0,0,100.25,100.25,100.25,0,0,,,,,,,,,,,,50,NEUTRAL,kite:2026-05-08,2026-05-08T12:20:47.414Z
776MH30-SG,SDL MH 7.76% 2030,NSE EQ,100.95,0,0,0,100.95,100.95,100.95,0,0,,,,,,,,,,,,50,NEUTRAL,kite:2026-05-08,2026-05-08T12:20:47.414Z
776MP37-SG,SDL MP 7.76% 2037,NSE EQ,100,0,0,0,100,100,100,0,0,,,,,,,,,,,,50,NEUTRAL,kite:2026-05-08,2026-05-08T12:20:47.414Z
776MP37A-SG,SDL MP 7.76% 2037,NSE EQ,102.35,0,0,0,102.35,102.35,102.35,0,0,,,,,,,,,,,,50,NEUTRAL,kite:2026-05-08,2026-05-08T12:20:47.414Z
776TN53-SG,SDL TN 7.76% 2053,NSE EQ,95.48,0,0,0,95.48,95.48,95.48,0,0,,,,,,,,,,,,50,NEUTRAL,kite:2026-05-08,2026-05-08T12:20:47.414Z
777GJ32-SG,SDL GJ 7.77% 2032,NSE EQ,100,0,0,0,100,100,100,0,0,,,,,,,,,,,,50,NEUTRAL,kite:2026-05-08,2026-05-08T12:20:47.414Z
777HR36-SG,SDL HR 7.77% 2036,NSE EQ,99.67,0,0,0,99.67,99.67,99.67,0,0,,,,,,,,,,,,50,NEUTRAL,kite:2026-05-08,2026-05-08T12:20:47.414Z
777MH44-SG,SDL MH 7.77% 2044,NSE EQ,100,0,0,0,0,0,100,0,0,,,,,,,,,,,,50,NEUTRAL,kite:2026-05-08,2026-05-08T12:20:47.414Z
777MN38-SG,SDL MN 7.77% 2038,NSE EQ,100,0,0,0,100,100,100,0,0,,,,,,,,,,,,50,NEUTRAL,kite:2026-05-08,2026-05-08T12:20:47.414Z
777MP47-SG,SDL MP 7.77% 2047,NSE EQ,101.09,0,0,0,101.09,101.09,101.09,0,0,,,,,,,,,,,,50,NEUTRAL,kite:2026-05-08,2026-05-08T12:20:47.414Z
777PN33-SG,SDL PN 7.77% 2033,NSE EQ,99.98,0,0,0,99.98,99.98,99.98,0,0,,,,,,,,,,,,50,NEUTRAL,kite:2026-05-08,2026-05-08T12:20:47.414Z
777PN36-SG,SDL PN 7.77% 2036,NSE EQ,104.89,0,0,0,104.89,104.89,104.89,0,0,,,,,,,,,,,,50,NEUTRAL,kite:2026-05-08,2026-05-08T12:20:47.414Z
778AS34-SG,SDL AS 7.78% 2034,NSE EQ,100,0,0,0,100,100,100,0,0,,,,,,,,,,,,50,NEUTRAL,kite:2026-05-08,2026-05-08T12:20:47.414Z
778BR31-SG,SDL BR 7.78% 2031,NSE EQ,100,0,0,0,100,100,100,0,0,,,,,,,,,,,,50,NEUTRAL,kite:2026-05-08,2026-05-08T12:20:47.414Z
778MH30-SG,SDL MH 7.78% 2030,NSE EQ,102.1,0,0,0,102.1,102.1,102.1,0,0,,,,,,,,,,,,50,NEUTRAL,kite:2026-05-08,2026-05-08T12:20:47.414Z
778MZ37-SG,SDL MZ 7.78% 2037,NSE EQ,90.25,0,0,0,90.25,90.25,90.25,0,0,,,,,,,,,,,,50,NEUTRAL,kite:2026-05-08,2026-05-08T12:20:47.414Z
779HP38-SG,SDL HP 7.79% 2038,NSE EQ,100.96,0,0,0,100.96,100.96,100.96,0,0,,,,,,,,,,,,50,NEUTRAL,kite:2026-05-08,2026-05-08T12:20:47.414Z
779MH54-SG,SDL MH 7.79% 2054,NSE EQ,97,-0.1,-0.1,96.8,97,96.8,97.1,5000,5000,,,,,,,,,,,,50,NEUTRAL,kite:2026-05-08,2026-05-08T12:20:47.414Z
779PN36-SG,SDL PN 7.79% 2036,NSE EQ,101.96,0,0,0,101.96,101.96,101.96,0,0,,,,,,,,,,,,50,NEUTRAL,kite:2026-05-08,2026-05-08T12:20:47.414Z
779PN37-SG,SDL PN 7.79% 2037,NSE EQ,100,0,0,0,100,100,100,0,0,,,,,,,,,,,,50,NEUTRAL,kite:2026-05-08,2026-05-08T12:20:47.414Z
779PY41-SG,SDL PY 7.79% 2041,NSE EQ,100,0,0,0,0,0,100,0,0,,,,,,,,,,,,50,NEUTRAL,kite:2026-05-08,2026-05-08T12:20:47.414Z
779TN32-SG,SDL TN 7.79% 2032,NSE EQ,99.41,0,0,0,99.41,99.41,99.41,0,0,,,,,,,,,,,,50,NEUTRAL,kite:2026-05-08,2026-05-08T12:20:47.414Z
781GJ32-SG,SDL GJ 7.81% 2032,NSE EQ,104.9,0,0,0,104.9,104.9,104.9,0,0,,,,,,,,,,,,50,NEUTRAL,kite:2026-05-08,2026-05-08T12:20:47.414Z
781HR32A-SG,SDL HR 7.81% 2032,NSE EQ,100,0,0,0,100,100,100,0,0,,,,,,,,,,,,50,NEUTRAL,kite:2026-05-08,2026-05-08T12:20:47.414Z
781UP32-SG,SDL UP 7.81% 2032,NSE EQ,102.18,0,0,0,102.18,102.18,102.18,0,0,,,,,,,,,,,,50,NEUTRAL,kite:2026-05-08,2026-05-08T12:20:47.414Z
781UP34A-SG,SDL UP 7.81% 2034,NSE EQ,101.45,0,0,0,101.45,101.45,101.45,0,0,,,,,,,,,,,,50,NEUTRAL,kite:2026-05-08,2026-05-08T12:20:47.414Z
782AS32A-SG,SDL AS 7.82% 2032,NSE EQ,101,0,0,0,101,101,101,0,0,,,,,,,,,,,,50,NEUTRAL,kite:2026-05-08,2026-05-08T12:20:47.414Z
782GJ32-SG,SDL GJ 7.82% 2032,NSE EQ,100,0,0,0,100,100,100,0,0,,,,,,,,,,,,50,NEUTRAL,kite:2026-05-08,2026-05-08T12:20:47.414Z
782PN42-SG,SDL PN 7.82% 2042,NSE EQ,99,0,0,0,99,99,99,0,0,,,,,,,,,,,,50,NEUTRAL,kite:2026-05-08,2026-05-08T12:20:47.414Z
782TN32-SG,SDL TN 7.82% 2032,NSE EQ,98,0,0,0,98,98,98,0,0,,,,,,,,,,,,50,NEUTRAL,kite:2026-05-08,2026-05-08T12:20:47.414Z
782WB32-SG,SDL WB 7.82% 2032,NSE EQ,101,0,0,0,101,101,101,0,0,,,,,,,,,,,,50,NEUTRAL,kite:2026-05-08,2026-05-08T12:20:47.414Z
783RJ50-SG,SDL RJ 7.83% 2050,NSE EQ,106,0,0,0,106,106,106,0,0,,,,,,,,,,,,50,NEUTRAL,kite:2026-05-08,2026-05-08T12:20:47.414Z
784TN52-SG,SDL TN 7.84% 2052,NSE EQ,110.7,0,0,0,110.7,110.7,110.7,0,0,,,,,,,,,,,,50,NEUTRAL,kite:2026-05-08,2026-05-08T12:20:47.414Z
784TS39-SG,SDL TS 7.84% 2039,NSE EQ,101.69,0,0,0,101.69,101.69,101.69,0,0,,,,,,,,,,,,50,NEUTRAL,kite:2026-05-08,2026-05-08T12:20:47.414Z
785AP37-SG,SDL AP 7.85% 2037,NSE EQ,105,0,0,0,105,105,105,0,0,,,,,,,,,,,,50,NEUTRAL,kite:2026-05-08,2026-05-08T12:20:47.414Z
785BR32A-SG,SDL BR 7.85% 2032,NSE EQ,101.8,0,0,0,101.8,101.8,101.8,0,0,,,,,,,,,,,,50,NEUTRAL,kite:2026-05-08,2026-05-08T12:20:47.414Z
785KL35-SG,SDL KL 7.85% 2035,NSE EQ,104.95,0,0,0,104.95,104.95,104.95,0,0,,,,,,,,,,,,50,NEUTRAL,kite:2026-05-08,2026-05-08T12:20:47.414Z
785WB42-SG,SDL WB 7.85% 2042,NSE EQ,100,0,0,0,100,95.75,100,0,0,,,,,,,,,,,,50,NEUTRAL,kite:2026-05-08,2026-05-08T12:20:47.414Z
7865LICH26-N0,7865LICH26-N0,NSE EQ,100100,0,0,0,100100,100100,100100,0,0,,,,,,,,,,,,50,NEUTRAL,kite:2026-05-08,2026-05-08T12:20:47.414Z
787TN33-SG,SDL TN 7.87% 2033,NSE EQ,103.6,0,0,0,103.6,103.6,103.6,0,0,,,,,,,,,,,,50,NEUTRAL,kite:2026-05-08,2026-05-08T12:20:47.414Z
788GS2030-GS,GOI LOAN 7.88% 2030,NSE EQ,105.69,0,0,0,105.69,105.69,105.69,0,0,,,,,,,,,,,,50,NEUTRAL,kite:2026-05-08,2026-05-08T12:20:47.414Z
788MP33-SG,SDL MP 7.88% 2033,NSE EQ,99,0,0,0,99,99,99,0,0,,,,,,,,,,,,50,NEUTRAL,kite:2026-05-08,2026-05-08T12:20:47.414Z
789MH32-SG,SDL MH 7.89% 2032,NSE EQ,101.83,0,0,0,101.83,101.83,101.83,0,0,,,,,,,,,,,,50,NEUTRAL,kite:2026-05-08,2026-05-08T12:20:47.414Z
789WB40-SG,SDL WB 7.89% 2040,NSE EQ,101.8,0,0,0,101.8,101.8,101.8,0,0,,,,,,,,,,,,50,NEUTRAL,kite:2026-05-08,2026-05-08T12:20:47.414Z
792LIC27-N5,792LIC27-N5,NSE EQ,102500,0,0,0,102500,102500,102500,0,0,,,,,,,,,,,,50,NEUTRAL,kite:2026-05-08,2026-05-08T12:20:47.414Z
793TS34-SG,SDL TS 7.93% 2034,NSE EQ,100.08,0,0,0,100.08,100.08,100.08,0,0,,,,,,,,,,,,50,NEUTRAL,kite:2026-05-08,2026-05-08T12:20:47.414Z
793WB37-SG,SDL WB 7.93% 2037,NSE EQ,98,0,0,0,98,98,98,0,0,,,,,,,,,,,,50,NEUTRAL,kite:2026-05-08,2026-05-08T12:20:47.414Z
794TN32-SG,SDL TN 7.94% 2032,NSE EQ,101,0,0,0,101,101,101,0,0,,,,,,,,,,,,50,NEUTRAL,kite:2026-05-08,2026-05-08T12:20:47.414Z
795GS2032-GS,GOI LOAN 7.95% 2032,NSE EQ,108.75,0,0,0,108.75,108.75,108.75,0,0,,,,,,,,,,,,50,NEUTRAL,kite:2026-05-08,2026-05-08T12:20:47.414Z
797IGT31-NL,797IGT31-NL,NSE EQ,1001,2.28,0.23,1001,1001,1001,998.72,35,35,,,,,,,,,,,,50,NEUTRAL,kite:2026-05-08,2026-05-08T12:20:47.414Z
797WB42-SG,SDL WB 7.97% 2042,NSE EQ,100,0,0,0,100,100,100,0,0,,,,,,,,,,,,50,NEUTRAL,kite:2026-05-08,2026-05-08T12:20:47.414Z
7PFCL31-N3,7PFCL31-N3,NSE EQ,996.87,-3.13,-0.31,996,997,996,1000,107,107,,,,,,,,,,,,50,NEUTRAL,kite:2026-05-08,2026-05-08T12:20:47.414Z
802AP38-SG,SDL AP 8.02% 2038,NSE EQ,97,0,0,0,97,97,97,0,0,,,,,,,,,,,,50,NEUTRAL,kite:2026-05-08,2026-05-08T12:20:47.414Z
802WB37-SG,SDL WB 8.02% 2037,NSE EQ,103.95,0,0,0,103.95,103.95,103.95,0,0,,,,,,,,,,,,50,NEUTRAL,kite:2026-05-08,2026-05-08T12:20:47.414Z
803AP35-SG,SDL AP 8.03% 2035,NSE EQ,99.39,0,0,0,99.39,99.39,99.39,0,0,,,,,,,,,,,,50,NEUTRAL,kite:2026-05-08,2026-05-08T12:20:47.414Z
805ABCL28-N5,805ABCL28-N5,NSE EQ,1013,-36.99,-3.52,1013.13,1013.13,1013,1049.99,200,200,,,,,,,,,,,,46,NEUTRAL,kite:2026-05-08,2026-05-08T12:20:47.414Z
805NMC29-N1,805NMC29-N1,NSE EQ,118.01,-7.99,-6.34,118.01,118.01,118.01,126,10,10,,,,,,,,,,,,46,NEUTRAL,kite:2026-05-08,2026-05-08T12:20:47.414Z
805NMC30-N2,805NMC30-N2,NSE EQ,118.01,-6.99,-5.59,118.01,118.01,118.01,125,10,10,,,,,,,,,,,,46,NEUTRAL,kite:2026-05-08,2026-05-08T12:20:47.414Z
805NMC31-N3,805NMC31-N3,NSE EQ,118.01,-7.99,-6.34,126,126,118.01,126,30,30,,,,,,,,,,,,46,NEUTRAL,kite:2026-05-08,2026-05-08T12:20:47.414Z
805NMC32-N4,805NMC32-N4,NSE EQ,118.02,-6.98,-5.58,125.99,125.99,118.02,125,210,210,,,,,,,,,,,,46,NEUTRAL,kite:2026-05-08,2026-05-08T12:20:47.414Z
805NMC33-N5,805NMC33-N5,NSE EQ,120,-5,-4,118.01,120,118.01,125,11,11,,,,,,,,,,,,46,NEUTRAL,kite:2026-05-08,2026-05-08T12:20:47.414Z
805NMC34-N6,805NMC34-N6,NSE EQ,118.01,-6.99,-5.59,118.01,118.01,118.01,125,10,10,,,,,,,,,,,,46,NEUTRAL,kite:2026-05-08,2026-05-08T12:20:47.414Z
805NMC35-N7,805NMC35-N7,NSE EQ,118.01,-7.89,-6.27,118.01,118.01,118.01,125.9,10,10,,,,,,,,,,,,46,NEUTRAL,kite:2026-05-08,2026-05-08T12:20:47.414Z
805NMC36-N8,805NMC36-N8,NSE EQ,118.01,-6.99,-5.59,118.01,118.01,118.01,125,10,10,,,,,,,,,,,,46,NEUTRAL,kite:2026-05-08,2026-05-08T12:20:47.414Z
807MH49-SG,SDL MH 8.07% 2049,NSE EQ,95,-5,-5,100,100,95,100,1100,1100,,,,,,,,,,,,46,NEUTRAL,kite:2026-05-08,2026-05-08T12:20:47.414Z
810IRFC27-N2,810IRFC27-N2,NSE EQ,1063,0.47,0.04,1062.53,1063,1062.53,1062.53,130,130,,,,,,,,,,,,50,NEUTRAL,kite:2026-05-08,2026-05-08T12:20:47.414Z
812REC27-NI,812REC27-NI,NSE EQ,1087.3,0,0,0,1087.3,1087.12,1087.3,0,0,,,,,,,,,,,,50,NEUTRAL,kite:2026-05-08,2026-05-08T12:20:47.414Z
813GS2045-GS,GOI LOAN 8.13% 2045,NSE EQ,110,0,0,0,110,110,110,0,0,,,,,,,,,,,,50,NEUTRAL,kite:2026-05-08,2026-05-08T12:20:47.414Z
815GS2026-GS,GOI LOAN 8.15% 2026,NSE EQ,105.1,0,0,0,105.1,105.1,105.1,0,0,,,,,,,,,,,,50,NEUTRAL,kite:2026-05-08,2026-05-08T12:20:47.414Z
817GS2044-GS,GOI LOAN 8.17% 2044,NSE EQ,125.19,0,0,0,125.19,125.19,125.19,0,0,,,,,,,,,,,,50,NEUTRAL,kite:2026-05-08,2026-05-08T12:20:47.414Z
820IIFL27-N9,820IIFL27-N9,NSE EQ,983,-13.9,-1.39,997.98,997.98,983,996.9,645,645,,,,,,,,,,,,50,NEUTRAL,kite:2026-05-08,2026-05-08T12:20:47.414Z
824GS2027-GS,GOI LOAN 8.24%2027,NSE EQ,105,0,0,0,105,103.24,105,0,0,,,,,,,,,,,,50,NEUTRAL,kite:2026-05-08,2026-05-08T12:20:47.414Z
824GS2033-GS,GOI LOAN 8.24% 2033,NSE EQ,109.75,0,0,0,109.75,109.75,109.75,0,0,,,,,,,,,,,,50,NEUTRAL,kite:2026-05-08,2026-05-08T12:20:47.414Z
826GS2027-GS,GOI LOAN 8.26% 2027,NSE EQ,103.5,0,0,0,103.5,102.86,103.5,0,0,,,,,,,,,,,,50,NEUTRAL,kite:2026-05-08,2026-05-08T12:20:47.414Z
828GS2027-GS,GOI LOAN 8.28% 2027,NSE EQ,152.2,0,0,0,152.2,152.2,152.2,0,0,,,,,,,,,,,,50,NEUTRAL,kite:2026-05-08,2026-05-08T12:20:47.414Z
828GS2032-GS,GOI LOAN 8.28%2032,NSE EQ,106,0,0,0,107,104.87,106,0,0,,,,,,,,,,,,50,NEUTRAL,kite:2026-05-08,2026-05-08T12:20:47.414Z
829PFL29-N6,829PFL29-N6,NSE EQ,1260.5,0,0,0,1260.5,1260.5,1260.5,0,0,,,,,,,,,,,,50,NEUTRAL,kite:2026-05-08,2026-05-08T12:20:47.414Z
82HUDCO27-N2,82HUDCO27-N2,NSE EQ,1033,0.97,0.09,1033,1033,1033,1032.03,50,50,,,,,,,,,,,,50,NEUTRAL,kite:2026-05-08,2026-05-08T12:20:47.414Z
830CIFC26-N2,830CIFC26-N2,NSE EQ,996,0,0,0,996,995,996,0,0,,,,,,,,,,,,50,NEUTRAL,kite:2026-05-08,2026-05-08T12:20:47.414Z
830NHAI27-N2,830NHAI27-N2,NSE EQ,1066.01,-4.99,-0.47,1065.05,1070.99,1065.05,1071,185,185,,,,,,,,,,,,50,NEUTRAL,kite:2026-05-08,2026-05-08T12:20:47.414Z
830PFCL27-N5,830PFCL27-N5,NSE EQ,1064.76,-4.18,-0.39,1064,1065,1064,1068.94,195,195,,,,,,,,,,,,50,NEUTRAL,kite:2026-05-08,2026-05-08T12:20:47.414Z
832GS2032-GS,GOI LOAN 8.32% 2032,NSE EQ,108.98,-0.02,-0.02,109,109,108.98,109,20100,20100,,,,,,,,,,,,50,NEUTRAL,kite:2026-05-08,2026-05-08T12:20:47.414Z
833GS2026-GS,GOI LOAN 8.33% 2026,NSE EQ,103,0,0,103,103,103,103,1,1,,,,,,,,,,,,50,NEUTRAL,kite:2026-05-08,2026-05-08T12:20:47.414Z
833GS2036-GS,GOI LOAN 8.33% 2036,NSE EQ,114.55,0,0,0,114.55,114.55,114.55,0,0,,,,,,,,,,,,50,NEUTRAL,kite:2026-05-08,2026-05-08T12:20:47.414Z
835SCL23A-YH,835SCL23A-YH,NSE EQ,995.5,0,0,0,995.5,979.8,995.5,0,0,,,,,,,,,,,,50,NEUTRAL,kite:2026-05-08,2026-05-08T12:20:47.414Z
835SCL23B-YM,835SCL23B-YM,NSE EQ,1000,0,0,0,1015,1000,1000,0,0,,,,,,,,,,,,50,NEUTRAL,kite:2026-05-08,2026-05-08T12:20:47.414Z
837IIFL28-Y4,837IIFL28-Y4,NSE EQ,988,-0.51,-0.05,988,988,988,988.51,7,7,,,,,,,,,,,,50,NEUTRAL,kite:2026-05-08,2026-05-08T12:20:47.414Z
837REC33-N7,837REC33-N7,NSE EQ,34000,0,0,0,34000,34000,34000,0,0,,,,,,,,,,,,50,NEUTRAL,kite:2026-05-08,2026-05-08T12:20:47.414Z
840CIFCL28-N4,840CIFCL28-N4,NSE EQ,1007.1,0,0,0,1007.1,1007.1,1007.1,0,0,,,,,,,,,,,,50,NEUTRAL,kite:2026-05-08,2026-05-08T12:20:47.414Z
840IRFC29-N8,840IRFC29-N8,NSE EQ,1076,0,0,0,1076,1075.1,1076,0,0,,,,,,,,,,,,50,NEUTRAL,kite:2026-05-08,2026-05-08T12:20:47.414Z
842IIFL26-NL,842IIFL26-NL,NSE EQ,992,-4.9,-0.49,997.75,997.98,989.99,996.9,1713,1713,,,,,,,,,,,,50,NEUTRAL,kite:2026-05-08,2026-05-08T12:20:47.414Z
843IHFL29-NC,843IHFL29-NC,NSE EQ,991.62,4.29,0.43,945,991.97,945,987.33,180,180,,,,,,,,,,,,50,NEUTRAL,kite:2026-05-08,2026-05-08T12:20:47.414Z
846REC28-N6,846REC28-N6,NSE EQ,1101,0,0,0,1101,1101,1101,0,0,,,,,,,,,,,,50,NEUTRAL,kite:2026-05-08,2026-05-08T12:20:47.414Z
848AEL29-NJ,848AEL29-NJ,NSE EQ,1008,2.17,0.22,1008,1008,1008,1005.83,29,29,,,,,,,,,,,,50,NEUTRAL,kite:2026-05-08,2026-05-08T12:20:47.414Z
848NTPC28-N2,848NTPC28-N2,NSE EQ,1092.1,0,0,0,1092.1,1092.1,1092.1,0,0,,,,,,,,,,,,50,NEUTRAL,kite:2026-05-08,2026-05-08T12:20:47.414Z
84CIFCL28-NA,84CIFCL28-NA,NSE EQ,1040,0,0,0,1040,1030,1040,0,0,,,,,,,,,,,,50,NEUTRAL,kite:2026-05-08,2026-05-08T12:20:47.414Z
850CIFCL26-NE,850CIFCL26-NE,NSE EQ,1043,0,0,0,1043,1043,1043,0,0,,,,,,,,,,,,50,NEUTRAL,kite:2026-05-08,2026-05-08T12:20:47.414Z
850IIFL27-NA,850IIFL27-NA,NSE EQ,1018.8,0,0,0,1018.8,1018.8,1018.8,0,0,,,,,,,,,,,,50,NEUTRAL,kite:2026-05-08,2026-05-08T12:20:47.414Z
850NHAI29-N5,850NHAI29-N5,NSE EQ,1081.4,0,0,0,1081.4,1081.4,1081.4,0,0,,,,,,,,,,,,50,NEUTRAL,kite:2026-05-08,2026-05-08T12:20:47.414Z
850SCL25A-NW,850SCL25A-NW,NSE EQ,900,0,0,0,900,900,900,0,0,,,,,,,,,,,,50,NEUTRAL,kite:2026-05-08,2026-05-08T12:20:47.414Z
851HUDCO28-NB,851HUDCO28-NB,NSE EQ,1119,0,0,0,1119,1119,1119,0,0,,,,,,,,,,,,50,NEUTRAL,kite:2026-05-08,2026-05-08T12:20:47.414Z
852IIFL29-Y5,852IIFL29-Y5,NSE EQ,1000,0,0,0,1001,1000,1000,0,0,,,,,,,,,,,,50,NEUTRAL,kite:2026-05-08,2026-05-08T12:20:47.414Z
854NHPC28-N2,854NHPC28-N2,NSE EQ,1144.21,0,0,0,1144.21,1144,1144.21,0,0,,,,,,,,,,,,50,NEUTRAL,kite:2026-05-08,2026-05-08T12:20:47.414Z
855IREDA29-N2,855IREDA29-N2,NSE EQ,1100,0,0,0,1100,1100,1100,0,0,,,,,,,,,,,,50,NEUTRAL,kite:2026-05-08,2026-05-08T12:20:47.414Z
855IREDA34-N3,855IREDA34-N3,NSE EQ,1237.08,0,0,0,1237.26,1237,1237.08,0,0,,,,,,,,,,,,50,NEUTRAL,kite:2026-05-08,2026-05-08T12:20:47.414Z
855TCAPS27-N7,855TCAPS27-N7,NSE EQ,989.1,0,0,0,991.77,989,989.1,0,0,,,,,,,,,,,,50,NEUTRAL,kite:2026-05-08,2026-05-08T12:20:47.414Z
858HUDCO29-NC,858HUDCO29-NC,NSE EQ,1683.8,0,0,0,1683.8,1683.8,1683.8,0,0,,,,,,,,,,,,50,NEUTRAL,kite:2026-05-08,2026-05-08T12:20:47.414Z
860AEL28-NH,860AEL28-NH,NSE EQ,1026.25,5.24,0.51,1025,1026.5,1025,1021.01,126,126,,,,,,,,,,,,50,NEUTRAL,kite:2026-05-08,2026-05-08T12:20:47.414Z
860CIFCL28-NG,860CIFCL28-NG,NSE EQ,1020,0,0,0,1020,1020,1020,0,0,,,,,,,,,,,,50,NEUTRAL,kite:2026-05-08,2026-05-08T12:20:47.414Z
861REC34-ND,861REC34-ND,NSE EQ,1800,0,0,0,1800,1800,1800,0,0,,,,,,,,,,,,50,NEUTRAL,kite:2026-05-08,2026-05-08T12:20:47.414Z
862AEL31-NM,862AEL31-NM,NSE EQ,1016,4,0.4,1015,1016,1015,1012,12,12,,,,,,,,,,,,50,NEUTRAL,kite:2026-05-08,2026-05-08T12:20:47.414Z
862REC33-NA,862REC33-NA,NSE EQ,1220,0,0,0,1220,1220,1220,0,0,,,,,,,,,,,,50,NEUTRAL,kite:2026-05-08,2026-05-08T12:20:47.414Z
863IRFC29-NC,863IRFC29-NC,NSE EQ,1083.1,0,0,0,1083.1,1083.1,1083.1,0,0,,,,,,,,,,,,50,NEUTRAL,kite:2026-05-08,2026-05-08T12:20:47.414Z
863NHB29-N2,863NHB29-N2,NSE EQ,6100,0,0,0,6100,6100,6100,0,0,,,,,,,,,,,,50,NEUTRAL,kite:2026-05-08,2026-05-08T12:20:47.414Z
863NHB34-N3,863NHB34-N3,NSE EQ,6200,0,0,0,6200,6200,6200,0,0,,,,,,,,,,,,50,NEUTRAL,kite:2026-05-08,2026-05-08T12:20:47.414Z
863REC29-NC,863REC29-NC,NSE EQ,1399.87,0,0,0,1399.87,1399.87,1399.87,0,0,,,,,,,,,,,,50,NEUTRAL,kite:2026-05-08,2026-05-08T12:20:47.414Z
865IFL28-NZ,865IFL28-NZ,NSE EQ,982.2,0,0,0,982.2,981.2,982.2,0,0,,,,,,,,,,,,50,NEUTRAL,kite:2026-05-08,2026-05-08T12:20:47.414Z
865IHFL27-N1,865IHFL27-N1,NSE EQ,971,-9,-0.92,971.05,971.05,971,980,52,52,,,,,,,,,,,,50,NEUTRAL,kite:2026-05-08,2026-05-08T12:20:47.414Z
865IIFL28-NS,865IIFL28-NS,NSE EQ,991,6.95,0.71,997,997,987.1,984.05,257,257,,,,,,,,,,,,50,NEUTRAL,kite:2026-05-08,2026-05-08T12:20:47.414Z
865IIFL31-Y6,865IIFL31-Y6,NSE EQ,1000,0,0,1000,1000,1000,1000,50,50,,,,,,,,,,,,50,NEUTRAL,kite:2026-05-08,2026-05-08T12:20:47.414Z
865IRFC29-NA,865IRFC29-NA,NSE EQ,1090,-2,-0.18,1092,1094.98,1090,1092,525,525,,,,,,,,,,,,50,NEUTRAL,kite:2026-05-08,2026-05-08T12:20:47.414Z
865LTF26-NN,865LTF26-NN,NSE EQ,1034,1,0.1,1033.1,1034,1033.01,1033,5,5,,,,,,,,,,,,50,NEUTRAL,kite:2026-05-08,2026-05-08T12:20:47.414Z
865NHB34-N4,865NHB34-N4,NSE EQ,6999.89,0,0,0,6999.89,6999.89,6999.89,0,0,,,,,,,,,,,,50,NEUTRAL,kite:2026-05-08,2026-05-08T12:20:47.414Z
865SCL24B-Z8,865SCL24B-Z8,NSE EQ,1180,0,0,0,1180,1180,1180,0,0,,,,,,,,,,,,50,NEUTRAL,kite:2026-05-08,2026-05-08T12:20:47.414Z
865SCL26-N8,865SCL26-N8,NSE EQ,1014.99,0,0,0,1014.99,1014.99,1014.99,0,0,,,,,,,,,,,,50,NEUTRAL,kite:2026-05-08,2026-05-08T12:20:47.414Z
865SCL27-N4,865SCL27-N4,NSE EQ,980,0,0,0,980,977,980,0,0,,,,,,,,,,,,50,NEUTRAL,kite:2026-05-08,2026-05-08T12:20:47.414Z
865TCAPS27-N8,865TCAPS27-N8,NSE EQ,1089,0,0,0,1089,1089,1089,0,0,,,,,,,,,,,,50,NEUTRAL,kite:2026-05-08,2026-05-08T12:20:47.414Z
866IIFC34B-N3,866IIFC34B-N3,NSE EQ,1230,0,0,0,1230,1230,1230,0,0,,,,,,,,,,,,50,NEUTRAL,kite:2026-05-08,2026-05-08T12:20:47.414Z
866NTPC33-N3,866NTPC33-N3,NSE EQ,1240,7,0.57,1240,1240,1240,1233,80,80,,,,,,,,,,,,50,NEUTRAL,kite:2026-05-08,2026-05-08T12:20:47.414Z
867NHPC33-N3,867NHPC33-N3,NSE EQ,1300,0,0,0,1300,1300,1300,0,0,,,,,,,,,,,,50,NEUTRAL,kite:2026-05-08,2026-05-08T12:20:47.414Z
867PFCL33-N7,867PFCL33-N7,NSE EQ,1266,19,1.52,1248,1266,1248,1247,1790,1790,,,,,,,,,,,,50,NEUTRAL,kite:2026-05-08,2026-05-08T12:20:47.414Z
868NHB29-N3,868NHB29-N3,NSE EQ,6629,0,0,0,6629,6629,6629,0,0,,,,,,,,,,,,50,NEUTRAL,kite:2026-05-08,2026-05-08T12:20:47.414Z
870IIFL28-Y7,870IIFL28-Y7,NSE EQ,993.25,0,0,0,1009.41,993.25,993.25,0,0,,,,,,,,,,,,50,NEUTRAL,kite:2026-05-08,2026-05-08T12:20:47.414Z
871REC28-N9,871REC28-N9,NSE EQ,1114.95,0.05,0,1114.95,1114.95,1114.95,1114.9,98,98,,,,,,,,,,,,50,NEUTRAL,kite:2026-05-08,2026-05-08T12:20:47.414Z
872MMFSL26-N1,872MMFSL26-N1,NSE EQ,1017,1.07,0.11,1017,1017,1017,1015.93,74,74,,,,,,,,,,,,50,NEUTRAL,kite:2026-05-08,2026-05-08T12:20:47.414Z
873NTPC28-N5,873NTPC28-N5,NSE EQ,1119.32,0,0,0,1119.32,1119.32,1119.32,0,0,,,,,,,,,,,,50,NEUTRAL,kite:2026-05-08,2026-05-08T12:20:47.414Z
875AEL29-NK,875AEL29-NK,NSE EQ,1039,1,0.1,1035,1039,1035,1038,57,57,,,,,,,,,,,,50,NEUTRAL,kite:2026-05-08,2026-05-08T12:20:47.414Z
875IHFL29-ND,875IHFL29-ND,NSE EQ,976.35,0,0,0,976.35,976.35,976.35,0,0,,,,,,,,,,,,50,NEUTRAL,kite:2026-05-08,2026-05-08T12:20:47.414Z
875IIFL26-NM,875IIFL26-NM,NSE EQ,1030,0,0,0,1030,1030,1030,0,0,,,,,,,,,,,,50,NEUTRAL,kite:2026-05-08,2026-05-08T12:20:47.414Z
875NHAI29-N6,875NHAI29-N6,NSE EQ,1098.44,0.65,0.06,1099,1101,1098,1097.79,1970,1970,,,,,,,,,,,,50,NEUTRAL,kite:2026-05-08,2026-05-08T12:20:47.414Z
875PCHFL26-N8,875PCHFL26-N8,NSE EQ,1066,-1.4,-0.13,1067,1067,1066,1067.4,50,50,,,,,,,,,,,,50,NEUTRAL,kite:2026-05-08,2026-05-08T12:20:47.414Z
875PFL27-N0,875PFL27-N0,NSE EQ,103274.5,0,0,0,103274.5,103274.5,103274.5,0,0,,,,,,,,,,,,50,NEUTRAL,kite:2026-05-08,2026-05-08T12:20:47.414Z
875SCL23A-YI,875SCL23A-YI,NSE EQ,901.2,0,0,0,901.2,901.2,901.2,0,0,,,,,,,,,,,,50,NEUTRAL,kite:2026-05-08,2026-05-08T12:20:47.414Z
875SFL27-ZF,875SFL27-ZF,NSE EQ,1015,-10,-0.98,1015,1015,1015,1025,311,311,,,,,,,,,,,,50,NEUTRAL,kite:2026-05-08,2026-05-08T12:20:47.414Z
876HUDCO28-ND,876HUDCO28-ND,NSE EQ,1128,5.1,0.45,1122.9,1129,1122.9,1122.9,567,567,,,,,,,,,,,,50,NEUTRAL,kite:2026-05-08,2026-05-08T12:20:47.414Z
879NHPC28-N5,879NHPC28-N5,NSE EQ,1189.9,0,0,0,1189.9,1189.9,1189.9,0,0,,,,,,,,,,,,50,NEUTRAL,kite:2026-05-08,2026-05-08T12:20:47.414Z
879SCL26-NC,879SCL26-NC,NSE EQ,920,0,0,0,920,920,920,0,0,,,,,,,,,,,,50,NEUTRAL,kite:2026-05-08,2026-05-08T12:20:47.414Z
880IREDA29-N5,880IREDA29-N5,NSE EQ,1117.34,-0.94,-0.08,1117.99,1117.99,1110,1118.28,421,421,,,,,,,,,,,,50,NEUTRAL,kite:2026-05-08,2026-05-08T12:20:47.414Z
880IREDA34-N6,880IREDA34-N6,NSE EQ,1223.83,-0.17,-0.01,1224,1224.11,1220,1224,280,280,,,,,,,,,,,,50,NEUTRAL,kite:2026-05-08,2026-05-08T12:20:47.414Z
883GS2041-GS,GOI LOAN 8.83% 2041,NSE EQ,120,4.91,4.27,120,120,120,115.09,250,250,,,,,,,,,,,,54,NEUTRAL,kite:2026-05-08,2026-05-08T12:20:47.414Z
885AEL28-NB,885AEL28-NB,NSE EQ,1002,0,0,0,1006.1,1002,1002,0,0,,,,,,,,,,,,50,NEUTRAL,kite:2026-05-08,2026-05-08T12:20:47.414Z
885IHL26-N1,885IHL26-N1,NSE EQ,1019.8,0,0,0,1019.8,1019.8,1019.8,0,0,,,,,,,,,,,,50,NEUTRAL,kite:2026-05-08,2026-05-08T12:20:47.414Z
885IIFL29-Y8,885IIFL29-Y8,NSE EQ,1010,0,0,0,1010,1010,1010,0,0,,,,,,,,,,,,50,NEUTRAL,kite:2026-05-08,2026-05-08T12:20:47.414Z
885MFL28-NI,885MFL28-NI,NSE EQ,106071.12,0,0,0,106071.12,106071.12,106071.12,0,0,,,,,,,,,,,,50,NEUTRAL,kite:2026-05-08,2026-05-08T12:20:47.414Z
885SCL26-N9,885SCL26-N9,NSE EQ,1043.8,-6.13,-0.58,1049.93,1049.93,1043.8,1049.93,15,15,,,,,,,,,,,,50,NEUTRAL,kite:2026-05-08,2026-05-08T12:20:47.414Z
885TCAPS29-NC,885TCAPS29-NC,NSE EQ,1083,0,0,0,1083,1080,1083,0,0,,,,,,,,,,,,50,NEUTRAL,kite:2026-05-08,2026-05-08T12:20:47.414Z
886REC34-NG,886REC34-NG,NSE EQ,1255,0,0,0,1255,1253.99,1255,0,0,,,,,,,,,,,,50,NEUTRAL,kite:2026-05-08,2026-05-08T12:20:47.414Z
888ECL28-N1,888ECL28-N1,NSE EQ,985.1,0,0,0,985.1,985.1,985.1,0,0,,,,,,,,,,,,50,NEUTRAL,kite:2026-05-08,2026-05-08T12:20:47.414Z
888IRFC29-NE,888IRFC29-NE,NSE EQ,1093,-2,-0.18,1096,1096,1093,1095,500,500,,,,,,,,,,,,50,NEUTRAL,kite:2026-05-08,2026-05-08T12:20:47.414Z
888NHB29-N5,888NHB29-N5,NSE EQ,6003,0,0,0,6003,6003,6003,0,0,,,,,,,,,,,,50,NEUTRAL,kite:2026-05-08,2026-05-08T12:20:47.414Z
888REC29-NF,888REC29-NF,NSE EQ,1132.99,-0.01,0,1132.99,1132.99,1132.99,1133,6,6,,,,,,,,,,,,50,NEUTRAL,kite:2026-05-08,2026-05-08T12:20:47.414Z
888SCL25E-N4,888SCL25E-N4,NSE EQ,850,0,0,850,850,680.4,850,12,12,,,,,,,,,,,,50,NEUTRAL,kite:2026-05-08,2026-05-08T12:20:47.414Z
888SCL28-NA,888SCL28-NA,NSE EQ,966.6,0,0,0,966.6,966.6,966.6,0,0,,,,,,,,,,,,50,NEUTRAL,kite:2026-05-08,2026-05-08T12:20:47.414Z
889SCFL27-YC,889SCFL27-YC,NSE EQ,990,0,0,0,990,990,990,0,0,,,,,,,,,,,,50,NEUTRAL,kite:2026-05-08,2026-05-08T12:20:47.414Z
889SCL26-NS,889SCL26-NS,NSE EQ,1053.8,0,0,0,1053.8,1042.5,1053.8,0,0,,,,,,,,,,,,50,NEUTRAL,kite:2026-05-08,2026-05-08T12:20:47.414Z
889SCL27-YT,889SCL27-YT,NSE EQ,980,0,0,0,980,980,980,0,0,,,,,,,,,,,,50,NEUTRAL,kite:2026-05-08,2026-05-08T12:20:47.414Z
889SCL28-NU,889SCL28-NU,NSE EQ,1000,0,0,0,1000,1000,1000,0,0,,,,,,,,,,,,50,NEUTRAL,kite:2026-05-08,2026-05-08T12:20:47.414Z
890AEL31-NN,890AEL31-NN,NSE EQ,1035.17,-3.83,-0.37,1045,1058.4,1032.18,1039,404,404,,,,,,,,,,,,50,NEUTRAL,kite:2026-05-08,2026-05-08T12:20:47.414Z
890NHB34-N7,890NHB34-N7,NSE EQ,6500,0,0,0,6500,6500,6500,0,0,,,,,,,,,,,,50,NEUTRAL,kite:2026-05-08,2026-05-08T12:20:47.414Z
890SFIL23A-NZ,890SFIL23A-NZ,NSE EQ,440,0,0,440,440,440,440,37,37,,,,,,,,,,,,50,NEUTRAL,kite:2026-05-08,2026-05-08T12:20:47.414Z
891IIFCL34-N4,891IIFCL34-N4,NSE EQ,1245,0,0,0,1245,1245,1245,0,0,,,,,,,,,,,,50,NEUTRAL,kite:2026-05-08,2026-05-08T12:20:47.414Z
891NTPC33-N6,891NTPC33-N6,NSE EQ,1249.99,0,0,0,1250,1249.99,1249.99,0,0,,,,,,,,,,,,50,NEUTRAL,kite:2026-05-08,2026-05-08T12:20:47.414Z
892NHPC33-N6,892NHPC33-N6,NSE EQ,1226,0,0,0,1226,1226,1226,0,0,,,,,,,,,,,,50,NEUTRAL,kite:2026-05-08,2026-05-08T12:20:47.414Z
892PFCL33-N8,892PFCL33-N8,NSE EQ,1256,2,0.16,1256,1256,1256,1254,100,100,,,,,,,,,,,,50,NEUTRAL,kite:2026-05-08,2026-05-08T12:20:47.414Z
893NHB29-N6,893NHB29-N6,NSE EQ,5665,0,0,0,5735.99,5665,5665,0,0,,,,,,,,,,,,50,NEUTRAL,kite:2026-05-08,2026-05-08T12:20:47.414Z
894SCL27-ZY,894SCL27-ZY,NSE EQ,700,0,0,0,700,700,700,0,0,,,,,,,,,,,,50,NEUTRAL,kite:2026-05-08,2026-05-08T12:20:47.414Z
895AEL27-N9,895AEL27-N9,NSE EQ,1061.01,0,0,0,1061.01,1061.01,1061.01,0,0,,,,,,,,,,,,50,NEUTRAL,kite:2026-05-08,2026-05-08T12:20:47.414Z
897GS2030-GS,GOI LOAN 8.97% 2030,NSE EQ,114.9,-0.1,-0.09,114.2,114.9,114.2,115,2000,2000,,,,,,,,,,,,50,NEUTRAL,kite:2026-05-08,2026-05-08T12:20:47.414Z
897MOFSL29-N4,897MOFSL29-N4,NSE EQ,1032.7,-1.07,-0.1,1026,1032.9,1026,1033.77,48,48,,,,,,,,,,,,50,NEUTRAL,kite:2026-05-08,2026-05-08T12:20:47.414Z
898LTF29-N7,898LTF29-N7,NSE EQ,1073.5,8.5,0.8,1073.5,1073.5,1073.5,1065,174,174,,,,,,,,,,,,50,NEUTRAL,kite:2026-05-08,2026-05-08T12:20:47.414Z
8ABCL26-N2,8ABCL26-N2,NSE EQ,1031.2,0,0,0,1033.01,1031.2,1031.2,0,0,,,,,,,,,,,,50,NEUTRAL,kite:2026-05-08,2026-05-08T12:20:47.414Z
8SMC29-N1,8SMC29-N1,NSE EQ,505,0,0,0,507,505,505,0,0,,,,,,,,,,,,50,NEUTRAL,kite:2026-05-08,2026-05-08T12:20:47.414Z
8SMC30-N2,8SMC30-N2,NSE EQ,505,0,0,0,505,504,505,0,0,,,,,,,,,,,,50,NEUTRAL,kite:2026-05-08,2026-05-08T12:20:47.414Z
901HUDCO34-NE,901HUDCO34-NE,NSE EQ,1267.99,13.99,1.12,1267.99,1267.99,1265,1254,241,241,,,,,,,,,,,,50,NEUTRAL,kite:2026-05-08,2026-05-08T12:20:47.414Z
901NHB34-N6,901NHB34-N6,NSE EQ,6220.11,0,0,0,6240,6220,6220.11,0,0,,,,,,,,,,,,50,NEUTRAL,kite:2026-05-08,2026-05-08T12:20:47.414Z
902SCL26I-AW,902SCL26I-AW,NSE EQ,642,0,0,0,642,642,642,0,0,,,,,,,,,,,,50,NEUTRAL,kite:2026-05-08,2026-05-08T12:20:47.414Z
902SCL27A-ZI,902SCL27A-ZI,NSE EQ,980,0,0,0,980,980,980,0,0,,,,,,,,,,,,50,NEUTRAL,kite:2026-05-08,2026-05-08T12:20:47.414Z
902SCL27Q-N1,902SCL27Q-N1,NSE EQ,1000,0,0,1000,1000,1000,1000,3,3,,,,,,,,,,,,50,NEUTRAL,kite:2026-05-08,2026-05-08T12:20:47.414Z
902SCL28-N1,902SCL28-N1,NSE EQ,829,0,0,0,829,829,829,0,0,,,,,,,,,,,,50,NEUTRAL,kite:2026-05-08,2026-05-08T12:20:47.414Z
903SFL28-YI,903SFL28-YI,NSE EQ,1053.9,0,0,0,1053.9,1053,1053.9,0,0,,,,,,,,,,,,50,NEUTRAL,kite:2026-05-08,2026-05-08T12:20:47.414Z
905LTF27-NF,905LTF27-NF,NSE EQ,1018,0,0,0,1018,1018,1018,0,0,,,,,,,,,,,,50,NEUTRAL,kite:2026-05-08,2026-05-08T12:20:47.414Z
905PFL26-N1,905PFL26-N1,NSE EQ,1045,0,0,0,1045,1040,1045,0,0,,,,,,,,,,,,50,NEUTRAL,kite:2026-05-08,2026-05-08T12:20:47.414Z
905SC24B-Z9,905SC24B-Z9,NSE EQ,960.55,0,0,0,960.55,960.55,960.55,0,0,,,,,,,,,,,,50,NEUTRAL,kite:2026-05-08,2026-05-08T12:20:47.414Z
910TCAP28-NA,910TCAP28-NA,NSE EQ,1095.95,0,0,1095.95,1095.95,1095.95,1095.95,25,25,,,,,,,,,,,,50,NEUTRAL,kite:2026-05-08,2026-05-08T12:20:47.414Z
912PFL27-N0,912PFL27-N0,NSE EQ,104194.61,0,0,0,104194.61,104194.61,104194.61,0,0,,,,,,,,,,,,50,NEUTRAL,kite:2026-05-08,2026-05-08T12:20:47.414Z
915AEL28-NC,915AEL28-NC,NSE EQ,1075.61,4.61,0.43,1067.01,1077,1067.01,1071,572,572,,,,,,,,,,,,50,NEUTRAL,kite:2026-05-08,2026-05-08T12:20:47.414Z
915APSBC26-N0,915APSBC26-N0,NSE EQ,90580.16,0,0,0,90580.16,90580.16,90580.16,0,0,,,,,,,,,,,,50,NEUTRAL,kite:2026-05-08,2026-05-08T12:20:47.414Z
915APSBC27-N0,915APSBC27-N0,NSE EQ,101520,0,0,0,101520,101172.01,101520,0,0,,,,,,,,,,,,50,NEUTRAL,kite:2026-05-08,2026-05-08T12:20:47.414Z
915APSBC28-N0,915APSBC28-N0,NSE EQ,102171.68,0,0,0,102171.68,102171.68,102171.68,0,0,,,,,,,,,,,,50,NEUTRAL,kite:2026-05-08,2026-05-08T12:20:47.414Z
915APSBC29-N0,915APSBC29-N0,NSE EQ,103859.27,0,0,0,103859.27,103859.27,103859.27,0,0,,,,,,,,,,,,50,NEUTRAL,kite:2026-05-08,2026-05-08T12:20:47.414Z
915APSBC30-N0,915APSBC30-N0,NSE EQ,102843.41,0,0,0,102843.41,102843.41,102843.41,0,0,,,,,,,,,,,,50,NEUTRAL,kite:2026-05-08,2026-05-08T12:20:47.414Z
915APSBC31-N0,915APSBC31-N0,NSE EQ,104599.18,0,0,0,104599.18,104599.18,104599.18,0,0,,,,,,,,,,,,50,NEUTRAL,kite:2026-05-08,2026-05-08T12:20:47.414Z
915APSBC32-N0,915APSBC32-N0,NSE EQ,104475.82,0,0,0,104475.82,104475.82,104475.82,0,0,,,,,,,,,,,,50,NEUTRAL,kite:2026-05-08,2026-05-08T12:20:47.414Z
915APSBC33-N0,915APSBC33-N0,NSE EQ,104666,0,0,0,104666,104666,104666,0,0,,,,,,,,,,,,50,NEUTRAL,kite:2026-05-08,2026-05-08T12:20:47.414Z
915APSBC34-N0,915APSBC34-N0,NSE EQ,103400,0,0,0,103400,103400,103400,0,0,,,,,,,,,,,,50,NEUTRAL,kite:2026-05-08,2026-05-08T12:20:47.414Z
915APSBC35-N0,915APSBC35-N0,NSE EQ,104754.6,0,0,0,104754.6,104143.33,104754.6,0,0,,,,,,,,,,,,50,NEUTRAL,kite:2026-05-08,2026-05-08T12:20:47.414Z
915SCL26-NE,915SCL26-NE,NSE EQ,1048.5,1.5,0.14,1048.5,1048.5,1048.5,1047,20,20,,,,,,,,,,,,50,NEUTRAL,kite:2026-05-08,2026-05-08T12:20:47.414Z
915SCL27-Z7,915SCL27-Z7,NSE EQ,1037.8,0,0,0,1037.8,1016.2,1037.8,0,0,,,,,,,,,,,,50,NEUTRAL,kite:2026-05-08,2026-05-08T12:20:47.414Z
915SCL27A-ZL,915SCL27A-ZL,NSE EQ,950.65,0,0,0,950.65,950.65,950.65,0,0,,,,,,,,,,,,50,NEUTRAL,kite:2026-05-08,2026-05-08T12:20:47.414Z
91D040626-TB,GOI TBILL 91D-04/06/26,NSE EQ,100,0,0,0,100,100,100,0,0,,,,,,,,,,,,50,NEUTRAL,kite:2026-05-08,2026-05-08T12:20:47.414Z
91D090726-TB,GOI TBILL 91D-09/07/26,NSE EQ,98.8,-0.1,-0.1,98.9,98.9,98.8,98.9,300,300,,,,,,,,,,,,50,NEUTRAL,kite:2026-05-08,2026-05-08T12:20:47.414Z
91D110626-TB,GOI TBILL 91D-11/06/26,NSE EQ,99.2,0,0,0,99.2,99.2,99.2,0,0,,,,,,,,,,,,50,NEUTRAL,kite:2026-05-08,2026-05-08T12:20:47.414Z
91D140526-TB,GOI TBILL 91D-14/05/26,NSE EQ,99.55,0,0,0,99.55,99.33,99.55,0,0,,,,,,,,,,,,50,NEUTRAL,kite:2026-05-08,2026-05-08T12:20:47.414Z
91D160726-TB,GOI TBILL 91D-16/07/26,NSE EQ,98.39,0,0,0,98.72,98.26,98.39,0,0,,,,,,,,,,,,50,NEUTRAL,kite:2026-05-08,2026-05-08T12:20:47.414Z
91D190626-TB,GOI TBILL 91D-19/06/26,NSE EQ,99,0,0,0,99.35,99,99,0,0,,,,,,,,,,,,50,NEUTRAL,kite:2026-05-08,2026-05-08T12:20:47.414Z
91D220526-TB,GOI TBILL 91D-22/05/26,NSE EQ,99.6,0,0,99.6,99.6,99.6,99.6,100,100,,,,,,,,,,,,50,NEUTRAL,kite:2026-05-08,2026-05-08T12:20:47.414Z
91D230726-TB,GOI TBILL 91D-23/07/26,NSE EQ,98.5,0,0,0,98.5,98.14,98.5,0,0,,,,,,,,,,,,50,NEUTRAL,kite:2026-05-08,2026-05-08T12:20:47.414Z
91D280526-TB,GOI TBILL 91D-28/05/26,NSE EQ,99.2,-0.4,-0.4,99.2,99.2,99.2,99.6,200,200,,,,,,,,,,,,50,NEUTRAL,kite:2026-05-08,2026-05-08T12:20:47.414Z
91MOFSL27-N2,91MOFSL27-N2,NSE EQ,1005.89,0.33,0.03,1006.15,1006.15,1003.1,1005.56,21,21,,,,,,,,,,,,50,NEUTRAL,kite:2026-05-08,2026-05-08T12:20:47.414Z
920IIFLS26-N8,920IIFLS26-N8,NSE EQ,986.35,0,0,0,986.35,986.35,986.35,0,0,,,,,,,,,,,,50,NEUTRAL,kite:2026-05-08,2026-05-08T12:20:47.414Z
920ISF28B-N0,920ISF28B-N0,NSE EQ,9751,0,0,0,9751,9751,9751,0,0,,,,,,,,,,,,50,NEUTRAL,kite:2026-05-08,2026-05-08T12:20:47.414Z
920PFL28-N2,920PFL28-N2,NSE EQ,1060,3.44,0.33,1060,1060,1060,1056.56,45,45,,,,,,,,,,,,50,NEUTRAL,kite:2026-05-08,2026-05-08T12:20:47.414Z
923GS2043-GS,GOI LOAN 9.23% 2043,NSE EQ,114.99,0,0,0,114.99,114.99,114.99,0,0,,,,,,,,,,,,50,NEUTRAL,kite:2026-05-08,2026-05-08T12:20:47.414Z
925AEL26-N1,925AEL26-N1,NSE EQ,1053.54,-0.21,-0.02,1053.54,1053.54,1053.54,1053.75,7,7,,,,,,,,,,,,50,NEUTRAL,kite:2026-05-08,2026-05-08T12:20:47.414Z
925CAGL26-N9,925CAGL26-N9,NSE EQ,990,0,0,0,990,990,990,0,0,,,,,,,,,,,,50,NEUTRAL,kite:2026-05-08,2026-05-08T12:20:47.414Z
925ECL28-N2,925ECL28-N2,NSE EQ,985.8,0,0,0,985.8,985.8,985.8,0,0,,,,,,,,,,,,50,NEUTRAL,kite:2026-05-08,2026-05-08T12:20:47.414Z
925IHFL25E-N8,925IHFL25E-N8,NSE EQ,1046,0,0,0,1051.4,1046,1046,0,0,,,,,,,,,,,,50,NEUTRAL,kite:2026-05-08,2026-05-08T12:20:47.414Z
925IHFL29-N1,925IHFL29-N1,NSE EQ,975,0,0,0,975,965,975,0,0,,,,,,,,,,,,50,NEUTRAL,kite:2026-05-08,2026-05-08T12:20:47.414Z
925IHFL31-N1,925IHFL31-N1,NSE EQ,910,0,0,0,920,822.8,910,0,0,,,,,,,,,,,,50,NEUTRAL,kite:2026-05-08,2026-05-08T12:20:47.414Z
925IIFL32-N0,925IIFL32-N0,NSE EQ,96840.46,0,0,0,96840.46,96840.46,96840.46,0,0,,,,,,,,,,,,50,NEUTRAL,kite:2026-05-08,2026-05-08T12:20:47.414Z
925ISF28-N0,925ISF28-N0,NSE EQ,9701,0,0,0,9701,9602,9701,0,0,,,,,,,,,,,,50,NEUTRAL,kite:2026-05-08,2026-05-08T12:20:47.414Z
925SCFL27-YA,925SCFL27-YA,NSE EQ,1008.55,0,0,0,1008.55,1008.55,1008.55,0,0,,,,,,,,,,,,50,NEUTRAL,kite:2026-05-08,2026-05-08T12:20:47.414Z
925SCL2028-N8,925SCL2028-N8,NSE EQ,1013,0,0,0,1013,1013,1013,0,0,,,,,,,,,,,,50,NEUTRAL,kite:2026-05-08,2026-05-08T12:20:47.414Z
925SCL26-NR,925SCL26-NR,NSE EQ,835.05,0,0,0,835.05,800,835.05,0,0,,,,,,,,,,,,50,NEUTRAL,kite:2026-05-08,2026-05-08T12:20:47.414Z
925SCL26D-ZD,925SCL26D-ZD,NSE EQ,998.41,0,0,0,998.41,998.41,998.41,0,0,,,,,,,,,,,,50,NEUTRAL,kite:2026-05-08,2026-05-08T12:20:47.414Z
925SCL26F-N1,925SCL26F-N1,NSE EQ,985,0,0,0,985,985,985,0,0,,,,,,,,,,,,50,NEUTRAL,kite:2026-05-08,2026-05-08T12:20:47.414Z
925SCL26G-N0,925SCL26G-N0,NSE EQ,98146,0,0,0,98146,98146,98146,0,0,,,,,,,,,,,,50,NEUTRAL,kite:2026-05-08,2026-05-08T12:20:47.414Z
925SCL26W-N1,925SCL26W-N1,NSE EQ,998,2,0.2,998,998,998,996,400,400,,,,,,,,,,,,50,NEUTRAL,kite:2026-05-08,2026-05-08T12:20:47.414Z
925SCL27-YR,925SCL27-YR,NSE EQ,992.71,0,0,0,992.71,992.71,992.71,0,0,,,,,,,,,,,,50,NEUTRAL,kite:2026-05-08,2026-05-08T12:20:47.414Z
925SCL27B-N1,925SCL27B-N1,NSE EQ,984,0,0,0,984,984,984,0,0,,,,,,,,,,,,50,NEUTRAL,kite:2026-05-08,2026-05-08T12:20:47.414Z
925SCL28B-YC,925SCL28B-YC,NSE EQ,1019.88,0,0,0,1019.88,1019.88,1019.88,0,0,,,,,,,,,,,,50,NEUTRAL,kite:2026-05-08,2026-05-08T12:20:47.414Z
925SCL28C-BS,925SCL28C-BS,NSE EQ,637,0,0,0,637,637,637,0,0,,,,,,,,,,,,50,NEUTRAL,kite:2026-05-08,2026-05-08T12:20:47.414Z
925SCL29A-ZM,925SCL29A-ZM,NSE EQ,888,0,0,0,888,888,888,0,0,,,,,,,,,,,,50,NEUTRAL,kite:2026-05-08,2026-05-08T12:20:47.414Z
925SCL30-NF,925SCL30-NF,NSE EQ,970,0,0,0,970,970,970,0,0,,,,,,,,,,,,50,NEUTRAL,kite:2026-05-08,2026-05-08T12:20:47.414Z
925SCL30A-NH,925SCL30A-NH,NSE EQ,999.99,0,0,0,999.99,999.99,999.99,0,0,,,,,,,,,,,,50,NEUTRAL,kite:2026-05-08,2026-05-08T12:20:47.414Z
930AEL30-NF,930AEL30-NF,NSE EQ,1084.01,0,0,0,1101,1084.01,1084.01,0,0,,,,,,,,,,,,50,NEUTRAL,kite:2026-05-08,2026-05-08T12:20:47.414Z
930APMD27-N0,930APMD27-N0,NSE EQ,100000,0,0,100000,100000,100000,100000,7,7,,,,,,,,,,,,50,NEUTRAL,kite:2026-05-08,2026-05-08T12:20:47.414Z
930APMD28-N0,930APMD28-N0,NSE EQ,100950,-1349,-1.32,100950,100950,100950,102299,4,4,,,,,,,,,,,,50,NEUTRAL,kite:2026-05-08,2026-05-08T12:20:47.414Z
930APMD29-N0,930APMD29-N0,NSE EQ,101666,0,0,0,101666,101154,101666,0,0,,,,,,,,,,,,50,NEUTRAL,kite:2026-05-08,2026-05-08T12:20:47.414Z
930APMD30-N0,930APMD30-N0,NSE EQ,103000,0,0,0,103500,103000,103000,0,0,,,,,,,,,,,,50,NEUTRAL,kite:2026-05-08,2026-05-08T12:20:47.414Z
930APMD31-N0,930APMD31-N0,NSE EQ,103486,0,0,0,103486,103486,103486,0,0,,,,,,,,,,,,50,NEUTRAL,kite:2026-05-08,2026-05-08T12:20:47.414Z
930APMD32-N0,930APMD32-N0,NSE EQ,103700,0,0,0,103700,103313.28,103700,0,0,,,,,,,,,,,,50,NEUTRAL,kite:2026-05-08,2026-05-08T12:20:47.414Z
930APMD33-N0,930APMD33-N0,NSE EQ,103924.52,0,0,0,103924.52,103924.52,103924.52,0,0,,,,,,,,,,,,50,NEUTRAL,kite:2026-05-08,2026-05-08T12:20:47.414Z
930APMD34-N0,930APMD34-N0,NSE EQ,104400,4.08,0,104400,104400,104400,104395.92,14,14,,,,,,,,,,,,50,NEUTRAL,kite:2026-05-08,2026-05-08T12:20:47.414Z
930APMD35-N0,930APMD35-N0,NSE EQ,105000,0,0,0,105000,104500,105000,0,0,,,,,,,,,,,,50,NEUTRAL,kite:2026-05-08,2026-05-08T12:20:47.414Z
930IIFL27-NX,930IIFL27-NX,NSE EQ,1091.87,0,0,0,1091.87,1091.87,1091.87,0,0,,,,,,,,,,,,50,NEUTRAL,kite:2026-05-08,2026-05-08T12:20:47.414Z
930SFL28-YP,930SFL28-YP,NSE EQ,1085,0,0,0,1085,1085,1085,0,0,,,,,,,,,,,,50,NEUTRAL,kite:2026-05-08,2026-05-08T12:20:47.414Z
931SFL26-Z5,931SFL26-Z5,NSE EQ,1009,0,0,0,1015,1009,1009,0,0,,,,,,,,,,,,50,NEUTRAL,kite:2026-05-08,2026-05-08T12:20:47.414Z
932AEL27-N3,932AEL27-N3,NSE EQ,1013.1,0,0,0,1013.1,1013.1,1013.1,0,0,,,,,,,,,,,,50,NEUTRAL,kite:2026-05-08,2026-05-08T12:20:47.414Z
935AKCF27-N0,935AKCF27-N0,NSE EQ,104535.62,0,0,0,104535.62,104535.62,104535.62,0,0,,,,,,,,,,,,50,NEUTRAL,kite:2026-05-08,2026-05-08T12:20:47.414Z
935IIFL28-NZ,935IIFL28-NZ,NSE EQ,995,0,0,0,995,995,995,0,0,,,,,,,,,,,,50,NEUTRAL,kite:2026-05-08,2026-05-08T12:20:47.414Z
935LTF29-N5,935LTF29-N5,NSE EQ,1100.05,0.05,0,1100.05,1100.05,1100.05,1100,100,100,,,,,,,,,,,,50,NEUTRAL,kite:2026-05-08,2026-05-08T12:20:47.414Z
935MOFSL29-N5,935MOFSL29-N5,NSE EQ,1025,0,0,0,1025,1000,1025,0,0,,,,,,,,,,,,50,NEUTRAL,kite:2026-05-08,2026-05-08T12:20:47.414Z
935PFL33-N3,935PFL33-N3,NSE EQ,1086,1.61,0.15,1086,1086,1086,1084.39,446,446,,,,,,,,,,,,50,NEUTRAL,kite:2026-05-08,2026-05-08T12:20:47.414Z
935TSI27-N0,935TSI27-N0,NSE EQ,101700,0,0,0,101700,101700,101700,0,0,,,,,,,,,,,,50,NEUTRAL,kite:2026-05-08,2026-05-08T12:20:47.414Z
935TSI29-N0,935TSI29-N0,NSE EQ,102800,-200,-0.19,102800,102800,102800,103000,1,1,,,,,,,,,,,,50,NEUTRAL,kite:2026-05-08,2026-05-08T12:20:47.414Z
935TSI30-N0,935TSI30-N0,NSE EQ,103397.1,0,0,0,103397.16,103397.1,103397.1,0,0,,,,,,,,,,,,50,NEUTRAL,kite:2026-05-08,2026-05-08T12:20:47.414Z
935TSI31-N0,935TSI31-N0,NSE EQ,104523.42,51.23,0.05,105000,105000,104523.42,104472.19,15,15,,,,,,,,,,,,50,NEUTRAL,kite:2026-05-08,2026-05-08T12:20:47.414Z
935TSI32-N0,935TSI32-N0,NSE EQ,104800,0,0,0,104800,104800,104800,0,0,,,,,,,,,,,,50,NEUTRAL,kite:2026-05-08,2026-05-08T12:20:47.414Z
935TSI34-N0,935TSI34-N0,NSE EQ,105923.42,2519.42,2.44,105923.42,105923.42,105923.42,103404,5,5,,,,,,,,,,,,50,NEUTRAL,kite:2026-05-08,2026-05-08T12:20:47.414Z
935TSIIC28-N0,935TSIIC28-N0,NSE EQ,103400,-400,-0.39,102900,103800,102900,103800,3,3,,,,,,,,,,,,50,NEUTRAL,kite:2026-05-08,2026-05-08T12:20:47.414Z
935TSIIC33-N0,935TSIIC33-N0,NSE EQ,103000,0,0,0,103840,103000,103000,0,0,,,,,,,,,,,,50,NEUTRAL,kite:2026-05-08,2026-05-08T12:20:47.414Z
939SCL27-ZZ,939SCL27-ZZ,NSE EQ,850,0,0,0,850,825.1,850,0,0,,,,,,,,,,,,50,NEUTRAL,kite:2026-05-08,2026-05-08T12:20:47.414Z
93MOFSL34-N6,93MOFSL34-N6,NSE EQ,1055,-12.7,-1.19,1032,1055,1032,1067.7,2,2,,,,,,,,,,,,50,NEUTRAL,kite:2026-05-08,2026-05-08T12:20:47.414Z
940CAGL27-NB,940CAGL27-NB,NSE EQ,1004.85,0,0,1004.85,1004.85,1004.85,1004.85,123,123,,,,,,,,,,,,50,NEUTRAL,kite:2026-05-08,2026-05-08T12:20:47.414Z
943ECL28-NJ,943ECL28-NJ,NSE EQ,998.15,0,0,0,998.15,998.15,998.15,0,0,,,,,,,,,,,,50,NEUTRAL,kite:2026-05-08,2026-05-08T12:20:47.414Z
945SCL28-N0,945SCL28-N0,NSE EQ,99500,0,0,0,99500,99500,99500,0,0,,,,,,,,,,,,50,NEUTRAL,kite:2026-05-08,2026-05-08T12:20:47.414Z
945SCL32-NL,945SCL32-NL,NSE EQ,980,0,0,0,980,980,980,0,0,,,,,,,,,,,,50,NEUTRAL,kite:2026-05-08,2026-05-08T12:20:47.414Z
948SCL26-N9,948SCL26-N9,NSE EQ,698,0,0,0,700,698,698,0,0,,,,,,,,,,,,50,NEUTRAL,kite:2026-05-08,2026-05-08T12:20:47.414Z
948SCL26A-NN,948SCL26A-NN,NSE EQ,379.99,59.99,18.75,379.99,379.99,379.99,320,1025,1025,,,,,,,,,,,,54,NEUTRAL,kite:2026-05-08,2026-05-08T12:20:47.414Z
948SCL26B-Y8,948SCL26B-Y8,NSE EQ,950.2,0,0,0,950.2,950.2,950.2,0,0,,,,,,,,,,,,50,NEUTRAL,kite:2026-05-08,2026-05-08T12:20:47.414Z
948SCL26I-AX,948SCL26I-AX,NSE EQ,383.9,0,0,0,383.9,383.9,383.9,0,0,,,,,,,,,,,,50,NEUTRAL,kite:2026-05-08,2026-05-08T12:20:47.414Z
948SCL27-YV,948SCL27-YV,NSE EQ,986,0,0,0,986,986,986,0,0,,,,,,,,,,,,50,NEUTRAL,kite:2026-05-08,2026-05-08T12:20:47.414Z
948SCL27A-ZJ,948SCL27A-ZJ,NSE EQ,990,0,0,0,990,835.2,990,0,0,,,,,,,,,,,,50,NEUTRAL,kite:2026-05-08,2026-05-08T12:20:47.414Z
948SCL27D-N1,948SCL27D-N1,NSE EQ,1000,20.1,2.05,1000,1000,1000,979.9,10,10,,,,,,,,,,,,50,NEUTRAL,kite:2026-05-08,2026-05-08T12:20:47.414Z
948SCL27R-N1,948SCL27R-N1,NSE EQ,955,0,0,0,955,935,955,0,0,,,,,,,,,,,,50,NEUTRAL,kite:2026-05-08,2026-05-08T12:20:47.414Z
948SCL28-N1,948SCL28-N1,NSE EQ,984.99,0,0,0,984.99,920,984.99,0,0,,,,,,,,,,,,50,NEUTRAL,kite:2026-05-08,2026-05-08T12:20:47.414Z
950ISF27-N0,950ISF27-N0,NSE EQ,60999,0,0,0,60999,60999,60999,0,0,,,,,,,,,,,,50,NEUTRAL,kite:2026-05-08,2026-05-08T12:20:47.414Z
950ISF27A-N0,950ISF27A-N0,NSE EQ,98500,0,0,0,98500,98500,98500,0,0,,,,,,,,,,,,50,NEUTRAL,kite:2026-05-08,2026-05-08T12:20:47.414Z
950ISF27C-N0,950ISF27C-N0,NSE EQ,9900,360,3.77,9900,9900.43,9900,9540,62,62,,,,,,,,,,,,54,NEUTRAL,kite:2026-05-08,2026-05-08T12:20:47.414Z
955SCL35-NO,955SCL35-NO,NSE EQ,1009,0,0,0,1009,1009,1009,0,0,,,,,,,,,,,,50,NEUTRAL,kite:2026-05-08,2026-05-08T12:20:47.414Z
956AEL29-N6,956AEL29-N6,NSE EQ,1041,0,0,0,1041,1041,1041,0,0,,,,,,,,,,,,50,NEUTRAL,kite:2026-05-08,2026-05-08T12:20:47.414Z
957ICCL25-YW,957ICCL25-YW,NSE EQ,1075,0,0,0,1075,1075,1075,0,0,,,,,,,,,,,,50,NEUTRAL,kite:2026-05-08,2026-05-08T12:20:47.414Z
957IIFLS27-NA,957IIFLS27-NA,NSE EQ,999.75,0,0,0,999.75,999.75,999.75,0,0,,,,,,,,,,,,50,NEUTRAL,kite:2026-05-08,2026-05-08T12:20:47.414Z
957ISFL26-N2,957ISFL26-N2,NSE EQ,965,-20.42,-2.07,983.05,983.05,958.47,985.42,148,148,,,,,,,,,,,,50,NEUTRAL,kite:2026-05-08,2026-05-08T12:20:47.414Z
957NIDO26-N5,957NIDO26-N5,NSE EQ,990,-1.05,-0.11,990.5,990.5,990,991.05,106,106,,,,,,,,,,,,50,NEUTRAL,kite:2026-05-08,2026-05-08T12:20:47.414Z
957SCL30-BX,957SCL30-BX,NSE EQ,913.87,0,0,0,913.87,913.87,913.87,0,0,,,,,,,,,,,,50,NEUTRAL,kite:2026-05-08,2026-05-08T12:20:47.414Z
960IIFL30-Y2,960IIFL30-Y2,NSE EQ,1000,0,0,0,1000,1000,1000,0,0,,,,,,,,,,,,50,NEUTRAL,kite:2026-05-08,2026-05-08T12:20:47.414Z
960IIFLS26-N9,960IIFLS26-N9,NSE EQ,1067.35,0,0,0,1067.35,1067.35,1067.35,0,0,,,,,,,,,,,,50,NEUTRAL,kite:2026-05-08,2026-05-08T12:20:47.414Z
965AEL27-N4,965AEL27-N4,NSE EQ,1069.9,0,0,0,1069.9,1069.9,1069.9,0,0,,,,,,,,,,,,50,NEUTRAL,kite:2026-05-08,2026-05-08T12:20:47.414Z
965ISF28-N0,965ISF28-N0,NSE EQ,99500,0,0,0,99500,99500,99500,0,0,,,,,,,,,,,,50,NEUTRAL,kite:2026-05-08,2026-05-08T12:20:47.414Z
965SCL25C-N0,965SCL25C-N0,NSE EQ,444,0,0,0,444,444,444,0,0,,,,,,,,,,,,50,NEUTRAL,kite:2026-05-08,2026-05-08T12:20:47.414Z
965SCL25F-NZ,965SCL25F-NZ,NSE EQ,888,0,0,0,888,888,888,0,0,,,,,,,,,,,,50,NEUTRAL,kite:2026-05-08,2026-05-08T12:20:47.414Z
965SCL26A-ZB,965SCL26A-ZB,NSE EQ,1092,3.2,0.29,1088.8,1092,1088.8,1088.8,198,198,,,,,,,,,,,,50,NEUTRAL,kite:2026-05-08,2026-05-08T12:20:47.414Z
965SCL26F-N1,965SCL26F-N1,NSE EQ,1043,0,0,0,1043.7,1043,1043,0,0,,,,,,,,,,,,50,NEUTRAL,kite:2026-05-08,2026-05-08T12:20:47.414Z
965SCL26Y-N1,965SCL26Y-N1,NSE EQ,1000.2,0,0,0,1000.2,1000.2,1000.2,0,0,,,,,,,,,,,,50,NEUTRAL,kite:2026-05-08,2026-05-08T12:20:47.414Z
965SCL27-N1,965SCL27-N1,NSE EQ,1057.2,0,0,0,1057.2,1057.2,1057.2,0,0,,,,,,,,,,,,50,NEUTRAL,kite:2026-05-08,2026-05-08T12:20:47.414Z
965SCL28-AK,965SCL28-AK,NSE EQ,402,0,0,0,402,402,402,0,0,,,,,,,,,,,,50,NEUTRAL,kite:2026-05-08,2026-05-08T12:20:47.414Z
965SCL30-ND,965SCL30-ND,NSE EQ,1025,0,0,0,1025,1025,1025,0,0,,,,,,,,,,,,50,NEUTRAL,kite:2026-05-08,2026-05-08T12:20:47.414Z
970CAGL28-ND,970CAGL28-ND,NSE EQ,1022.31,-9.56,-0.93,1020.5,1025,1020.5,1031.87,255,255,,,,,,,,,,,,50,NEUTRAL,kite:2026-05-08,2026-05-08T12:20:47.414Z
971SCL28-AN,971SCL28-AN,NSE EQ,511,0,0,0,511,511,511,0,0,,,,,,,,,,,,50,NEUTRAL,kite:2026-05-08,2026-05-08T12:20:47.414Z
971SCL28A-NT,971SCL28A-NT,NSE EQ,720,0,0,0,720,720,720,0,0,,,,,,,,,,,,50,NEUTRAL,kite:2026-05-08,2026-05-08T12:20:47.414Z
971SCL28I-BC,971SCL28I-BC,NSE EQ,652.5,0,0,0,660,650,652.5,0,0,,,,,,,,,,,,50,NEUTRAL,kite:2026-05-08,2026-05-08T12:20:47.414Z
971SCL29-Z0,971SCL29-Z0,NSE EQ,1000,0,0,0,1000,999,1000,0,0,,,,,,,,,,,,50,NEUTRAL,kite:2026-05-08,2026-05-08T12:20:47.414Z
971SCL29A-ZN,971SCL29A-ZN,NSE EQ,999,0,0,0,999,999,999,0,0,,,,,,,,,,,,50,NEUTRAL,kite:2026-05-08,2026-05-08T12:20:47.414Z
971SCL29B-N1,971SCL29B-N1,NSE EQ,999,0,0,0,999,999,999,0,0,,,,,,,,,,,,50,NEUTRAL,kite:2026-05-08,2026-05-08T12:20:47.414Z
971SCL29T-N1,971SCL29T-N1,NSE EQ,979.9,0,0,0,979.9,979.9,979.9,0,0,,,,,,,,,,,,50,NEUTRAL,kite:2026-05-08,2026-05-08T12:20:47.414Z
971SCL30-N1,971SCL30-N1,NSE EQ,901.2,0,0,0,901.2,901.2,901.2,0,0,,,,,,,,,,,,50,NEUTRAL,kite:2026-05-08,2026-05-08T12:20:47.414Z
971SCL30A-N1,971SCL30A-N1,NSE EQ,995,0,0,0,995,995,995,0,0,,,,,,,,,,,,50,NEUTRAL,kite:2026-05-08,2026-05-08T12:20:47.414Z
975BNAL28-N0,975BNAL28-N0,NSE EQ,9984,0,0,0,9984,9930,9984,0,0,,,,,,,,,,,,50,NEUTRAL,kite:2026-05-08,2026-05-08T12:20:47.414Z
975IIFL28-Y0,975IIFL28-Y0,NSE EQ,1101.12,0,0,0,1101.12,1101.12,1101.12,0,0,,,,,,,,,,,,50,NEUTRAL,kite:2026-05-08,2026-05-08T12:20:47.414Z
975ISF28-N0,975ISF28-N0,NSE EQ,86000,0,0,0,86000,86000,86000,0,0,,,,,,,,,,,,50,NEUTRAL,kite:2026-05-08,2026-05-08T12:20:47.414Z
975SCL28-NT,975SCL28-NT,NSE EQ,990,0,0,0,990,990,990,0,0,,,,,,,,,,,,50,NEUTRAL,kite:2026-05-08,2026-05-08T12:20:47.414Z
975SCL28A-N0,975SCL28A-N0,NSE EQ,102589,0,0,0,102589,102589,102589,0,0,,,,,,,,,,,,50,NEUTRAL,kite:2026-05-08,2026-05-08T12:20:47.414Z
975SCL29-N0,975SCL29-N0,NSE EQ,100000,0,0,0,100000,100000,100000,0,0,,,,,,,,,,,,50,NEUTRAL,kite:2026-05-08,2026-05-08T12:20:47.414Z
975SCL35-N0,975SCL35-N0,NSE EQ,107500,0,0,0,107500,107000,107500,0,0,,,,,,,,,,,,50,NEUTRAL,kite:2026-05-08,2026-05-08T12:20:47.414Z
97MOFSL34-N7,97MOFSL34-N7,NSE EQ,1150,0,0,0,1179,1071,1150,0,0,,,,,,,,,,,,50,NEUTRAL,kite:2026-05-08,2026-05-08T12:20:47.414Z
980SCL33-NX,980SCL33-NX,NSE EQ,930,0,0,0,930,930,930,0,0,,,,,,,,,,,,50,NEUTRAL,kite:2026-05-08,2026-05-08T12:20:47.414Z
980SCL33C-ND,980SCL33C-ND,NSE EQ,828.75,0,0,0,828.75,828.75,828.75,0,0,,,,,,,,,,,,50,NEUTRAL,kite:2026-05-08,2026-05-08T12:20:47.414Z
980SCL33D-YG,980SCL33D-YG,NSE EQ,925.2,0,0,0,925.2,925.2,925.2,0,0,,,,,,,,,,,,50,NEUTRAL,kite:2026-05-08,2026-05-08T12:20:47.414Z
985CCSP27-N0,985CCSP27-N0,NSE EQ,99898.1,0,0,0,99898.1,99898.1,99898.1,0,0,,,,,,,,,,,,50,NEUTRAL,kite:2026-05-08,2026-05-08T12:20:47.414Z
985ECL28-NK,985ECL28-NK,NSE EQ,1053.52,-3.48,-0.33,1057,1057,1052.5,1057,2125,2125,,,,,,,,,,,,50,NEUTRAL,kite:2026-05-08,2026-05-08T12:20:47.414Z
985SCL32-NJ,985SCL32-NJ,NSE EQ,1033,0,0,0,1033,977,1033,0,0,,,,,,,,,,,,50,NEUTRAL,kite:2026-05-08,2026-05-08T12:20:47.414Z
985SFIL28-NO,985SFIL28-NO,NSE EQ,401.25,0,0,0,401.25,401.25,401.25,0,0,,,,,,,,,,,,50,NEUTRAL,kite:2026-05-08,2026-05-08T12:20:47.414Z
990CCSP27-N0,990CCSP27-N0,NSE EQ,101727.31,0,0,0,101727.31,101727.31,101727.31,0,0,,,,,,,,,,,,50,NEUTRAL,kite:2026-05-08,2026-05-08T12:20:47.414Z
990IIFL27A-N0,990IIFL27A-N0,NSE EQ,108001.16,0,0,0,108001.16,108001.16,108001.16,0,0,,,,,,,,,,,,50,NEUTRAL,kite:2026-05-08,2026-05-08T12:20:47.414Z
990SCL26-N7,990SCL26-N7,NSE EQ,340.2,0,0,0,340.2,340.2,340.2,0,0,,,,,,,,,,,,50,NEUTRAL,kite:2026-05-08,2026-05-08T12:20:47.414Z
990SCL26A-NL,990SCL26A-NL,NSE EQ,345,0,0,0,345,345,345,0,0,,,,,,,,,,,,50,NEUTRAL,kite:2026-05-08,2026-05-08T12:20:47.414Z
990SCL26B-Y7,990SCL26B-Y7,NSE EQ,1008.2,0,0,0,1008.2,1008.2,1008.2,0,0,,,,,,,,,,,,50,NEUTRAL,kite:2026-05-08,2026-05-08T12:20:47.414Z
990SCL26I-AV,990SCL26I-AV,NSE EQ,775.71,0,0,0,775.71,775.71,775.71,0,0,,,,,,,,,,,,50,NEUTRAL,kite:2026-05-08,2026-05-08T12:20:47.414Z
990SCL27-YT,990SCL27-YT,NSE EQ,1004,0,0,0,1004,1004,1004,0,0,,,,,,,,,,,,50,NEUTRAL,kite:2026-05-08,2026-05-08T12:20:47.414Z
990SCL27B-N1,990SCL27B-N1,NSE EQ,1046,0,0,0,1046,1045.99,1046,0,0,,,,,,,,,,,,50,NEUTRAL,kite:2026-05-08,2026-05-08T12:20:47.414Z
990SCL28-N1,990SCL28-N1,NSE EQ,994,0,0,0,994,994,994,0,0,,,,,,,,,,,,50,NEUTRAL,kite:2026-05-08,2026-05-08T12:20:47.414Z
995SCL2035-NM,995SCL2035-NM,NSE EQ,1045.7,0.87,0.08,1045.7,1045.7,1045.7,1044.83,33,33,,,,,,,,,,,,50,NEUTRAL,kite:2026-05-08,2026-05-08T12:20:47.414Z
9AEL30-NE,9AEL30-NE,NSE EQ,1034.9,8.9,0.87,1030,1034.9,1030,1026,112,112,,,,,,,,,,,,50,NEUTRAL,kite:2026-05-08,2026-05-08T12:20:47.414Z
9IHFL27-N1,9IHFL27-N1,NSE EQ,1000.25,-9.75,-0.97,1000.25,1000.25,1000.25,1010,40,40,,,,,,,,,,,,50,NEUTRAL,kite:2026-05-08,2026-05-08T12:20:47.414Z
9IIFL26-NV,9IIFL26-NV,NSE EQ,1017,0,0,0,1017,1017,1017,0,0,,,,,,,,,,,,50,NEUTRAL,kite:2026-05-08,2026-05-08T12:20:47.414Z
9IIFL28-Y0,9IIFL28-Y0,NSE EQ,1050.82,0,0,0,1051.5,1050.82,1050.82,0,0,,,,,,,,,,,,50,NEUTRAL,kite:2026-05-08,2026-05-08T12:20:47.414Z
9IIFL28A-NT,9IIFL28A-NT,NSE EQ,1003.08,12.08,1.22,1001,1003.08,1001,991,210,210,,,,,,,,,,,,50,NEUTRAL,kite:2026-05-08,2026-05-08T12:20:47.414Z
9IIFL31-Y9,9IIFL31-Y9,NSE EQ,1000,0,0,0,1010,1000,1000,0,0,,,,,,,,,,,,50,NEUTRAL,kite:2026-05-08,2026-05-08T12:20:47.414Z
9MMFSML-N2,9MMFSML-N2,NSE EQ,1078.79,0.14,0.01,1079,1079,1078.75,1078.65,1749,1749,,,,,,,,,,,,50,NEUTRAL,kite:2026-05-08,2026-05-08T12:20:47.414Z
9PCHFL31A-NA,9PCHFL31A-NA,NSE EQ,1098.99,8.99,0.82,1098.99,1098.99,1098.99,1090,18,18,,,,,,,,,,,,50,NEUTRAL,kite:2026-05-08,2026-05-08T12:20:47.414Z
9PCPL28-N0,9PCPL28-N0,NSE EQ,97960.11,0,0,0,97960.11,97960.11,97960.11,0,0,,,,,,,,,,,,50,NEUTRAL,kite:2026-05-08,2026-05-08T12:20:47.414Z
9PFL27-N0,9PFL27-N0,NSE EQ,105326.1,0,0,0,105326.1,105326.1,105326.1,0,0,,,,,,,,,,,,50,NEUTRAL,kite:2026-05-08,2026-05-08T12:20:47.414Z
9SCL26BA-NA,9SCL26BA-NA,NSE EQ,1046.2,0.2,0.02,1046.2,1046.2,1046.2,1046,19,19,,,,,,,,,,,,50,NEUTRAL,kite:2026-05-08,2026-05-08T12:20:47.414Z
9SCL27-N2,9SCL27-N2,NSE EQ,1048.8,18.6,1.81,1048.8,1048.8,1048.8,1030.2,20,20,,,,,,,,,,,,50,NEUTRAL,kite:2026-05-08,2026-05-08T12:20:47.414Z
9TCAP28-N9,9TCAP28-N9,NSE EQ,1000.1,0,0,0,1000.1,1000.1,1000.1,0,0,,,,,,,,,,,,50,NEUTRAL,kite:2026-05-08,2026-05-08T12:20:47.414Z
A2ZINFRA-BE,A2Z INFRA ENGINEERING,NSE EQ,16.18,-0.43,-2.59,16.84,16.84,16.13,16.61,220487,220487,,,,,,,,,,,,50,NEUTRAL,kite:2026-05-08,2026-05-08T12:20:47.414Z
AAATECH,AAA TECHNOLOGIES,NSE EQ,99.34,-1.65,-1.63,101.8,101.88,98.26,100.99,14103,14103,,,,,,,,,,,68.45,50,NEUTRAL,kite:2026-05-08,2026-05-08T12:20:47.414Z
AADHARHFC,AADHAR HOUSING FINANCE L,NSE EQ,501.4,0.95,0.19,501.5,506.25,497.3,500.45,301895,301895,,,,,,,,,,,56.59,50,NEUTRAL,kite:2026-05-08,2026-05-08T12:20:47.414Z
AAKAAR-ST,AAKAAR MEDICAL TECHNO,NSE EQ,54.05,0,0,0,54.05,53.55,54.05,0,0,,,,,,,,,,,,50,NEUTRAL,kite:2026-05-08,2026-05-08T12:20:47.414Z
AAKASH-BE,AAKASH EXPLORATION SER L,NSE EQ,8.11,-0.09,-1.1,8.2,8.29,8.1,8.2,129827,129827,,,,,,,,,,,,50,NEUTRAL,kite:2026-05-08,2026-05-08T12:20:47.414Z
AARADHYA-SM,AARADHYA DISPOSAL INDUS L,NSE EQ,107,-0.8,-0.74,107,107,107,107.8,1200,1200,,,,,,,,,,,,50,NEUTRAL,kite:2026-05-08,2026-05-08T12:20:47.414Z
AAREYDRUGS-BE,AAREY DRUGS & PHARM,NSE EQ,92.12,4.12,4.68,89.58,92.4,86.2,88,280597,280597,,,,,,,,,,,,54,NEUTRAL,kite:2026-05-08,2026-05-08T12:20:47.414Z
AARNAV,AARNAV FASHIONS,NSE EQ,22.86,-0.36,-1.55,23.33,24,22.52,23.22,453681,453681,,,,,,,,,,,92.87,50,NEUTRAL,kite:2026-05-08,2026-05-08T12:20:47.414Z
AARON,AARON INDUSTRIES,NSE EQ,138.74,0,0,136.15,139.69,136.15,138.74,7971,7971,,,,,,,,,,,57.61,50,NEUTRAL,kite:2026-05-08,2026-05-08T12:20:47.414Z
AARTECH,AARTECH SOLONICS,NSE EQ,45,-0.05,-0.11,44.5,45.43,44,45.05,90776,90776,,,,,,,,,,,59.04,50,NEUTRAL,kite:2026-05-08,2026-05-08T12:20:47.414Z
AARTIDRUGS,AARTI DRUGS,NSE EQ,387.9,-9.75,-2.45,395.25,399.9,385.1,397.65,132473,132473,,,,,,,,,,,47.65,50,NEUTRAL,kite:2026-05-08,2026-05-08T12:20:47.414Z
AARTIIND,Aarti Industries Limited,NSE EQ,485.45,-2.7,-0.55,485,490.55,484.1,488.15,577067,577067,523.1,338.05,,475.59,450.15,431.14,424.1,58.08,16.32,0.34,44.8,66,BUY,kite:2026-05-08,2026-05-08T12:20:47.414Z
AARTIPHARM,AARTI PHARMALABS,NSE EQ,766.2,-11.45,-1.47,777.65,789,762.6,777.65,145918,145918,,,,,,,,,,,50.39,50,NEUTRAL,kite:2026-05-08,2026-05-08T12:20:47.414Z
AARTISURF,AARTI SURFACTANTS,NSE EQ,461.6,13.4,2.99,453,465,445,448.2,21591,21591,,,,,,,,,,,58.85,50,NEUTRAL,kite:2026-05-08,2026-05-08T12:20:47.414Z
AARTISURF-P1,AARTI SURFACTANTS,NSE EQ,248,0,0,0,248,248,248,0,0,,,,,,,,,,,,50,NEUTRAL,kite:2026-05-08,2026-05-08T12:20:47.414Z
AARVI,AARVI ENCON,NSE EQ,128.1,-0.34,-0.26,126.5,129.58,126,128.44,12850,12850,,,,,,,,,,,56.03,50,NEUTRAL,kite:2026-05-08,2026-05-08T12:20:47.414Z
AATMAJ-SM,AATMAJ HEALTHCARE,NSE EQ,22.45,2.15,10.59,21.45,22.5,21.2,20.3,26000,26000,,,,,,,,,,,,54,NEUTRAL,kite:2026-05-08,2026-05-08T12:20:47.414Z
AAVAS,AAVAS FINANCIERS,NSE EQ,1443.6,24,1.69,1419.9,1460,1415,1419.6,82898,82898,,,,,,,,,,,53.93,50,NEUTRAL,kite:2026-05-08,2026-05-08T12:20:47.414Z
ABAN-BE,ABAN OFFSHORE,NSE EQ,17.07,0.81,4.98,17.07,17.07,17.07,16.26,61940,61940,,,,,,,,,,,,54,NEUTRAL,kite:2026-05-08,2026-05-08T12:20:47.414Z
ABANSENT-BE,ABANS ENTERPRISES,NSE EQ,39.09,-2.05,-4.98,39.09,39.09,39.09,41.14,3631,3631,,,,,,,,,,,,46,NEUTRAL,kite:2026-05-08,2026-05-08T12:20:47.414Z
ABB,ABB India Limited,NSE EQ,7012.5,-175.5,-2.44,7210,7210,6991.5,7188,443952,443952,7822.5,4637.5,,7078.85,6646.54,6209.63,5896.73,51.6,210.24,0.97,37.98,50,NEUTRAL,kite:2026-05-08,2026-05-08T12:20:47.414Z
ABBOTINDIA,ABBOTT INDIA,NSE EQ,26700,0,0,26840,26880,26550,26700,11131,11131,,,,,,,,,,,61.82,50,NEUTRAL,kite:2026-05-08,2026-05-08T12:20:47.414Z
ABCAPITAL,ADITYA BIRLA CAPITAL,NSE EQ,362.95,-6.05,-1.64,369,369.85,361.35,369,2976183,2976183,,,,,,,,,,,42.85,50,NEUTRAL,kite:2026-05-08,2026-05-08T12:20:47.414Z
ABCL26-N3,ABCL26-N3,NSE EQ,1188,0,0,0,1188,1188,1188,0,0,,,,,,,,,,,,50,NEUTRAL,kite:2026-05-08,2026-05-08T12:20:47.414Z
ABCL28-N6,ABCL28-N6,NSE EQ,1200,0,0,1200,1200,1200,1200,83,83,,,,,,,,,,,,50,NEUTRAL,kite:2026-05-08,2026-05-08T12:20:47.414Z
ABCOTS,A B COTSPIN INDIA,NSE EQ,226.73,-0.42,-0.18,229,231.89,225.01,227.15,36454,36454,,,,,,,,,,,40.39,50,NEUTRAL,kite:2026-05-08,2026-05-08T12:20:47.414Z
ABDL,ALLIED BLEND N DISTILS L,NSE EQ,591.3,19.3,3.37,572,600,562.35,572,900364,900364,,,,,,,,,,,47.54,54,NEUTRAL,kite:2026-05-08,2026-05-08T12:20:47.414Z
ABFRL,ADITYA BIRLA FASHION & RT,NSE EQ,66.33,-1.46,-2.15,67.7,67.7,66.09,67.79,4480246,4480246,,,,,,,,,,,45.56,50,NEUTRAL,kite:2026-05-08,2026-05-08T12:20:47.414Z
ABGSEC,ADITYA BIRLA SUN LIFE CRISIL BROAD BASED GILT ETF,NSE EQ,111.59,-1.51,-1.34,111.38,112.93,111.38,113.1,85,85,,,,,,,,,,,72.94,50,NEUTRAL,kite:2026-05-08,2026-05-08T12:20:47.414Z
ABHAPOWER-SM,ABHA POWER N STEEL,NSE EQ,31.5,-0.5,-1.56,32.35,32.35,31.25,32,11200,11200,,,,,,,,,,,,50,NEUTRAL,kite:2026-05-08,2026-05-08T12:20:47.414Z
ABINFRA,A B INFRABUILD,NSE EQ,14.81,-0.71,-4.57,15.7,16.09,14.6,15.52,2075540,2075540,,,,,,,,,,,59.53,46,NEUTRAL,kite:2026-05-08,2026-05-08T12:20:47.414Z
ABLBL,ADITYA BIRLA LIFES BRAN L,NSE EQ,114.06,-4.15,-3.51,107.01,114.5,104.99,118.21,7630719,7630719,,,,,,,,,,,29.52,46,NEUTRAL,kite:2026-05-08,2026-05-08T12:20:47.414Z
ABMINTLLTD-BE,ABM INTERNATIONAL,NSE EQ,43.81,0,0,43.81,43.81,43.81,43.81,270,270,,,,,,,,,,,,50,NEUTRAL,kite:2026-05-08,2026-05-08T12:20:47.414Z
ABMKNO,A B M KNOWLEDGEWARE,NSE EQ,227.36,2.41,1.07,225,233,217.99,224.95,5169,5169,,,,,,,,,,,98.2,50,NEUTRAL,kite:2026-05-08,2026-05-08T12:20:47.414Z
ABREL,ADITYA BIRLA REAL EST,NSE EQ,1485.8,-105.4,-6.62,1590,1593.8,1470,1591.2,553663,553663,,,,,,,,,,,45.03,46,NEUTRAL,kite:2026-05-08,2026-05-08T12:20:47.414Z
ABSL10BANK,BIRLASLAMC - ABSL10BANK,NSE EQ,164.3,-2.28,-1.37,164.81,166.58,163.5,166.58,687,687,,,,,,,,,,,56.04,50,NEUTRAL,kite:2026-05-08,2026-05-08T12:20:47.414Z
ABSLAMC,ADIT BIRL SUN LIF AMC,NSE EQ,1072.4,-16.2,-1.49,1088.6,1088.9,1063.9,1088.6,1079673,1079673,,,,,,,,,,,81.77,50,NEUTRAL,kite:2026-05-08,2026-05-08T12:20:47.414Z
ABSLBANETF,ADITYA BIRLA SUN LIFE NIFTY BANK ETF,NSE EQ,56.45,-0.7,-1.22,57.23,57.23,56.3,57.15,43926,43926,,,,,,,,,,,56.42,50,NEUTRAL,kite:2026-05-08,2026-05-08T12:20:47.414Z
ABSLMSCIN,BIRLASLAMC - ABSLMSCIN,NSE EQ,29.51,-0.16,-0.54,29.56,29.56,29.48,29.67,123,123,,,,,,,,,,,99.19,50,NEUTRAL,kite:2026-05-08,2026-05-08T12:20:47.414Z
ABSLNN50ET,ADITYA BIRLA SUN LIFE NIFTY NEXT 50 ETF,NSE EQ,75.21,-0.08,-0.11,75.6,75.75,74.66,75.29,9488,9488,,,,,,,,,,,54.04,50,NEUTRAL,kite:2026-05-08,2026-05-08T12:20:47.414Z
ABSLPSE,ADITYA BIRLA SUN LIFE NIFTY PSE ETF,NSE EQ,11.1,-0.04,-0.36,11.14,11.21,11.07,11.14,260516,260516,,,,,,,,,,,48.5,50,NEUTRAL,kite:2026-05-08,2026-05-08T12:20:47.414Z
ABSMARINE-SM,ABS MARINE SERVICES,NSE EQ,248.25,5.1,2.1,246,251.95,240,243.15,108000,108000,,,,,,,,,,,,50,NEUTRAL,kite:2026-05-08,2026-05-08T12:20:47.414Z
ACC,ACC Limited,NSE EQ,1391.9,-22.7,-1.6,1416.8,1432.9,1387.7,1414.6,507255,507255,2028.8,1251.7,,1413.82,1454.84,1543.96,1667.09,43.92,31.42,2.3,67.26,28,SELL,kite:2026-05-08,2026-05-08T12:20:47.414Z
ACCELYA,ACCELYA SOLN INDIA,NSE EQ,1172.4,8.6,0.74,1170,1178,1163.8,1163.8,11725,11725,,,,,,,,,,,74.59,50,NEUTRAL,kite:2026-05-08,2026-05-08T12:20:47.414Z
ACCENTMIC-SM,ACCENT MICROCELL,NSE EQ,470,10.05,2.19,456.55,474.2,453.05,459.95,40500,40500,,,,,,,,,,,,50,NEUTRAL,kite:2026-05-08,2026-05-08T12:20:47.414Z
ACCORD-ST,ACCORD SYNERGY,NSE EQ,43.7,0,0,0,43.7,43.7,43.7,0,0,,,,,,,,,,,,50,NEUTRAL,kite:2026-05-08,2026-05-08T12:20:47.414Z
ACCPL-ST,ACCRETION PHARMA,NSE EQ,117.75,5.25,4.67,111.15,118.1,110,112.5,42000,42000,,,,,,,,,,,,54,NEUTRAL,kite:2026-05-08,2026-05-08T12:20:47.414Z
ACCURACY-BE,ACCURACY SHIPPING,NSE EQ,5.19,-0.05,-0.95,5.14,5.36,5.14,5.24,92616,92616,,,,,,,,,,,,50,NEUTRAL,kite:2026-05-08,2026-05-08T12:20:47.414Z
ACE,ACTION CONST EQUIP,NSE EQ,947.25,41.7,4.6,909,966.75,845.55,905.55,4413015,4413015,,,,,,,,,,,22.91,54,NEUTRAL,kite:2026-05-08,2026-05-08T12:20:47.414Z
ACEINTEG,ACE INTEGRATED SOLU.,NSE EQ,20.4,-0.77,-3.64,21.18,21.34,20.28,21.17,3047,3047,,,,,,,,,,,74.3,46,NEUTRAL,kite:2026-05-08,2026-05-08T12:20:47.414Z
ACETEC-SM,ACETECH E-COMMERCE,NSE EQ,122.1,1.05,0.87,124,124.05,115,121.05,13200,13200,,,,,,,,,,,,50,NEUTRAL,kite:2026-05-08,2026-05-08T12:20:47.414Z
ACI,ARCHEAN CHEMICAL IND,NSE EQ,608.25,-16.45,-2.63,626,626,606.55,624.7,92096,92096,,,,,,,,,,,56.26,50,NEUTRAL,kite:2026-05-08,2026-05-08T12:20:47.414Z
ACL,ANDHRA CEMENTS,NSE EQ,57.62,1.07,1.89,57,57.74,56.22,56.55,15577,15577,,,,,,,,,,,56.38,50,NEUTRAL,kite:2026-05-08,2026-05-08T12:20:47.414Z
ACMESOLAR,ACME SOLAR HOLDINGS,NSE EQ,282.8,-15.75,-5.28,307,307.4,278.1,298.55,5356990,5356990,,,,,,,,,,,52.43,46,NEUTRAL,kite:2026-05-08,2026-05-08T12:20:47.414Z
ACSTECH,A C S TECHNOLOGIES,NSE EQ,36.64,-0.68,-1.82,38,38,36.58,37.32,45127,45127,,,,,,,,,,,75.53,50,NEUTRAL,kite:2026-05-08,2026-05-08T12:20:47.414Z
ACTIVEINFR-SM,ACTIVE INFRASTRUCTURES L,NSE EQ,181,0,0,0,181,181,181,0,0,,,,,,,,,,,,50,NEUTRAL,kite:2026-05-08,2026-05-08T12:20:47.414Z
ACUTAAS,ACUTAAS CHEMICALS,NSE EQ,2734.3,8.6,0.32,2700.2,2759,2700,2725.7,268791,268791,,,,,,,,,,,49.96,50,NEUTRAL,kite:2026-05-08,2026-05-08T12:20:47.414Z
ADANIENSOL,ADANI ENERGY SOLUTION,NSE EQ,1353.6,-33.5,-2.42,1390,1397,1346,1387.1,3113343,3113343,,,,,,,,,,,55.69,50,NEUTRAL,kite:2026-05-08,2026-05-08T12:20:47.414Z
ADANIENT,Adani Enterprises Limited,NSE EQ,2505.9,-7.8,-0.31,2519,2546.1,2500,2513.7,1499613,1499613,2695,1753,,2338.47,2211.64,2202.81,2289.17,73.18,69.16,0.57,29.73,54,NEUTRAL,kite:2026-05-08,2026-05-08T12:20:47.414Z
ADANIGREEN,Adani Green Energy Limited,NSE EQ,1355.8,-9.2,-0.67,1364.1,1373,1349.5,1365,2014853,2014853,1378,765,,1215.4,1091.81,1035.53,1014.93,82.53,42.61,0.4,26.43,54,NEUTRAL,kite:2026-05-08,2026-05-08T12:20:47.414Z
ADANIPORTS,Adani Ports and Special Economic Zone Limited,NSE EQ,1760.4,27.6,1.59,1740.4,1792,1727.7,1732.8,4984856,4984856,1792,1290.5,,1632.64,1546.6,1504.93,1463.98,75.03,49.12,1.32,37.28,54,NEUTRAL,kite:2026-05-08,2026-05-08T12:20:47.414Z
ADANIPOWER,Adani Power Limited,NSE EQ,225.33,-4.86,-2.11,231,231.43,224.03,230.19,27156296,27156296,234.4,101,,210.56,185.6,168.11,151,75.54,7.54,0.45,33.57,54,NEUTRAL,kite:2026-05-08,2026-05-08T12:20:47.414Z
ADDICTIVE-SM,ADDICTIVE LEARNING TECH L,NSE EQ,85,-2.8,-3.19,84.05,86,83.9,87.8,10000,10000,,,,,,,,,,,,46,NEUTRAL,kite:2026-05-08,2026-05-08T12:20:47.414Z
ADFFOODS,ADF FOODS,NSE EQ,273.35,6.55,2.46,265,280,264.55,266.8,464336,464336,,,,,,,,,,,45.83,50,NEUTRAL,kite:2026-05-08,2026-05-08T12:20:47.414Z
ADISOFT-ST,ADISOFT TECHNOLOGIES,NSE EQ,227,-8.6,-3.65,233,239,223.85,235.6,340000,340000,,,,,,,,,,,,46,NEUTRAL,kite:2026-05-08,2026-05-08T12:20:47.414Z
ADL,ARCHIDPLY DECOR,NSE EQ,73.99,-0.1,-0.13,72.21,76.8,72.21,74.09,483,483,,,,,,,,,,,58.39,50,NEUTRAL,kite:2026-05-08,2026-05-08T12:20:47.414Z
ADOR,ADOR WELDING,NSE EQ,1078,-8.6,-0.79,1080,1096.8,1070.3,1086.6,18742,18742,,,,,,,,,,,47.61,50,NEUTRAL,kite:2026-05-08,2026-05-08T12:20:47.414Z
ADROITINFO,ADROIT INFOTECH,NSE EQ,10.16,0.19,1.91,9.95,10.7,9.86,9.97,24454,24454,,,,,,,,,,,90.37,50,NEUTRAL,kite:2026-05-08,2026-05-08T12:20:47.414Z
ADSL,ALLIED DIGITAL SERV.,NSE EQ,140.02,6.09,4.55,133.8,144.9,131.25,133.93,1622542,1622542,,,,,,,,,,,26.98,54,NEUTRAL,kite:2026-05-08,2026-05-08T12:20:47.414Z
ADVAIT,ADVAIT ENRGY TRANSITION L,NSE EQ,2096.6,55.7,2.73,2040.9,2121,2002,2040.9,68139,68139,,,,,,,,,,,46.83,50,NEUTRAL,kite:2026-05-08,2026-05-08T12:20:47.414Z
ADVANCE,ADVANCE AGROLIFE,NSE EQ,112.78,-0.03,-0.03,113.38,116.99,112.11,112.81,282284,282284,,,,,,,,,,,42.73,50,NEUTRAL,kite:2026-05-08,2026-05-08T12:20:47.414Z
ADVANIHOTR,ADVANI HOT.& RES.(I),NSE EQ,55.2,0.11,0.2,55.1,55.54,54.47,55.09,25068,25068,,,,,,,,,,,63.47,50,NEUTRAL,kite:2026-05-08,2026-05-08T12:20:47.414Z
ADVENTHTL,ADVENT HOTELS INTERNATI L,NSE EQ,159.8,-5.29,-3.2,166.74,166.74,158.8,165.09,95202,95202,,,,,,,,,,,58.67,46,NEUTRAL,kite:2026-05-08,2026-05-08T12:20:47.414Z
ADVENZYMES,ADVANCED ENZYME TECH,NSE EQ,357.25,-2.6,-0.72,359.8,372,353.4,359.85,421044,421044,,,,,,,,,,,51.03,50,NEUTRAL,kite:2026-05-08,2026-05-08T12:20:47.414Z
AEGISLOG,AEGIS LOGISTICS,NSE EQ,720.9,-18.75,-2.53,739.7,741,714.7,739.65,575332,575332,,,,,,,,,,,55.66,50,NEUTRAL,kite:2026-05-08,2026-05-08T12:20:47.414Z
AEGISVOPAK,AEGIS VOPAK TERMINALS,NSE EQ,211.24,-4.88,-2.26,216,216.45,208.06,216.12,1180713,1180713,,,,,,,,,,,50.34,50,NEUTRAL,kite:2026-05-08,2026-05-08T12:20:47.414Z
AEL120126-NL,AEL120126-NL,NSE EQ,951,0,0,0,951,951,951,0,0,,,,,,,,,,,,50,NEUTRAL,kite:2026-05-08,2026-05-08T12:20:47.414Z
AEL120924-N2,AEL120924-N2,NSE EQ,1135,0,0,0,1135,1135,1135,0,0,,,,,,,,,,,,50,NEUTRAL,kite:2026-05-08,2026-05-08T12:20:47.414Z
AEL120924A-N5,AEL120924A-N5,NSE EQ,1167.54,0,0,0,1167.54,1167.54,1167.54,0,0,,,,,,,,,,,,50,NEUTRAL,kite:2026-05-08,2026-05-08T12:20:47.414Z
AEL120924B-N8,AEL120924B-N8,NSE EQ,1185,0,0,0,1185,1185,1185,0,0,,,,,,,,,,,,50,NEUTRAL,kite:2026-05-08,2026-05-08T12:20:47.414Z
AEL1212026-NO,AEL1212026-NO,NSE EQ,1026,4,0.39,1026,1026,1026,1022,10,10,,,,,,,,,,,,50,NEUTRAL,kite:2026-05-08,2026-05-08T12:20:47.414Z
AEL12126-NI,AEL12126-NI,NSE EQ,1012,2,0.2,1012,1012,1012,1010,1,1,,,,,,,,,,,,50,NEUTRAL,kite:2026-05-08,2026-05-08T12:20:47.414Z
AEL170725-ND,AEL170725-ND,NSE EQ,1060,0,0,0,1060,1060,1060,0,0,,,,,,,,,,,,50,NEUTRAL,kite:2026-05-08,2026-05-08T12:20:47.414Z
AEL170725A-NG,AEL170725A-NG,NSE EQ,1064,0,0,0,1064,1064,1064,0,0,,,,,,,,,,,,50,NEUTRAL,kite:2026-05-08,2026-05-08T12:20:47.414Z
AEL17725-NA,AEL17725-NA,NSE EQ,1066.11,16.11,1.53,1066.11,1066.11,1066.11,1050,11,11,,,,,,,,,,,,50,NEUTRAL,kite:2026-05-08,2026-05-08T12:20:47.414Z
AEPL-BE,ARTEMIS ELECTRICALS & P L,NSE EQ,17.69,-0.15,-0.84,17.77,17.8,17.4,17.84,17665,17665,,,,,,,,,,,,50,NEUTRAL,kite:2026-05-08,2026-05-08T12:20:47.414Z
AEQUS,AEQUS,NSE EQ,204.93,2.25,1.11,204.7,209,199.24,202.68,3539315,3539315,,,,,,,,,,,33.63,50,NEUTRAL,kite:2026-05-08,2026-05-08T12:20:47.414Z
AEROENTER,AEROFLEX ENTERPRISES,NSE EQ,109.45,-1.84,-1.65,110.5,113,107,111.29,844534,844534,,,,,,,,,,,45.63,50,NEUTRAL,kite:2026-05-08,2026-05-08T12:20:47.414Z
AEROFLEX,AEROFLEX INDUSTRIES,NSE EQ,439.35,25.75,6.23,399.95,458.7,398,413.6,18112356,18112356,,,,,,,,,,,15.5,54,NEUTRAL,kite:2026-05-08,2026-05-08T12:20:47.414Z
AERON-SM,AERON COMPOSITE,NSE EQ,96.15,-3.85,-3.85,99,99,96,100,15000,15000,,,,,,,,,,,,46,NEUTRAL,kite:2026-05-08,2026-05-08T12:20:47.414Z
AERONEU,AEROFLEX NEU,NSE EQ,90.98,-0.37,-0.41,92.9,94.9,90.25,91.35,77294,77294,,,,,,,,,,,18.18,50,NEUTRAL,kite:2026-05-08,2026-05-08T12:20:47.414Z
AESTHETIK-SM,AESTHETIK ENGINEERS,NSE EQ,76.5,3.35,4.58,75,76.5,75,73.15,3000,3000,,,,,,,,,,,,54,NEUTRAL,kite:2026-05-08,2026-05-08T12:20:47.414Z
AETHER,AETHER INDUSTRIES,NSE EQ,1213.4,-1.4,-0.12,1217,1240,1209.1,1214.8,163061,163061,,,,,,,,,,,48.9,50,NEUTRAL,kite:2026-05-08,2026-05-08T12:20:47.414Z
AFCONS,AFCONS INFRASTRUCTURE,NSE EQ,340.7,3.85,1.14,337.5,347.9,336.2,336.85,625584,625584,,,,,,,,,,,39.22,50,NEUTRAL,kite:2026-05-08,2026-05-08T12:20:47.414Z
AFFLE,AFFLE 3I,NSE EQ,1506.3,17.6,1.18,1495,1532.6,1488.7,1488.7,462532,462532,,,,,,,,,,,40.87,50,NEUTRAL,kite:2026-05-08,2026-05-08T12:20:47.414Z
AFFORDABLE-BE,AFFORD ROBO & AUTO,NSE EQ,175.94,1.82,1.05,174.95,177,173,174.12,4882,4882,,,,,,,,,,,,50,NEUTRAL,kite:2026-05-08,2026-05-08T12:20:47.414Z
AFIL-BE,AKME FINTRADE (INDIA),NSE EQ,9.28,0.29,3.23,9.24,9.39,9.2,8.99,1504979,1504979,,,,,,,,,,,,54,NEUTRAL,kite:2026-05-08,2026-05-08T12:20:47.414Z
AFSL,ABANS FINANCIAL SRVCS,NSE EQ,202.45,-4.54,-2.19,206.98,208.02,202,206.99,18413,18413,,,,,,,,,,,56.94,50,NEUTRAL,kite:2026-05-08,2026-05-08T12:20:47.414Z
AGARIND,AGARWAL INDS CORP,NSE EQ,457.15,-16.75,-3.53,473.9,474.9,454.9,473.9,61901,61901,,,,,,,,,,,48.87,46,NEUTRAL,kite:2026-05-08,2026-05-08T12:20:47.414Z
AGARWALEYE,DR AGARWALS HEALTH CARE L,NSE EQ,454.6,5.1,1.13,449,462.95,448,449.5,71158,71158,,,,,,,,,,,49.13,50,NEUTRAL,kite:2026-05-08,2026-05-08T12:20:47.414Z
AGARWALFT-ST,AGARWAL FLOAT GLASS I,NSE EQ,39.6,0,0,39.6,39.6,39.6,39.6,1500,1500,,,,,,,,,,,,50,NEUTRAL,kite:2026-05-08,2026-05-08T12:20:47.414Z
AGARWALTUF-SM,AGARWAL TOUGH GLASS IND L,NSE EQ,126.15,1.55,1.24,125,127.5,123.9,124.6,49200,49200,,,,,,,,,,,,50,NEUTRAL,kite:2026-05-08,2026-05-08T12:20:47.414Z
AGI,AGI GREENPAC,NSE EQ,629.2,-5.3,-0.84,640.8,640.8,627,634.5,155658,155658,,,,,,,,,,,50.34,50,NEUTRAL,kite:2026-05-08,2026-05-08T12:20:47.414Z
AGIIL,AGI INFRA,NSE EQ,371.1,0.3,0.08,370.5,374.25,365.7,370.8,815245,815245,,,,,,,,,,,39.14,50,NEUTRAL,kite:2026-05-08,2026-05-08T12:20:47.414Z
AGNI-SM,AGNI GREEN POWER,NSE EQ,20.55,0,0,0,21.55,20.1,20.55,0,0,,,,,,,,,,,,50,NEUTRAL,kite:2026-05-08,2026-05-08T12:20:47.414Z
AGRITECH,AGRI-TECH (INDIA),NSE EQ,111.98,0.04,0.04,111,112.79,108.4,111.94,2194,2194,,,,,,,,,,,55.1,50,NEUTRAL,kite:2026-05-08,2026-05-08T12:20:47.414Z
AGROPHOS,AGRO PHOS INDIA,NSE EQ,32.03,0.41,1.3,32.69,32.69,30.51,31.62,10587,10587,,,,,,,,,,,58.28,50,NEUTRAL,kite:2026-05-08,2026-05-08T12:20:47.414Z
AGUL-SM,A G UNIVERSAL,NSE EQ,59.95,1.1,1.87,58.85,59.95,55.95,58.85,18000,18000,,,,,,,,,,,,50,NEUTRAL,kite:2026-05-08,2026-05-08T12:20:47.414Z
AHCL,ANLON HEALTHCARE,NSE EQ,14.08,0.92,6.99,13.3,14.9,13.14,13.16,7789579,7789579,,,,,,,,,,,31.18,54,NEUTRAL,kite:2026-05-08,2026-05-08T12:20:47.414Z
AHIMSA-ST,AHIMSA INDUSTRIES,NSE EQ,24.7,0,0,0,24.7,24.7,24.7,0,0,,,,,,,,,,,,50,NEUTRAL,kite:2026-05-08,2026-05-08T12:20:47.414Z
AHLADA,AHLADA ENGINEERS,NSE EQ,45.7,0.21,0.46,46,46.49,45.2,45.49,12049,12049,,,,,,,,,,,69.86,50,NEUTRAL,kite:2026-05-08,2026-05-08T12:20:47.414Z
AHLEAST,ASIAN HOTELS (EAST),NSE EQ,165.5,-1.55,-0.93,165.37,168.5,163.05,167.05,1460,1460,,,,,,,,,,,82.26,50,NEUTRAL,kite:2026-05-08,2026-05-08T12:20:47.414Z
AHLUCONT,AHLUWALIA CONT IND,NSE EQ,847.55,-4.15,-0.49,847,860,841.05,851.7,27342,27342,,,,,,,,,,,59.29,50,NEUTRAL,kite:2026-05-08,2026-05-08T12:20:47.414Z
AHLWEST-BE,ASIAN HOTELS (WEST),NSE EQ,461.5,21.95,4.99,461.5,461.5,461.5,439.55,27991,27991,,,,,,,,,,,,54,NEUTRAL,kite:2026-05-08,2026-05-08T12:20:47.414Z
AIAENG,AIA ENGINEERING,NSE EQ,3971.9,-33.6,-0.84,4021.4,4049.9,3955,4005.5,24345,24345,,,,,,,,,,,54.66,50,NEUTRAL,kite:2026-05-08,2026-05-08T12:20:47.414Z
AIIL,AUTHUM INVEST & INFRA,NSE EQ,494.9,4.85,0.99,487.6,504.95,485,490.05,846489,846489,,,,,,,,,,,78.45,50,NEUTRAL,kite:2026-05-08,2026-05-08T12:20:47.414Z
AILIMITED-ST,ABHISHEK INTEGRATIONS,NSE EQ,44.5,0,0,0,44.5,44,44.5,0,0,,,,,,,,,,,,50,NEUTRAL,kite:2026-05-08,2026-05-08T12:20:47.414Z
AIMTRON-SM,AIMTRON ELECTRONICS,NSE EQ,1091.9,-6,-0.55,1098,1111.55,1015.05,1097.9,119600,119600,,,,,,,,,,,,50,NEUTRAL,kite:2026-05-08,2026-05-08T12:20:47.414Z
AIRAN,AIRAN,NSE EQ,17.61,0.48,2.8,17.5,17.85,17.11,17.13,60959,60959,,,,,,,,,,,72.95,50,NEUTRAL,kite:2026-05-08,2026-05-08T12:20:47.414Z
AIROLAM,AIRO LAM,NSE EQ,88.4,0.89,1.02,89,89,85.81,87.51,119,119,,,,,,,,,,,92.44,50,NEUTRAL,kite:2026-05-08,2026-05-08T12:20:47.414Z
AISL-SM,ANI INTEGRATED SERV,NSE EQ,58.5,0,0,0,58.5,58.5,58.5,0,0,,,,,,,,,,,,50,NEUTRAL,kite:2026-05-08,2026-05-08T12:20:47.414Z
AJANTPHARM,AJANTA PHARMA,NSE EQ,3035,-43.4,-1.41,3079.8,3095,3027.7,3078.4,55924,55924,,,,,,,,,,,54.62,50,NEUTRAL,kite:2026-05-08,2026-05-08T12:20:47.414Z
AJAXENGG,AJAX ENGINEERING,NSE EQ,555,4.9,0.89,553,556.55,545,550.1,37038,37038,,,,,,,,,,,69.06,50,NEUTRAL,kite:2026-05-08,2026-05-08T12:20:47.414Z
AJMERA,AJMERA REALTY & INF I,NSE EQ,129.72,-4.22,-3.15,133.5,133.5,129.16,133.94,403291,403291,,,,,,,,,,,51.09,46,NEUTRAL,kite:2026-05-08,2026-05-08T12:20:47.414Z
AJOONI,AJOONI BIOTECH,NSE EQ,4.3,0,0,4.25,4.34,4.23,4.3,360697,360697,,,,,,,,,,,59.58,50,NEUTRAL,kite:2026-05-08,2026-05-08T12:20:47.414Z
AKANKSHA-ST,AKANKSHA POWER N INFRA L,NSE EQ,92.8,-4.2,-4.33,95,95,92.8,97,6000,6000,,,,,,,,,,,,46,NEUTRAL,kite:2026-05-08,2026-05-08T12:20:47.414Z
AKASH,AKASH INFRA-PROJECTS,NSE EQ,27.22,0.19,0.7,27.01,27.25,27,27.03,4611,4611,,,,,,,,,,,85.27,50,NEUTRAL,kite:2026-05-08,2026-05-08T12:20:47.414Z
AKCAPIT,A K CAPITAL SERVICES,NSE EQ,1603.8,-9.2,-0.57,1613,1613,1565.3,1613,227,227,,,,,,,,,,,96.48,50,NEUTRAL,kite:2026-05-08,2026-05-08T12:20:47.414Z
AKG,AKG EXIM,NSE EQ,11.52,-0.12,-1.03,11.32,11.75,11.06,11.64,34459,34459,,,,,,,,,,,87.82,50,NEUTRAL,kite:2026-05-08,2026-05-08T12:20:47.414Z
AKI,AKI INDIA,NSE EQ,5.16,0.05,0.98,5.24,5.28,4.8,5.11,212056,212056,,,,,,,,,,,45.95,50,NEUTRAL,kite:2026-05-08,2026-05-08T12:20:47.414Z
AKIKO-ST,AKIKO GLOBAL SERVICES L,NSE EQ,295.65,14.05,4.99,290.05,295.65,290.05,281.6,20000,20000,,,,,,,,,,,,54,NEUTRAL,kite:2026-05-08,2026-05-08T12:20:47.414Z
AKSHAR,AKSHAR SPINTEX,NSE EQ,0.5,0,0,0.5,0.51,0.49,0.5,1049663,1049663,,,,,,,,,,,99.55,50,NEUTRAL,kite:2026-05-08,2026-05-08T12:20:47.414Z
AKSHARCHEM,AKSHARCHEM INDIA,NSE EQ,208.44,-4.31,-2.03,214.95,216.79,207.1,212.75,3221,3221,,,,,,,,,,,53.31,50,NEUTRAL,kite:2026-05-08,2026-05-08T12:20:47.414Z
AKSHOPTFBR-BE,AKSH OPTIFIBRE,NSE EQ,7.35,0.35,5,7.35,7.35,7.35,7,406934,406934,,,,,,,,,,,,54,NEUTRAL,kite:2026-05-08,2026-05-08T12:20:47.414Z
AKUMS,AKUMS DRUGS AND PHARMA L,NSE EQ,557.1,9.1,1.66,546.8,561,546.8,548,161814,161814,,,,,,,,,,,57.23,50,NEUTRAL,kite:2026-05-08,2026-05-08T12:20:47.414Z
ALANKIT,ALANKIT,NSE EQ,9.32,-0.1,-1.06,9.49,9.49,9.2,9.42,161661,161661,,,,,,,,,,,78.04,50,NEUTRAL,kite:2026-05-08,2026-05-08T12:20:47.414Z
ALBERTDAVD,ALBERT DAVID,NSE EQ,796,6.25,0.79,805.85,819.6,783.15,789.75,7736,7736,,,,,,,,,,,61.6,50,NEUTRAL,kite:2026-05-08,2026-05-08T12:20:47.414Z
ALCODIS-ST,ALCOKRAFT DISTILLERIE,NSE EQ,82.25,-0.25,-0.3,82.25,82.25,82.25,82.5,625,625,,,,,,,,,,,,50,NEUTRAL,kite:2026-05-08,2026-05-08T12:20:47.414Z
ALEMBICLTD,ALEMBIC,NSE EQ,94.89,-0.45,-0.47,95.42,95.5,94.35,95.34,160433,160433,,,,,,,,,,,36.3,50,NEUTRAL,kite:2026-05-08,2026-05-08T12:20:47.414Z
ALGOQUANT,ALGOQUANT FINTECH,NSE EQ,58.18,-0.3,-0.51,59.36,60,57.75,58.48,883560,883560,,,,,,,,,,,18.77,50,NEUTRAL,kite:2026-05-08,2026-05-08T12:20:47.414Z
ALICON,ALICON CASTALLOY,NSE EQ,746.9,13.95,1.9,732.9,750.1,725,732.95,14189,14189,,,,,,,,,,,61.63,50,NEUTRAL,kite:2026-05-08,2026-05-08T12:20:47.414Z
ALIVUS,ALIVUS LIFE SCIENCES,NSE EQ,1121.3,0.2,0.02,1129,1133.5,1114.3,1121.1,60208,60208,,,,,,,,,,,52.5,50,NEUTRAL,kite:2026-05-08,2026-05-08T12:20:47.414Z
ALKALI,ALKALI METALS,NSE EQ,67.49,-1,-1.46,69,69,67.1,68.49,7639,7639,,,,,,,,,,,71.13,50,NEUTRAL,kite:2026-05-08,2026-05-08T12:20:47.414Z
ALKEM,Alkem Laboratories Limited,NSE EQ,5585.5,-5,-0.09,5588,5665.5,5550,5590.5,55727,55727,5933.5,4716.2,,5460.39,5465.12,5483.82,5388.4,56.68,150.22,0.43,40.55,54,NEUTRAL,kite:2026-05-08,2026-05-08T12:20:47.414Z
ALKYLAMINE,ALKYL AMINES CHEM.,NSE EQ,1707.3,-27.7,-1.6,1734.6,1749,1698.3,1735,52770,52770,,,,,,,,,,,35.57,50,NEUTRAL,kite:2026-05-08,2026-05-08T12:20:47.414Z
ALLCARGO,ALLCARGO LOGISTICS,NSE EQ,9.81,-0.03,-0.3,9.84,9.94,9.76,9.84,2579932,2579932,,,,,,,,,,,51.06,50,NEUTRAL,kite:2026-05-08,2026-05-08T12:20:47.414Z
ALLDIGI,ALLDIGI TECH,NSE EQ,835.95,4.9,0.59,847,866.05,830.45,831.05,15714,15714,,,,,,,,,,,61.77,50,NEUTRAL,kite:2026-05-08,2026-05-08T12:20:47.414Z
ALLETEC-SM,ALL E TECHNOLOGIES,NSE EQ,161.2,-1.25,-0.77,167,167,160,162.45,26400,26400,,,,,,,,,,,,50,NEUTRAL,kite:2026-05-08,2026-05-08T12:20:47.414Z
ALLTIME,ALL TIME PLASTICS,NSE EQ,264.11,-6.07,-2.25,270,273.91,260.7,270.18,69574,69574,,,,,,,,,,,58.85,50,NEUTRAL,kite:2026-05-08,2026-05-08T12:20:47.414Z
ALMONDZ,ALMONDZ GLOBAL SEC,NSE EQ,17.08,0.03,0.18,16.75,17.44,16.75,17.05,46295,46295,,,,,,,,,,,76.13,50,NEUTRAL,kite:2026-05-08,2026-05-08T12:20:47.414Z
ALOKINDS,ALOK INDUSTRIES,NSE EQ,14.09,-0.27,-1.88,14.3,14.37,14.01,14.36,4635440,4635440,,,,,,,,,,,43.25,50,NEUTRAL,kite:2026-05-08,2026-05-08T12:20:47.414Z
ALPA,ALPA LABORATORIES,NSE EQ,70.76,0.63,0.9,69,71.49,69,70.13,11781,11781,,,,,,,,,,,67.22,50,NEUTRAL,kite:2026-05-08,2026-05-08T12:20:47.414Z
ALPEXSOLAR-SM,ALPEX SOLAR,NSE EQ,1054.45,1.2,0.11,1048,1084.9,1042.05,1053.25,30200,30200,,,,,,,,,,,,50,NEUTRAL,kite:2026-05-08,2026-05-08T12:20:47.414Z
ALPHA,KOTAK NIFTY ALPHA 50 ETF,NSE EQ,50.74,-0.13,-0.26,49.59,51.24,49.59,50.87,1069176,1069176,,,,,,,,,,,53.64,50,NEUTRAL,kite:2026-05-08,2026-05-08T12:20:47.414Z
ALPHAETF,MIRAE ASSET NIFTY 200 ALPHA 30 ETF,NSE EQ,25.93,-0.06,-0.23,25.98,26.05,25.88,25.99,275828,275828,,,,,,,,,,,63.58,50,NEUTRAL,kite:2026-05-08,2026-05-08T12:20:47.414Z
ALPHAGEO,ALPHAGEO (INDIA),NSE EQ,221.43,-4.52,-2,224.82,226.02,221.11,225.95,5954,5954,,,,,,,,,,,78.42,50,NEUTRAL,kite:2026-05-08,2026-05-08T12:20:47.414Z
ALUWIND-SM,ALUWIND INFRA-TECH,NSE EQ,50.4,-1.6,-3.08,51,51.5,50.1,52,54000,54000,,,,,,,,,,,,46,NEUTRAL,kite:2026-05-08,2026-05-08T12:20:47.414Z
AMAGI,AMAGI MEDIA LABS,NSE EQ,425.45,-10.3,-2.36,438.45,441.4,420.65,435.75,125296,125296,,,,,,,,,,,57,50,NEUTRAL,kite:2026-05-08,2026-05-08T12:20:47.414Z
AMANTA,AMANTA HEALTHCARE,NSE EQ,138.76,3.03,2.23,135.73,140,135.73,135.73,69293,69293,,,,,,,,,,,58.88,50,NEUTRAL,kite:2026-05-08,2026-05-08T12:20:47.414Z
AMBAAUTO-ST,AMBA AUTO SALES AND SER L,NSE EQ,131.3,0.65,0.5,129.5,134,129,130.65,141000,141000,,,,,,,,,,,,50,NEUTRAL,kite:2026-05-08,2026-05-08T12:20:47.414Z
AMBALALSA,AMBALAL SARABHAI ENT L,NSE EQ,33.17,1.46,4.6,32.2,33.33,31.52,31.71,87667,87667,,,,,,,,,,,59,54,NEUTRAL,kite:2026-05-08,2026-05-08T12:20:47.414Z
AMBANIORGO-ST,AMBANI ORGOCHEM,NSE EQ,140.4,2.45,1.78,135.2,140.4,135.2,137.95,2000,2000,,,,,,,,,,,,50,NEUTRAL,kite:2026-05-08,2026-05-08T12:20:47.414Z
AMBER,AMBER ENTERPRISES (I),NSE EQ,8824.5,-18,-0.2,8800,8919,8714,8842.5,330982,330982,,,,,,,,,,,38.87,50,NEUTRAL,kite:2026-05-08,2026-05-08T12:20:47.414Z
AMBEY-ST,AMBEY LABORATORIES,NSE EQ,30.15,-0.6,-1.95,30.1,30.15,30.1,30.75,4000,4000,,,,,,,,,,,,50,NEUTRAL,kite:2026-05-08,2026-05-08T12:20:47.414Z
AMBICAAGAR,AMBICA AGAR & AROMAINDLTD,NSE EQ,24.52,0.57,2.38,24.84,24.84,23.95,23.95,1325,1325,,,,,,,,,,,78.94,50,NEUTRAL,kite:2026-05-08,2026-05-08T12:20:47.414Z
AMBIKCO,AMBIKA COTTON MILL,NSE EQ,1620.7,-34.6,-2.09,1655.3,1661.8,1601,1655.3,10197,10197,,,,,,,,,,,58.99,50,NEUTRAL,kite:2026-05-08,2026-05-08T12:20:47.414Z
AMBUJACEM,Ambuja Cements Limited,NSE EQ,444.3,-6.35,-1.41,449,457.95,442.5,450.65,5045246,5045246,624.95,394,,447.02,458.43,483.56,516.33,47.97,13.42,1.46,45.03,38,SELL,kite:2026-05-08,2026-05-08T12:20:47.414Z
AMCL-SM,ANB METAL CAST,NSE EQ,512.7,-1.3,-0.25,523,523,500,514,2800,2800,,,,,,,,,,,,50,NEUTRAL,kite:2026-05-08,2026-05-08T12:20:47.414Z
AMDIND,AMD INDUSTRIES,NSE EQ,49.03,1.66,3.5,47.37,49.9,47.37,47.37,31261,31261,,,,,,,,,,,73.63,54,NEUTRAL,kite:2026-05-08,2026-05-08T12:20:47.414Z
AMEYA-SM,AMEYA PRECISION ENG,NSE EQ,121,5.5,4.76,120.8,121,116.35,115.5,18000,18000,,,,,,,,,,,,54,NEUTRAL,kite:2026-05-08,2026-05-08T12:20:47.414Z
AMIABLE-SM,AMIABLE LOGISTICS (I),NSE EQ,72.9,0,0,0,72.9,60.1,72.9,0,0,,,,,,,,,,,,50,NEUTRAL,kite:2026-05-08,2026-05-08T12:20:47.414Z
AMIRCHAND,AMIR CHAND JAG KUM (E) L,NSE EQ,131.56,-2.17,-1.62,133.6,133.9,131.01,133.73,561837,561837,,,,,,,,,,,26.5,50,NEUTRAL,kite:2026-05-08,2026-05-08T12:20:47.414Z
AMJLAND,AMJ LAND HOLDINGS,NSE EQ,41.77,-0.54,-1.28,42,42.4,41.1,42.31,4039,4039,,,,,,,,,,,91.24,50,NEUTRAL,kite:2026-05-08,2026-05-08T12:20:47.414Z
AMNPLST,AMINES & PLASTICIZERS,NSE EQ,172.21,0.34,0.2,174,176,170.05,171.87,1281,1281,,,,,,,,,,,60.58,50,NEUTRAL,kite:2026-05-08,2026-05-08T12:20:47.414Z
AMRUTANJAN,AMRUTAJAN HEALTH,NSE EQ,548.55,-9.5,-1.7,555,570,542,558.05,17862,17862,,,,,,,,,,,52.87,50,NEUTRAL,kite:2026-05-08,2026-05-08T12:20:47.414Z
ANANDRATHI,ANAND RATHI WEALTH,NSE EQ,3608.8,-5.4,-0.15,3634,3634,3600,3614.2,110847,110847,,,,,,,,,,,65.25,50,NEUTRAL,kite:2026-05-08,2026-05-08T12:20:47.414Z
ANANTAM-IV,ANANTAM HIGHWAYS TRUST,NSE EQ,110.5,0.17,0.15,114,114,109.56,110.33,5574,5574,,,,,,,,,,,,50,NEUTRAL,kite:2026-05-08,2026-05-08T12:20:47.414Z
ANANTRAJ,ANANT RAJ,NSE EQ,560.85,4.95,0.89,556,564.85,548,555.9,2279805,2279805,,,,,,,,,,,36.46,50,NEUTRAL,kite:2026-05-08,2026-05-08T12:20:47.414Z
ANDHRAPAP,ANDHRA PAPER,NSE EQ,69.2,-0.14,-0.2,69.3,69.79,67.81,69.34,155181,155181,,,,,,,,,,,69.24,50,NEUTRAL,kite:2026-05-08,2026-05-08T12:20:47.414Z
ANDHRSUGAR,ANDHRA SUGARS,NSE EQ,100.07,-2.24,-2.19,101.8,103.05,99.4,102.31,296090,296090,,,,,,,,,,,54.79,50,NEUTRAL,kite:2026-05-08,2026-05-08T12:20:47.414Z
ANGELONE,ANGEL ONE,NSE EQ,326,3.4,1.05,322,334.95,319,322.6,12373135,12373135,,,,,,,,,,,29.62,50,NEUTRAL,kite:2026-05-08,2026-05-08T12:20:47.414Z
ANIKINDS-BE,ANIK INDUSTRIES,NSE EQ,46.95,-1,-2.09,47.9,47.95,45.61,47.95,5350,5350,,,,,,,,,,,,50,NEUTRAL,kite:2026-05-08,2026-05-08T12:20:47.414Z
ANKITMETAL-BZ,ANKIT MET & POW,NSE EQ,1.6,-0.03,-1.84,1.64,1.66,1.6,1.63,31868,31868,,,,,,,,,,,,50,NEUTRAL,kite:2026-05-08,2026-05-08T12:20:47.414Z
ANLON-ST,ANLON TECHNOLOGY SOL,NSE EQ,563,-23.55,-4.02,580,580,560,586.55,23200,23200,,,,,,,,,,,,46,NEUTRAL,kite:2026-05-08,2026-05-08T12:20:47.414Z
ANMOL,ANMOL INDIA,NSE EQ,11.94,-0.08,-0.67,12.2,12.2,11.7,12.02,20174,20174,,,,,,,,,,,72.36,50,NEUTRAL,kite:2026-05-08,2026-05-08T12:20:47.414Z
ANNAPURNA-SM,ANNAPURNA SWADISHT,NSE EQ,156.45,-1.4,-0.89,160,160,155,157.85,65500,65500,,,,,,,,,,,,50,NEUTRAL,kite:2026-05-08,2026-05-08T12:20:47.414Z
ANONDITA-SM,ANONDITA MEDICARE,NSE EQ,957.85,-21.6,-2.21,980,980,953,979.45,6600,6600,,,,,,,,,,,,50,NEUTRAL,kite:2026-05-08,2026-05-08T12:20:47.414Z
ANSALAPI-BZ,ANSAL PROP & INFRA,NSE EQ,4.03,-0.03,-0.74,4.14,4.14,4.02,4.06,69230,69230,,,,,,,,,,,,50,NEUTRAL,kite:2026-05-08,2026-05-08T12:20:47.414Z
ANTELOPUS,ANTELOPUS SELAN ENRGY,NSE EQ,663.1,-5.95,-0.89,674,679.9,640,669.05,181031,181031,,,,,,,,,,,47.72,50,NEUTRAL,kite:2026-05-08,2026-05-08T12:20:47.414Z
ANTGRAPHIC,ANTARCTICA,NSE EQ,0.85,0,0,0.85,0.86,0.84,0.85,149949,149949,,,,,,,,,,,60.12,50,NEUTRAL,kite:2026-05-08,2026-05-08T12:20:47.414Z
ANTHEM,ANTHEM BIOSCIENCES,NSE EQ,784.65,5.2,0.67,783.2,805,779.45,779.45,429574,429574,,,,,,,,,,,49.23,50,NEUTRAL,kite:2026-05-08,2026-05-08T12:20:47.414Z
ANUHPHR,ANUH PHARMA,NSE EQ,83.66,0.68,0.82,83,84.7,82.51,82.98,45936,45936,,,,,,,,,,,56.07,50,NEUTRAL,kite:2026-05-08,2026-05-08T12:20:47.414Z
ANUP,THE ANUP ENGINEERING,NSE EQ,2161.9,-22.9,-1.05,2184.8,2199.6,2130.1,2184.8,30559,30559,,,,,,,,,,,39.74,50,NEUTRAL,kite:2026-05-08,2026-05-08T12:20:47.414Z
ANURAS,ANUPAM RASAYAN INDIA,NSE EQ,1372.1,5.1,0.37,1370,1382,1354.3,1367,482841,482841,,,,,,,,,,,27.7,50,NEUTRAL,kite:2026-05-08,2026-05-08T12:20:47.414Z
ANYA-SM,ANYA POLYTECH & FERTI,NSE EQ,17.4,0,0,17.4,17.4,17.4,17.4,5000,5000,,,,,,,,,,,,50,NEUTRAL,kite:2026-05-08,2026-05-08T12:20:47.414Z
ANZEN-IV,ANZEN IND ENE YLD PLU TRU,NSE EQ,126,3.75,3.07,126,126,126,122.25,50000,50000,,,,,,,,,,,,54,NEUTRAL,kite:2026-05-08,2026-05-08T12:20:47.414Z
AONEGOLD,ANGEL ONE GOLD ETF,NSE EQ,14,-0.03,-0.21,14.1,14.15,13.97,14.03,338366,338366,,,,,,,,,,,77.71,50,NEUTRAL,kite:2026-05-08,2026-05-08T12:20:47.414Z
AONENIFTY,ANGEL ONE NIFTY 50 ETF,NSE EQ,9.93,-0.04,-0.4,10.21,10.25,9.9,9.97,212873,212873,,,,,,,,,,,47.54,50,NEUTRAL,kite:2026-05-08,2026-05-08T12:20:47.414Z
AONESILVER,AONEAMC - AONESILVER,NSE EQ,9.58,0.08,0.84,9.73,9.73,9.31,9.5,793534,793534,,,,,,,,,,,48.37,50,NEUTRAL,kite:2026-05-08,2026-05-08T12:20:47.414Z
AONETMMQ50,AONEAMC - AONETMMQ50,NSE EQ,10.34,-0.02,-0.19,10.41,10.41,10.29,10.36,53141,53141,,,,,,,,,,,74.44,50,NEUTRAL,kite:2026-05-08,2026-05-08T12:20:47.414Z
AONETOTAL,ANGEL ONE NIFTY TOTAL MARKET ETF,NSE EQ,11.75,-0.04,-0.34,11.99,11.99,11.7,11.79,252080,252080,,,,,,,,,,,61.25,50,NEUTRAL,kite:2026-05-08,2026-05-08T12:20:47.414Z
APARINDS,APAR INDUSTRIES,NSE EQ,12810,9,0.07,12850,12890,12723,12801,51050,51050,,,,,,,,,,,37.65,50,NEUTRAL,kite:2026-05-08,2026-05-08T12:20:47.414Z
APCL,ANJANI PORTLAND CEM,NSE EQ,114.01,-2.68,-2.3,116.69,118,114,116.69,5100,5100,,,,,,,,,,,60.25,50,NEUTRAL,kite:2026-05-08,2026-05-08T12:20:47.414Z
APCOTEXIND,APCOTEX INDUSTRIES LIMITE,NSE EQ,520.65,9.3,1.82,540,559.9,516.2,511.35,1483788,1483788,,,,,,,,,,,18.72,50,NEUTRAL,kite:2026-05-08,2026-05-08T12:20:47.414Z
APEX,APEX FROZEN FOODS,NSE EQ,492.8,-8.5,-1.7,505,512,488.2,501.3,765169,765169,,,,,,,,,,,32.74,50,NEUTRAL,kite:2026-05-08,2026-05-08T12:20:47.414Z
APEXECO-SM,APEX ECOTECH,NSE EQ,174.1,4.2,2.47,187,200,171,169.9,362400,362400,,,,,,,,,,,,50,NEUTRAL,kite:2026-05-08,2026-05-08T12:20:47.414Z
APLAPOLLO,APL Apollo Tubes Limited,NSE EQ,1948.6,-25.1,-1.27,1986.8,2011.7,1943.4,1973.7,639610,639610,2301.4,1492,,1969.33,1999.22,1977.51,1882.51,46.45,60.44,0.8,48.13,38,SELL,kite:2026-05-08,2026-05-08T12:20:47.414Z
APLLTD,ALEMBIC PHARMA,NSE EQ,787.05,10.5,1.35,773,801,772.95,776.55,407954,407954,,,,,,,,,,,61.91,50,NEUTRAL,kite:2026-05-08,2026-05-08T12:20:47.414Z
APOLLO,APOLLO MICRO SYSTEMS,NSE EQ,324.85,10.3,3.27,313.15,337.8,313.15,314.55,19953918,19953918,,,,,,,,,,,24.39,54,NEUTRAL,kite:2026-05-08,2026-05-08T12:20:47.414Z
APOLLOHOSP,Apollo Hospitals Enterprise Limited,NSE EQ,8097,260,3.32,7837,8115,7812.5,7837,922866,922866,8115,6677.5,,7720.81,7597.92,7503.36,7458.16,69.33,147.1,2.59,50.69,76,STRONG_BUY,kite:2026-05-08,2026-05-08T12:20:47.414Z
APOLLOPIPE,APOLLO PIPES,NSE EQ,497,-1.8,-0.36,502.8,514.8,485.1,498.8,1019228,1019228,,,,,,,,,,,25.78,50,NEUTRAL,kite:2026-05-08,2026-05-08T12:20:47.414Z
APOLLOTYRE,Apollo Tyres Limited,NSE EQ,409.25,-0.8,-0.2,412.05,413.25,407.55,410.05,1177811,1177811,540.5,392.05,,419.5,433.43,451.83,461.6,40.23,10.18,1.19,53.04,34,SELL,kite:2026-05-08,2026-05-08T12:20:47.414Z
APOLSINHOT,APOLLO SINDOORI HOTEL,NSE EQ,1176.9,0.1,0.01,1171,1196.7,1171,1176.8,113,113,,,,,,,,,,,57.52,50,NEUTRAL,kite:2026-05-08,2026-05-08T12:20:47.414Z
APRAMEYA-SM,APRAMEYA ENGINEERING,NSE EQ,233.5,-9.65,-3.97,245,245,230,243.15,6000,6000,,,,,,,,,,,,46,NEUTRAL,kite:2026-05-08,2026-05-08T12:20:47.414Z
APS-SM,AUSTRALIAN PREM SOLAR I L,NSE EQ,366,1.4,0.38,369.95,372,360,364.6,20000,20000,,,,,,,,,,,,50,NEUTRAL,kite:2026-05-08,2026-05-08T12:20:47.414Z
APSISAERO-ST,APSIS AEROCOM,NSE EQ,287.05,13.65,4.99,285,287.05,284,273.4,45600,45600,,,,,,,,,,,,54,NEUTRAL,kite:2026-05-08,2026-05-08T12:20:47.414Z
APTECHT,APTECH,NSE EQ,109.47,-0.09,-0.08,109.56,111.9,108.68,109.56,324940,324940,,,,,,,,,,,62.77,50,NEUTRAL,kite:2026-05-08,2026-05-08T12:20:47.414Z
APTUS,APTUS VALUE HSG FIN I,NSE EQ,282.8,7.75,2.82,277.35,285.7,276.5,275.05,2347454,2347454,,,,,,,,,,,39.85,50,NEUTRAL,kite:2026-05-08,2026-05-08T12:20:47.414Z
AQYLON,AQYLON NEXUS,NSE EQ,51.5,0.36,0.7,51.8,51.86,50.01,51.14,3642037,3642037,,,,,,,,,,,30.31,50,NEUTRAL,kite:2026-05-08,2026-05-08T12:20:47.414Z
ARABIAN-SM,ARABIAN PETROLEUM,NSE EQ,73.7,3.75,5.36,70.15,74,70.15,69.95,20000,20000,,,,,,,,,,,,54,NEUTRAL,kite:2026-05-08,2026-05-08T12:20:47.414Z
ARCHIDPLY,ARCHIDPLY IND.,NSE EQ,89.91,-0.29,-0.32,92.5,97,88.25,90.2,58577,58577,,,,,,,,,,,45.98,50,NEUTRAL,kite:2026-05-08,2026-05-08T12:20:47.414Z
ARCHIES,ARCHIES,NSE EQ,15.45,-0.37,-2.34,15.82,15.99,15.36,15.82,9684,9684,,,,,,,,,,,85.72,50,NEUTRAL,kite:2026-05-08,2026-05-08T12:20:47.414Z
ARCIIL-ST,ARC INSULATION & INSU,NSE EQ,62.3,-2.2,-3.41,64.5,64.5,61.3,64.5,17000,17000,,,,,,,,,,,,46,NEUTRAL,kite:2026-05-08,2026-05-08T12:20:47.414Z
ARE&M,AMARA RAJA ENERGY MOB,NSE EQ,888.85,-8.55,-0.95,897.4,904.7,885.5,897.4,423453,423453,,,,,,,,,,,38.38,50,NEUTRAL,kite:2026-05-08,2026-05-08T12:20:47.414Z
ARENTERP,RAJDARSHAN INDUSTRIES,NSE EQ,39.1,0.1,0.26,38.81,41,37.23,39,752,752,,,,,,,,,,,69.68,50,NEUTRAL,kite:2026-05-08,2026-05-08T12:20:47.414Z
ARFIN,ARFIN INDIA,NSE EQ,96.49,1.1,1.15,95,97,94.52,95.39,1738825,1738825,,,,,,,,,,,13.54,50,NEUTRAL,kite:2026-05-08,2026-05-08T12:20:47.414Z
ARHAM-SM,ARHAM TECHNOLOGIES,NSE EQ,144.4,-0.5,-0.35,144.25,144.85,143.95,144.9,7000,7000,,,,,,,,,,,,50,NEUTRAL,kite:2026-05-08,2026-05-08T12:20:47.414Z
ARIES,ARIES AGRO,NSE EQ,369.25,-10.8,-2.84,380.05,382,367.1,380.05,22260,22260,,,,,,,,,,,45.21,50,NEUTRAL,kite:2026-05-08,2026-05-08T12:20:47.414Z
ARIHANT,ARIHANT FOUN & HOU,NSE EQ,909.3,-3.8,-0.42,900.1,914.95,893,913.1,980,980,,,,,,,,,,,61.43,50,NEUTRAL,kite:2026-05-08,2026-05-08T12:20:47.414Z
ARIHANTACA-SM,ARIHANT ACADEMY,NSE EQ,470,-10,-2.08,451.3,470,451.3,480,800,800,,,,,,,,,,,,50,NEUTRAL,kite:2026-05-08,2026-05-08T12:20:47.414Z
ARIHANTCAP,ARIHANT CAPITAL MKTS,NSE EQ,74.92,0.55,0.74,76,76.8,73.61,74.37,339748,339748,,,,,,,,,,,34.08,50,NEUTRAL,kite:2026-05-08,2026-05-08T12:20:47.414Z
ARIHANTSUP,ARIHANT SUPERSTRUCT,NSE EQ,277.15,5.4,1.99,270.65,278.75,270.65,271.75,10131,10131,,,,,,,,,,,62.26,50,NEUTRAL,kite:2026-05-08,2026-05-08T12:20:47.414Z
ARIS,ARISINFRA SOLUTIONS,NSE EQ,154.2,8.68,5.96,149.49,156.99,147.1,145.52,4863512,4863512,,,,,,,,,,,30.59,54,NEUTRAL,kite:2026-05-08,2026-05-08T12:20:47.414Z
ARISTO-SM,ARISTO BIO T AND LIFESC L,NSE EQ,122,0,0,0,122,122,122,0,0,,,,,,,,,,,,50,NEUTRAL,kite:2026-05-08,2026-05-08T12:20:47.414Z
ARKADE,ARKADE DEVELOPERS,NSE EQ,123.66,-1.99,-1.58,125.1,126.9,123.02,125.65,238091,238091,,,,,,,,,,,41.11,50,NEUTRAL,kite:2026-05-08,2026-05-08T12:20:47.414Z
ARMANFIN,ARMAN FIN SERV,NSE EQ,1753.6,-25.2,-1.42,1759.9,1783.4,1719.1,1778.8,44330,44330,,,,,,,,,,,51.79,50,NEUTRAL,kite:2026-05-08,2026-05-08T12:20:47.414Z
ARMOUR-SM,ARMOUR SECURITY (INDIA) L,NSE EQ,23.25,0,0,0,24,23.25,23.25,0,0,,,,,,,,,,,,50,NEUTRAL,kite:2026-05-08,2026-05-08T12:20:47.414Z
AROGRANITE,ARO GRANITE IND.,NSE EQ,27.66,-0.33,-1.18,28.7,28.79,27.26,27.99,7270,7270,,,,,,,,,,,68.4,50,NEUTRAL,kite:2026-05-08,2026-05-08T12:20:47.414Z
ARROWGREEN,ARROW GREENTECH,NSE EQ,580.85,26.35,4.75,554,594,545,554.5,66201,66201,,,,,,,,,,,41.72,54,NEUTRAL,kite:2026-05-08,2026-05-08T12:20:47.414Z
ARSHIYA-BZ,ARSHIYA,NSE EQ,1.33,-0.01,-0.75,1.34,1.35,1.3,1.34,37886,37886,,,,,,,,,,,,50,NEUTRAL,kite:2026-05-08,2026-05-08T12:20:47.414Z
ARSSBL,ANAND RATHI SH N STK BR L,NSE EQ,590.55,3.6,0.61,582.75,605.2,578.05,586.95,525618,525618,,,,,,,,,,,28.64,50,NEUTRAL,kite:2026-05-08,2026-05-08T12:20:47.414Z
ARTEMISMED,ARTEMIS MED SERVICE,NSE EQ,265.67,0.86,0.32,263.75,271,258.6,264.81,202431,202431,,,,,,,,,,,53.63,50,NEUTRAL,kite:2026-05-08,2026-05-08T12:20:47.414Z
ARTNIRMAN-BE,ART NIRMAN,NSE EQ,40.5,0.22,0.55,40.28,41.99,40.28,40.28,4488,4488,,,,,,,,,,,,50,NEUTRAL,kite:2026-05-08,2026-05-08T12:20:47.414Z
ARUNAYA-SM,ARUNAYA ORGANICS,NSE EQ,18.1,-0.15,-0.82,18.3,18.3,18.1,18.25,4000,4000,,,,,,,,,,,,50,NEUTRAL,kite:2026-05-08,2026-05-08T12:20:47.414Z
ARVEE,ARVEE LABORATORIES I,NSE EQ,168.32,-0.68,-0.4,168.9,168.9,165.41,169,275,275,,,,,,,,,,,61.82,50,NEUTRAL,kite:2026-05-08,2026-05-08T12:20:47.414Z
ARVIND,ARVIND,NSE EQ,435,-12.9,-2.88,449,451,429,447.9,1642959,1642959,,,,,,,,,,,32.51,50,NEUTRAL,kite:2026-05-08,2026-05-08T12:20:47.414Z
ARVINDFASN,ARVIND FASHIONS,NSE EQ,460.05,2.45,0.54,456,463.85,450,457.6,290862,290862,,,,,,,,,,,45.31,50,NEUTRAL,kite:2026-05-08,2026-05-08T12:20:47.414Z
ARVINDPORT-ST,ARVIND PORT AND INFRA,NSE EQ,37.15,1.75,4.94,37.15,37.15,35.8,35.4,7500,7500,,,,,,,,,,,,54,NEUTRAL,kite:2026-05-08,2026-05-08T12:20:47.414Z
ARVSMART,ARVIND SMARTSPACES,NSE EQ,633.7,-12.6,-1.95,643.05,652,632,646.3,25889,25889,,,,,,,,,,,54.44,50,NEUTRAL,kite:2026-05-08,2026-05-08T12:20:47.414Z
ASAHIINDIA,ASAHI INDIA GLASS,NSE EQ,836.1,-9.35,-1.11,846,852.2,835,845.45,51896,51896,,,,,,,,,,,58.02,50,NEUTRAL,kite:2026-05-08,2026-05-08T12:20:47.414Z
ASAHISONG,ASAHI SONGWON COLOR,NSE EQ,255.91,-6.34,-2.42,260,262.34,244.03,262.25,17226,17226,,,,,,,,,,,46.89,50,NEUTRAL,kite:2026-05-08,2026-05-08T12:20:47.414Z
ASAL,AUTOMOTIVE STAMPINGS & AS,NSE EQ,549.15,-7.45,-1.34,565,574.2,545,556.6,81637,81637,,,,,,,,,,,38.71,50,NEUTRAL,kite:2026-05-08,2026-05-08T12:20:47.414Z
ASALCBR,ASSO ALCOHOLS & BREW,NSE EQ,899.3,-13.5,-1.48,916,926.9,895,912.8,24782,24782,,,,,,,,,,,48.94,50,NEUTRAL,kite:2026-05-08,2026-05-08T12:20:47.414Z
ASCOM-ST,ASCOM LEASIN & INVEST,NSE EQ,249.7,0,0,0,249.7,249.7,249.7,0,0,,,,,,,,,,,,50,NEUTRAL,kite:2026-05-08,2026-05-08T12:20:47.414Z
ASHALOG-SM,ASHAPURA LOGISTICS,NSE EQ,64.55,-2.6,-3.87,64.4,64.55,64.35,67.15,4000,4000,,,,,,,,,,,,46,NEUTRAL,kite:2026-05-08,2026-05-08T12:20:47.414Z
ASHAPURMIN,ASHAPURA MINECHEM,NSE EQ,683.9,19.65,2.96,660.5,699.25,658.65,664.25,1316364,1316364,,,,,,,,,,,38.64,50,NEUTRAL,kite:2026-05-08,2026-05-08T12:20:47.414Z
ASHIANA,ASHIANA HOUSING,NSE EQ,375,1.5,0.4,380.8,389.4,370.95,373.5,205468,205468,,,,,,,,,,,37.69,50,NEUTRAL,kite:2026-05-08,2026-05-08T12:20:47.414Z
ASHIKA,ASHIKA CREDIT CAPITAL L,NSE EQ,396.55,4.2,1.07,394.05,410.95,388.8,392.35,83492,83492,,,,,,,,,,,77.54,50,NEUTRAL,kite:2026-05-08,2026-05-08T12:20:47.414Z
ASHIMASYN,ASHIMA,NSE EQ,17.1,0.19,1.12,16.41,17.35,16.41,16.91,107324,107324,,,,,,,,,,,62.07,50,NEUTRAL,kite:2026-05-08,2026-05-08T12:20:47.414Z
ASHOKA,ASHOKA BUILDCON,NSE EQ,137.21,-2.84,-2.03,140.61,141.19,136.53,140.05,1101598,1101598,,,,,,,,,,,48.87,50,NEUTRAL,kite:2026-05-08,2026-05-08T12:20:47.414Z
ASHOKAMET,ASHOKA METCAST,NSE EQ,16.91,-0.26,-1.51,17,17.24,16.72,17.17,18215,18215,,,,,,,,,,,54.87,50,NEUTRAL,kite:2026-05-08,2026-05-08T12:20:47.414Z
ASHOKLEY,Ashok Leyland Limited,NSE EQ,168.57,-2.21,-1.29,170,170,167.27,170.78,15023366,15023366,215.42,108.1,,168.19,173.38,172.95,157.34,48.88,5.12,0.75,47.24,50,NEUTRAL,kite:2026-05-08,2026-05-08T12:20:47.414Z
ASHWINI-SM,ASHWINI CONTAINER MOVER L,NSE EQ,158.5,-0.5,-0.31,159,159,158.5,159,4000,4000,,,,,,,,,,,,50,NEUTRAL,kite:2026-05-08,2026-05-08T12:20:47.414Z
ASIANENE,ASIAN ENERGY SERVICES,NSE EQ,298.7,2.55,0.86,296.6,305,296.25,296.15,204129,204129,,,,,,,,,,,69.7,50,NEUTRAL,kite:2026-05-08,2026-05-08T12:20:47.414Z
ASIANHOTNR,ASIAN HOTELS (NORTH),NSE EQ,296.15,6.05,2.09,292.95,300,289.35,290.1,3438,3438,,,,,,,,,,,65.15,50,NEUTRAL,kite:2026-05-08,2026-05-08T12:20:47.414Z
ASIANPAINT,Asian Paints Limited,NSE EQ,2599.9,69.3,2.74,2540,2607.4,2515.4,2530.6,2327900,2327900,2985.7,2115,,2455.24,2418.64,2452.07,2453.31,69.59,61.44,2.09,53.51,72,BUY,kite:2026-05-08,2026-05-08T12:20:47.414Z
ASIANTILES,ASIAN GRANITO IND.,NSE EQ,63.02,-0.87,-1.36,63.8,64.04,62.8,63.89,1087253,1087253,,,,,,,,,,,41.54,50,NEUTRAL,kite:2026-05-08,2026-05-08T12:20:47.414Z
ASIFRG-SF,ASIFRG-SF,NSE EQ,11,0,0,0,11,11,11,0,0,,,,,,,,,,,,50,NEUTRAL,kite:2026-05-08,2026-05-08T12:20:47.414Z
ASKAUTOLTD,ASK AUTOMOTIVE,NSE EQ,456.15,0.95,0.21,453,459.8,450.35,455.2,140556,140556,,,,,,,,,,,48.27,50,NEUTRAL,kite:2026-05-08,2026-05-08T12:20:47.414Z
ASMS,BARTRONICS INDIA,NSE EQ,8.01,0.05,0.63,8,8.36,7.92,7.96,1639257,1639257,,,,,,,,,,,28.07,50,NEUTRAL,kite:2026-05-08,2026-05-08T12:20:47.414Z
ASPINWALL,ASPINWALL & CO,NSE EQ,252.25,14.03,5.89,239.99,256,239.99,238.22,7404,7404,,,,,,,,,,,80.59,54,NEUTRAL,kite:2026-05-08,2026-05-08T12:20:47.414Z
ASPIRE-SM,ASPIRE & INNOVATIVE ADV L,NSE EQ,17.35,0,0,0,17.35,17.35,17.35,0,0,,,,,,,,,,,,50,NEUTRAL,kite:2026-05-08,2026-05-08T12:20:47.414Z
ASTAR,ASIAN STAR CO.,NSE EQ,663.8,14.4,2.22,649.4,663.8,626,649.4,63,63,,,,,,,,,,,100,50,NEUTRAL,kite:2026-05-08,2026-05-08T12:20:47.414Z
ASTEC,ASTEC LIFESCIENCES,NSE EQ,710.7,-4.55,-0.64,715.25,717.45,703.3,715.25,27291,27291,,,,,,,,,,,33.67,50,NEUTRAL,kite:2026-05-08,2026-05-08T12:20:47.414Z
ASTERDM,ASTER DM HEALTHCARE,NSE EQ,742.4,3.85,0.52,739.4,748.15,730.1,738.55,698355,698355,,,,,,,,,,,59.82,50,NEUTRAL,kite:2026-05-08,2026-05-08T12:20:47.414Z
ASTRAL,ASTRAL,NSE EQ,1569.8,0.7,0.04,1565.2,1594.6,1565.2,1569.1,488596,488596,,,,,,,,,,,52.39,50,NEUTRAL,kite:2026-05-08,2026-05-08T12:20:47.414Z
ASTRAMICRO,ASTRA MICROWAVE,NSE EQ,1147.4,-15.1,-1.3,1170,1179,1142.2,1162.5,534180,534180,,,,,,,,,,,46.62,50,NEUTRAL,kite:2026-05-08,2026-05-08T12:20:47.414Z
ASTRAZEN,ASTRAZENECA PHARMA IND LT,NSE EQ,8493,-56,-0.66,8538,8670.5,8452.5,8549,4155,4155,,,,,,,,,,,33.84,50,NEUTRAL,kite:2026-05-08,2026-05-08T12:20:47.414Z
ASTRON-BE,ASTRON PAPER BORD MIL,NSE EQ,4.25,-0.04,-0.93,4.3,4.3,4.19,4.29,23185,23185,,,,,,,,,,,,50,NEUTRAL,kite:2026-05-08,2026-05-08T12:20:47.414Z
ATALREAL,ATAL REALTECH,NSE EQ,28.44,-0.03,-0.11,28.4,28.55,28.24,28.47,2032207,2032207,,,,,,,,,,,6.88,50,NEUTRAL,kite:2026-05-08,2026-05-08T12:20:47.414Z
ATAM,ATAM VALVES,NSE EQ,79.09,1.46,1.88,79,79.79,78,77.63,9907,9907,,,,,,,,,,,76.41,50,NEUTRAL,kite:2026-05-08,2026-05-08T12:20:47.414Z
ATCENERGY-ST,ATC ENERGIES SYSTEM,NSE EQ,32.3,0.3,0.94,32.95,33,31.05,32,12000,12000,,,,,,,,,,,,50,NEUTRAL,kite:2026-05-08,2026-05-08T12:20:47.414Z
ATGL,ADANI TOTAL GAS,NSE EQ,633.05,-11.2,-1.74,643.95,648.95,629.3,644.25,1237721,1237721,,,,,,,,,,,28.49,50,NEUTRAL,kite:2026-05-08,2026-05-08T12:20:47.414Z
ATHERENERG,ATHER ENERGY,NSE EQ,915.05,7.85,0.87,911.75,939,903.15,907.2,3689273,3689273,,,,,,,,,,,30.9,50,NEUTRAL,kite:2026-05-08,2026-05-08T12:20:47.414Z
ATL,ALLCARGO TERMINALS,NSE EQ,28.02,0.73,2.67,27,28.29,26.7,27.29,354827,354827,,,,,,,,,,,41.13,50,NEUTRAL,kite:2026-05-08,2026-05-08T12:20:47.414Z
ATLANTAA,ATLANTAA,NSE EQ,42.79,-0.62,-1.43,43.41,43.77,42.48,43.41,32182,32182,,,,,,,,,,,72.16,50,NEUTRAL,kite:2026-05-08,2026-05-08T12:20:47.414Z
ATLANTAELE-BE,ATLANTA ELECTRICALS,NSE EQ,1646.1,28.5,1.76,1635,1698.3,1570,1617.6,71140,71140,,,,,,,,,,,,50,NEUTRAL,kite:2026-05-08,2026-05-08T12:20:47.414Z
ATLASCYCLE,ATLAS CYCLE (HARYANA),NSE EQ,101.88,-1.09,-1.06,103.7,103.7,100.23,102.97,15834,15834,,,,,,,,,,,68.13,50,NEUTRAL,kite:2026-05-08,2026-05-08T12:20:47.414Z
ATLPP-E1,ATL RE.0.50 PPD UP,NSE EQ,10.65,0.22,2.11,10.87,10.87,9.74,10.43,14683,14683,,,,,,,,,,,,50,NEUTRAL,kite:2026-05-08,2026-05-08T12:20:47.414Z
ATMASTCO-SM,ATMASTCO,NSE EQ,194.9,16.4,9.19,178.5,196.35,174.5,178.5,168000,168000,,,,,,,,,,,,54,NEUTRAL,kite:2026-05-08,2026-05-08T12:20:47.414Z
ATUL,ATUL,NSE EQ,7088.5,55,0.78,7025,7112,7016.5,7033.5,33172,33172,,,,,,,,,,,58.09,50,NEUTRAL,kite:2026-05-08,2026-05-08T12:20:47.414Z
ATULAUTO,ATUL AUTO,NSE EQ,498.75,5.45,1.1,486,506.45,486,493.3,338073,338073,,,,,,,,,,,34.22,50,NEUTRAL,kite:2026-05-08,2026-05-08T12:20:47.414Z
AUBANK,AU Small Finance Bank Limited,NSE EQ,1050.4,18,1.74,1032.4,1052.3,1026.3,1032.4,2406953,2406953,1079.55,671.6,,1009.05,981.53,957.56,888.34,64.86,24.73,1.04,63.08,66,BUY,kite:2026-05-08,2026-05-08T12:20:47.414Z
AURIGROW,AURI GROW INDIA,NSE EQ,0.35,0.01,2.94,0.35,0.35,0.34,0.34,15953732,15953732,,,,,,,,,,,63.9,50,NEUTRAL,kite:2026-05-08,2026-05-08T12:20:47.414Z
AURIONPRO,AURIONPRO SOLN,NSE EQ,896.05,26.5,3.05,869.55,904.5,862.1,869.55,445351,445351,,,,,,,,,,,43.51,54,NEUTRAL,kite:2026-05-08,2026-05-08T12:20:47.414Z
AUROIMPEX-SM,AURO IMPEX & CHEMICALS L,NSE EQ,31.85,0,0,0,31.85,31.85,31.85,0,0,,,,,,,,,,,,50,NEUTRAL,kite:2026-05-08,2026-05-08T12:20:47.414Z
AUROPHARMA,Aurobindo Pharma Limited,NSE EQ,1487.3,8.6,0.58,1485,1513.4,1480.1,1478.7,1018078,1018078,1513.4,1016.1,,1407.37,1341.79,1281.74,1220.68,71.24,36.87,0.77,45.75,54,NEUTRAL,kite:2026-05-08,2026-05-08T12:20:47.414Z
AURUM,AURUM PROPTECH,NSE EQ,177.08,-0.59,-0.33,177.55,179.1,176.52,177.67,71373,71373,,,,,,,,,,,79.06,50,NEUTRAL,kite:2026-05-08,2026-05-08T12:20:47.414Z
AUSL-SM,ADITYA ULTRA STEEL,NSE EQ,21.75,-1.1,-4.81,21.75,21.75,21.75,22.85,2000,2000,,,,,,,,,,,,46,NEUTRAL,kite:2026-05-08,2026-05-08T12:20:47.414Z
AUSOMENT,AUSOM ENTERPRISE,NSE EQ,152.2,1.42,0.94,154.2,158,149.03,150.78,27438,27438,,,,,,,,,,,32.45,50,NEUTRAL,kite:2026-05-08,2026-05-08T12:20:47.414Z
AUTOAXLES,AUTOMOTIVE AXLES,NSE EQ,1837.3,15,0.82,1829,1863.9,1812.2,1822.3,5311,5311,,,,,,,,,,,48.73,50,NEUTRAL,kite:2026-05-08,2026-05-08T12:20:47.414Z
AUTOBEES,NIPPON INDIA NIFTY AUTO ETF,NSE EQ,279.9,-0.7,-0.25,280,281.44,277.79,280.6,258512,258512,,,,,,,,,,,50.03,50,NEUTRAL,kite:2026-05-08,2026-05-08T12:20:47.414Z
AUTOIND,AUTOLINE INDUSTRIES,NSE EQ,78.53,-2.3,-2.85,80.2,81.83,78.11,80.83,152043,152043,,,,,,,,,,,58.21,50,NEUTRAL,kite:2026-05-08,2026-05-08T12:20:47.414Z
AVADHSUGAR-BE,AVADH SUG & ENERGY,NSE EQ,509.3,-14,-2.68,531.85,531.9,507,523.3,16236,16236,,,,,,,,,,,,50,NEUTRAL,kite:2026-05-08,2026-05-08T12:20:47.414Z
AVAILFC,AVAILABLE FINANCE,NSE EQ,156.45,-2.85,-1.79,157,159.89,154.74,159.3,982,982,,,,,,,,,,,83.2,50,NEUTRAL,kite:2026-05-08,2026-05-08T12:20:47.414Z
AVALON,AVALON TECHNOLOGIES,NSE EQ,1387,131.5,10.47,1271.6,1427.8,1271.6,1255.5,4128121,4128121,,,,,,,,,,,14.32,54,NEUTRAL,kite:2026-05-08,2026-05-08T12:20:47.414Z
AVANA-ST,AVANA ELECTROSYSTEMS,NSE EQ,141.5,1.5,1.07,144,144,140.8,140,10000,10000,,,,,,,,,,,,50,NEUTRAL,kite:2026-05-08,2026-05-08T12:20:47.414Z
AVANTEL,AVANTEL,NSE EQ,164.34,7.36,4.69,157,166.1,154.7,156.98,5098880,5098880,,,,,,,,,,,40.22,54,NEUTRAL,kite:2026-05-08,2026-05-08T12:20:47.414Z
AVANTIFEED,AVANTI FEEDS,NSE EQ,1435.2,-15.1,-1.04,1453.9,1464.7,1425,1450.3,421487,421487,,,,,,,,,,,38.5,50,NEUTRAL,kite:2026-05-08,2026-05-08T12:20:47.414Z
AVATAR-ST,AVATAR INDUSTRIES,NSE EQ,124.95,4.95,4.13,124.95,124.95,124.95,120,2000,2000,,,,,,,,,,,,54,NEUTRAL,kite:2026-05-08,2026-05-08T12:20:47.414Z
AVG,AVG LOGISTICS,NSE EQ,174.26,0.63,0.36,179,179,171.32,173.63,16852,16852,,,,,,,,,,,63.55,50,NEUTRAL,kite:2026-05-08,2026-05-08T12:20:47.414Z
AVIANSH-SM,AVI ANSH TEXTILE,NSE EQ,111,-2.75,-2.42,114,114,111,113.75,4000,4000,,,,,,,,,,,,50,NEUTRAL,kite:2026-05-08,2026-05-08T12:20:47.414Z
AVL,ADITYA VISION,NSE EQ,556.3,0.1,0.02,556.2,564.7,543,556.2,868753,868753,,,,,,,,,,,82.92,50,NEUTRAL,kite:2026-05-08,2026-05-08T12:20:47.414Z
AVONMORE,AVONMORE CAP&MGT SERV,NSE EQ,12.16,-0.04,-0.33,12.07,12.32,12.07,12.2,126669,126669,,,,,,,,,,,67.12,50,NEUTRAL,kite:2026-05-08,2026-05-08T12:20:47.414Z
AVPINFRA-SM,AVP INFRACON,NSE EQ,89,-0.5,-0.56,89.5,90,88.9,89.5,61600,61600,,,,,,,,,,,,50,NEUTRAL,kite:2026-05-08,2026-05-08T12:20:47.414Z
AVROIND,AVRO INDIA,NSE EQ,12.06,-0.15,-1.23,12.6,12.6,11.52,12.21,208391,208391,,,,,,,,,,,56.8,50,NEUTRAL,kite:2026-05-08,2026-05-08T12:20:47.414Z
AVSL-ST,AVSL INDUSTRIES,NSE EQ,119.7,0,0,0,119.7,119.7,119.7,0,0,,,,,,,,,,,,50,NEUTRAL,kite:2026-05-08,2026-05-08T12:20:47.414Z
AVTNPL,AVT NATURAL PRODUCTS,NSE EQ,68.44,-0.39,-0.57,69.45,70.47,67.3,68.83,35299,35299,,,,,,,,,,,48.88,50,NEUTRAL,kite:2026-05-08,2026-05-08T12:20:47.414Z
AWFIS,AWFIS SPACE SOLUTIONS,NSE EQ,379.15,12.75,3.48,364.7,384.8,355.25,366.4,442986,442986,,,,,,,,,,,48.35,54,NEUTRAL,kite:2026-05-08,2026-05-08T12:20:47.414Z
AWHCL,ANTONY WASTE HDG CELL,NSE EQ,513.9,-13.2,-2.5,530,530.85,510.8,527.1,92793,92793,,,,,,,,,,,53.61,50,NEUTRAL,kite:2026-05-08,2026-05-08T12:20:47.414Z
AWL,AWL AGRI BUSINESS,NSE EQ,206.78,-5.16,-2.43,211.5,211.5,205,211.94,3660874,3660874,,,,,,,,,,,53.66,50,NEUTRAL,kite:2026-05-08,2026-05-08T12:20:47.414Z
AXISBANK,Axis Bank Limited,NSE EQ,1268.3,-24.4,-1.89,1280,1282,1264.6,1292.7,6358595,6358595,1418.3,1042.5,,1296.76,1296.25,1285.07,1239.75,43.82,30.79,0.91,68.77,46,NEUTRAL,kite:2026-05-08,2026-05-08T12:20:47.414Z
AXISBNKETF,AXIS NIFTY BANK ETF,NSE EQ,568.66,-6.04,-1.05,572.43,572.43,566.84,574.7,733,733,,,,,,,,,,,82.13,50,NEUTRAL,kite:2026-05-08,2026-05-08T12:20:47.414Z
AXISCADES,AXISCADES TECH,NSE EQ,2173.6,40.9,1.92,2144,2198,2135.6,2132.7,101921,101921,,,,,,,,,,,53.28,50,NEUTRAL,kite:2026-05-08,2026-05-08T12:20:47.414Z
AXISCETF,AXIS NIFTY INDIA CONSUMPTION ETF,NSE EQ,119.7,0.24,0.2,119.45,120.22,118.7,119.46,963,963,,,,,,,,,,,74.97,50,NEUTRAL,kite:2026-05-08,2026-05-08T12:20:47.414Z
AXISGOLD,AXIS GOLD ETF,NSE EQ,125.42,-0.13,-0.1,122.41,125.77,122.41,125.55,435569,435569,,,,,,,,,,,47.98,50,NEUTRAL,kite:2026-05-08,2026-05-08T12:20:47.414Z
AXISHCETF,AXIS NIFTY HEALTHCARE ETF,NSE EQ,157.05,0.65,0.42,158.96,158.96,156.4,156.4,3741,3741,,,,,,,,,,,59.88,50,NEUTRAL,kite:2026-05-08,2026-05-08T12:20:47.414Z
AXISILVER,AXIS SILVER ETF,NSE EQ,249.64,1.12,0.45,254.73,254.73,246.97,248.52,398863,398863,,,,,,,,,,,35.7,50,NEUTRAL,kite:2026-05-08,2026-05-08T12:20:47.414Z
AXISNIFTY,AXIS NIFTY 50 ETF,NSE EQ,266.22,-1.67,-0.62,272.3,272.3,264.96,267.89,17458,17458,,,,,,,,,,,26.96,50,NEUTRAL,kite:2026-05-08,2026-05-08T12:20:47.414Z
AXISTECETF,AXIS NIFTY IT ETF,NSE EQ,322.36,3.32,1.04,322.98,323,319.68,319.04,1848,1848,,,,,,,,,,,75.05,50,NEUTRAL,kite:2026-05-08,2026-05-08T12:20:47.414Z
AXISVALUE,AXIS NIFTY500 VALUE 50 ETF,NSE EQ,34.02,-0.45,-1.31,34.64,34.64,33.91,34.47,101687,101687,,,,,,,,,,,72.32,50,NEUTRAL,kite:2026-05-08,2026-05-08T12:20:47.414Z
AXITA,AXITA COTTON,NSE EQ,8.18,0.01,0.12,8.2,8.44,8.12,8.17,295615,295615,,,,,,,,,,,61.58,50,NEUTRAL,kite:2026-05-08,2026-05-08T12:20:47.414Z
AXSENSEX,AXIS BSE SENSEX ETF,NSE EQ,79.89,-0.54,-0.67,80.98,80.98,79.65,80.43,1159,1159,,,,,,,,,,,99.14,50,NEUTRAL,kite:2026-05-08,2026-05-08T12:20:47.414Z
AYE,AYE FINANCE,NSE EQ,150.55,8.77,6.19,142.65,157.9,142.48,141.78,4884918,4884918,,,,,,,,,,,27.83,54,NEUTRAL,kite:2026-05-08,2026-05-08T12:20:47.414Z
AYMSYNTEX,AYM SYNTEX,NSE EQ,231.17,-0.25,-0.11,232.98,238.79,230,231.42,10512,10512,,,,,,,,,,,54.44,50,NEUTRAL,kite:2026-05-08,2026-05-08T12:20:47.414Z
AZAD,AZAD ENGINEERING,NSE EQ,2315.6,71,3.16,2249,2350,2234.9,2244.6,746143,746143,,,,,,,,,,,45.54,54,NEUTRAL,kite:2026-05-08,2026-05-08T12:20:47.414Z
BABAFP-SM,BABA FOOD PROCESSING,NSE EQ,27,0,0,0,28.5,26,27,0,0,,,,,,,,,,,,50,NEUTRAL,kite:2026-05-08,2026-05-08T12:20:47.414Z
BAFNAPH-BE,BAFNA PHARMACEUTICALS,NSE EQ,132,0.78,0.59,132,132,131,131.22,430,430,,,,,,,,,,,,50,NEUTRAL,kite:2026-05-08,2026-05-08T12:20:47.414Z
BAGDIGITAL-SM,B.A.G.CONVERGENCE,NSE EQ,118.9,4.3,3.75,113,120.95,113,114.6,51200,51200,,,,,,,,,,,,54,NEUTRAL,kite:2026-05-08,2026-05-08T12:20:47.414Z
BAGFILMS,B.A.G FILMS AND MEDIA,NSE EQ,5.23,0.01,0.19,5.29,5.3,5.16,5.22,46403,46403,,,,,,,,,,,81.68,50,NEUTRAL,kite:2026-05-08,2026-05-08T12:20:47.414Z
BAHETI-SM,BAHETI RECYCLING IND,NSE EQ,605.65,1.05,0.17,607,608,590,604.6,39000,39000,,,,,,,,,,,,50,NEUTRAL,kite:2026-05-08,2026-05-08T12:20:47.414Z
BAIDFIN,BAID FINSERV,NSE EQ,11.61,0.33,2.93,11.3,11.74,11.05,11.28,142550,142550,,,,,,,,,,,77.35,50,NEUTRAL,kite:2026-05-08,2026-05-08T12:20:47.414Z
BAJAJ-AUTO,Bajaj Auto Limited,NSE EQ,10711.5,106.5,1,10625,10785,10540,10605,375627,375627,10785,7612,,9919.28,9656.56,9476.97,9148.89,73.83,274.94,0.81,35.81,54,NEUTRAL,kite:2026-05-08,2026-05-08T12:20:47.414Z
BAJAJCON,BAJAJ CONSUMER CARE,NSE EQ,546.25,24.9,4.78,521,548.8,511.6,521.35,2090399,2090399,,,,,,,,,,,36.63,54,NEUTRAL,kite:2026-05-08,2026-05-08T12:20:47.414Z
BAJAJELEC,BAJAJ ELECT.LTD,NSE EQ,405.95,-9.6,-2.31,415.55,415.95,403.35,415.55,109230,109230,,,,,,,,,,,51.41,50,NEUTRAL,kite:2026-05-08,2026-05-08T12:20:47.414Z
BAJAJFINSV,Bajaj Finserv Ltd.,NSE EQ,1818.3,-6.2,-0.34,1824.5,1827.2,1802.5,1824.5,719570,719570,2195,1597,,1794.07,1823.38,1882.49,1937.23,53.83,41.69,0.61,52.51,50,NEUTRAL,kite:2026-05-08,2026-05-08T12:20:47.414Z
BAJAJHCARE,BAJAJ HEALTHCARE,NSE EQ,336.55,-3.15,-0.93,339.95,340.5,326.95,339.7,416278,416278,,,,,,,,,,,45.78,50,NEUTRAL,kite:2026-05-08,2026-05-08T12:20:47.414Z
BAJAJHFL,BAJAJ HOUSING FINANCE LTD,NSE EQ,87.55,-0.42,-0.48,87.8,87.97,86.88,87.97,3911351,3911351,128.7,72.65,,87.25,86.91,90.23,99.47,52.35,1.82,0.64,48.91,62,BUY,kite:2026-05-08,2026-05-08T12:20:47.414Z
BAJAJHIND,BAJAJ HINDUSTHAN SUGAR LT,NSE EQ,19.77,-0.46,-2.27,20.15,20.23,19.64,20.23,7980526,7980526,,,,,,,,,,,52.18,50,NEUTRAL,kite:2026-05-08,2026-05-08T12:20:47.414Z
BAJAJHLDNG,Bajaj Holdings & Investment Limited,NSE EQ,10632,35,0.33,10545,10840,10342,10597,79849,79849,14763,8588,,10283.98,10265.5,10638.28,11570.81,63.99,304.17,1.61,26.41,72,BUY,kite:2026-05-08,2026-05-08T12:20:47.414Z
BAJAJINDEF,INDEF MANUFACTURING,NSE EQ,306.05,2.5,0.82,305,309.75,302.1,303.55,16256,16256,,,,,,,,,,,53.41,50,NEUTRAL,kite:2026-05-08,2026-05-08T12:20:47.414Z
BAJAJST,BAJAJ STEEL INDS.,NSE EQ,440.25,-3.55,-0.8,449.9,449.9,437,443.8,4455,4455,,,,,,,,,,,65.97,50,NEUTRAL,kite:2026-05-08,2026-05-08T12:20:47.414Z
BAJEL,BAJEL PROJECTS,NSE EQ,181.24,-2.59,-1.41,183.83,186.59,180.6,183.83,146339,146339,,,,,,,,,,,46.74,50,NEUTRAL,kite:2026-05-08,2026-05-08T12:20:47.414Z
BAJFINANCE,Bajaj Finance Limited,NSE EQ,955.35,-17.4,-1.79,971,971.95,951,972.75,5555386,5555386,1102.5,787.9,,933.83,926.72,939.53,944.6,58.15,23.98,0.68,51.65,66,BUY,kite:2026-05-08,2026-05-08T12:20:47.414Z
BALAJEE,SHREE TIRUPATI BALAJEE L,NSE EQ,32.82,-0.22,-0.67,33.7,33.95,32.1,33.04,23109,23109,,,,,,,,,,,49.55,50,NEUTRAL,kite:2026-05-08,2026-05-08T12:20:47.414Z
BALAJIPHOS-SM,BALAJI PHOSPHATES,NSE EQ,101,0,0,0,101,100.1,101,0,0,,,,,,,,,,,,50,NEUTRAL,kite:2026-05-08,2026-05-08T12:20:47.414Z
BALAJITELE,BALAJI TELEFILMS,NSE EQ,123.23,0.29,0.24,121.97,126,118.14,122.94,2263116,2263116,,,,,,,,,,,23.9,50,NEUTRAL,kite:2026-05-08,2026-05-08T12:20:47.414Z
BALAMINES,BALAJI AMINES,NSE EQ,1487.2,-39.1,-2.56,1514.1,1538,1482.7,1526.3,125285,125285,,,,,,,,,,,44.35,50,NEUTRAL,kite:2026-05-08,2026-05-08T12:20:47.414Z
BALAXI-BE,BALAXI PHARMA,NSE EQ,29.12,0.6,2.1,29.1,29.3,28.7,28.52,97126,97126,,,,,,,,,,,,50,NEUTRAL,kite:2026-05-08,2026-05-08T12:20:47.414Z
BALCO-ST,SOLVE PLASTIC PRODUCTS L,NSE EQ,24.85,-0.05,-0.2,26,26,24.05,24.9,3600,3600,,,,,,,,,,,,50,NEUTRAL,kite:2026-05-08,2026-05-08T12:20:47.414Z
BALKRISHNA,BALKRISHNA PAPER MILLS L,NSE EQ,18.99,0.34,1.82,19.35,19.35,17.91,18.65,5687,5687,,,,,,,,,,,78.65,50,NEUTRAL,kite:2026-05-08,2026-05-08T12:20:47.414Z
BALKRISIND,Balkrishna Industries Limited,NSE EQ,2262.5,4.1,0.18,2264,2300,2237.3,2258.4,154989,154989,2817.5,2015.4,,2229.63,2260.89,2308.52,2367.32,53.16,63.66,0.96,39.48,50,NEUTRAL,kite:2026-05-08,2026-05-08T12:20:47.414Z
BALMLAWRIE,BALMER LAWRIE & CO,NSE EQ,196.3,-0.47,-0.24,197,199.5,195.98,196.77,226329,226329,,,,,,,,,,,52.31,50,NEUTRAL,kite:2026-05-08,2026-05-08T12:20:47.414Z
BALPHARMA,BAL PHARMA,NSE EQ,80.15,1.63,2.08,78.05,82.5,78.05,78.52,33226,33226,,,,,,,,,,,65.98,50,NEUTRAL,kite:2026-05-08,2026-05-08T12:20:47.414Z
BALRAMCHIN,BALRAMPUR CHINI MILLS,NSE EQ,522.75,-2.75,-0.52,525.4,525.4,517.2,525.5,304056,304056,,,,,,,,,,,48.62,50,NEUTRAL,kite:2026-05-08,2026-05-08T12:20:47.414Z
BALUFORGE,BALU FORGE INDUSTRIES,NSE EQ,550.05,-7.6,-1.36,553,562.1,547.25,557.65,367691,367691,,,,,,,,,,,50.48,50,NEUTRAL,kite:2026-05-08,2026-05-08T12:20:47.414Z
BANARBEADS,BANARAS BEADS,NSE EQ,121.34,7.58,6.66,112.22,123.9,112.22,113.76,20343,20343,,,,,,,,,,,57.43,54,NEUTRAL,kite:2026-05-08,2026-05-08T12:20:47.414Z
BANARISUG,BANNARI AMMAN SUGARS,NSE EQ,3609,-76.7,-2.08,3685.7,3715,3605,3685.7,554,554,,,,,,,,,,,39.17,50,NEUTRAL,kite:2026-05-08,2026-05-08T12:20:47.414Z
BANCOINDIA,BANCO PRODUCTS (I),NSE EQ,636.25,-4.05,-0.63,640.3,652.6,633.2,640.3,165125,165125,,,,,,,,,,,43.95,50,NEUTRAL,kite:2026-05-08,2026-05-08T12:20:47.414Z
BANDHANBNK,Bandhan Bank Limited,NSE EQ,206.11,-1.52,-0.73,207.44,207.95,203.68,207.63,10392299,10392299,212.66,134.25,,189.44,176.59,169.25,167.93,73.11,6.53,0.61,41.44,54,NEUTRAL,kite:2026-05-08,2026-05-08T12:20:47.414Z
BANG,BANG OVERSEAS,NSE EQ,39.97,-0.79,-1.94,41.79,41.79,39.21,40.76,9822,9822,,,,,,,,,,,74.23,50,NEUTRAL,kite:2026-05-08,2026-05-08T12:20:47.414Z
BANK10ADD,DSPAMC - BANK10ADD,NSE EQ,16.42,-0.25,-1.5,16.54,16.85,16.33,16.67,3279421,3279421,,,,,,,,,,,95.78,50,NEUTRAL,kite:2026-05-08,2026-05-08T12:20:47.414Z
BANKA-BE,BANKA BIOLOO,NSE EQ,84.15,1.65,2,0,84.15,82.5,82.5,6814,6814,,,,,,,,,,,,50,NEUTRAL,kite:2026-05-08,2026-05-08T12:20:47.414Z
BANKADD,DSP NIFTY BANK ETF,NSE EQ,56.44,-0.72,-1.26,56.88,56.88,56.23,57.16,15076,15076,,,,,,,,,,,80.45,50,NEUTRAL,kite:2026-05-08,2026-05-08T12:20:47.414Z
BANKBARODA,Bank of Baroda Limited,NSE EQ,263.9,-6.45,-2.39,269.75,269.75,259.3,270.35,16922683,16922683,325.5,212.55,,270.32,276.74,279.85,269.78,41.33,6.87,1.82,46.64,28,SELL,kite:2026-05-08,2026-05-08T12:20:47.414Z
BANKBEES,NIPPON INDIA ETF BANK BEES,NSE EQ,570.99,-6.67,-1.15,577.44,577.44,568.6,577.66,1427240,1427240,,,,,,,,,,,59.39,50,NEUTRAL,kite:2026-05-08,2026-05-08T12:20:47.414Z
BANKBETA,UTI NIFTY BANK ETF,NSE EQ,57.07,-0.54,-0.94,57.27,57.38,56.82,57.61,1240597,1240597,,,,,,,,,,,92.42,50,NEUTRAL,kite:2026-05-08,2026-05-08T12:20:47.414Z
BANKBETF,BAJAJ FINSERV NIFTY BANK ETF,NSE EQ,56.06,-0.67,-1.18,56.49,56.5,55.8,56.73,16151,16151,,,,,,,,,,,98.74,50,NEUTRAL,kite:2026-05-08,2026-05-08T12:20:47.414Z
BANKETF,MIRAE ASSET NIFTY BANK ETF,NSE EQ,561.58,-6.5,-1.14,564.98,565.68,559.6,568.08,9836,9836,,,,,,,,,,,88.65,50,NEUTRAL,kite:2026-05-08,2026-05-08T12:20:47.414Z
BANKINDIA,BANK OF INDIA,NSE EQ,139.77,-0.6,-0.43,140.25,140.25,138.16,140.37,10454713,10454713,,,,,,,,,,,37.27,50,NEUTRAL,kite:2026-05-08,2026-05-08T12:20:47.414Z
BANKNIFTY1,KOTAK NIFTY BANK ETF,NSE EQ,57.28,-0.52,-0.9,57.4,57.54,57.02,57.8,1282948,1282948,,,,,,,,,,,87.85,50,NEUTRAL,kite:2026-05-08,2026-05-08T12:20:47.414Z
BANKPSU,MIRAE ASSET NIFTY PSU BANK ETF,NSE EQ,84.05,-2.63,-3.03,86.26,86.47,83.6,86.68,39901,39901,,,,,,,,,,,85.66,46,NEUTRAL,kite:2026-05-08,2026-05-08T12:20:47.414Z
BANSALWIRE,BANSAL WIRE INDUSTRIES L,NSE EQ,319.1,-7.25,-2.22,326.85,328.2,317.75,326.35,71765,71765,,,,,,,,,,,52.22,50,NEUTRAL,kite:2026-05-08,2026-05-08T12:20:47.414Z
BANSWRAS,BANSWARA SYNTEX,NSE EQ,123.64,-0.78,-0.63,123.05,125.7,122.9,124.42,20708,20708,,,,,,,,,,,62.08,50,NEUTRAL,kite:2026-05-08,2026-05-08T12:20:47.414Z
BARFLEX-SM,BARFLEX POLYFILMS,NSE EQ,61,-1,-1.61,63.9,63.9,61,62,8000,8000,,,,,,,,,,,,50,NEUTRAL,kite:2026-05-08,2026-05-08T12:20:47.414Z
BASF,BASF INDIA,NSE EQ,4029.8,172.6,4.47,3882,4090,3815,3857.2,105032,105032,,,,,,,,,,,40.79,54,NEUTRAL,kite:2026-05-08,2026-05-08T12:20:47.414Z
BASILIC-SM,BASILIC FLY STUDIO,NSE EQ,239.05,-1.35,-0.56,241,241,235,240.4,7500,7500,,,,,,,,,,,,50,NEUTRAL,kite:2026-05-08,2026-05-08T12:20:47.414Z
BASML,BANNARI AM SPIN MILL,NSE EQ,25.37,-0.51,-1.97,26,26.19,25.16,25.88,62781,62781,,,,,,,,,,,48.09,50,NEUTRAL,kite:2026-05-08,2026-05-08T12:20:47.414Z
BATAINDIA,Bata India Limited,NSE EQ,721.75,-6.4,-0.88,728.15,730.2,716,728.15,99527,99527,1300.7,605,,724.1,742.26,809.7,946.43,48.8,15.37,0.71,43.2,38,SELL,kite:2026-05-08,2026-05-08T12:20:47.414Z
BATLIBOI,BATLIBOI,NSE EQ,83.39,-0.65,-0.77,83.99,84.8,83,84.04,16721,16721,,,,,,,,,,,67.56,50,NEUTRAL,kite:2026-05-08,2026-05-08T12:20:47.414Z
BAWEJA-SM,BAWEJA STUDIOS,NSE EQ,31.8,0.15,0.47,32.95,32.95,31.1,31.65,9600,9600,,,,,,,,,,,,50,NEUTRAL,kite:2026-05-08,2026-05-08T12:20:47.414Z
BAYERCROP,Bayer CropScience Limited,NSE EQ,4610,-26.9,-0.58,4659,4667.7,4600,4636.9,11570,11570,6511,4273,,4699.58,4678.22,4692.33,4940.27,43,97.53,0.61,54.07,46,NEUTRAL,kite:2026-05-08,2026-05-08T12:20:47.414Z
BBETF0432,BHARAT BOND ETF - APRIL 2032,NSE EQ,1315.38,3.88,0.3,1318.05,1319.56,1313,1311.5,1913,1913,,,,,,,,,,,88.29,50,NEUTRAL,kite:2026-05-08,2026-05-08T12:20:47.414Z
BBL,BHARAT BIJLEE,NSE EQ,2793.1,-15.3,-0.54,2807,2874.3,2778,2808.4,42034,42034,,,,,,,,,,,49.3,50,NEUTRAL,kite:2026-05-08,2026-05-08T12:20:47.414Z
BBNPNBETF,BARODA BNP PARIBAS NIFTY BANK ETF,NSE EQ,55.75,-0.74,-1.31,56.11,56.11,55.6,56.49,2149,2149,,,,,,,,,,,93.44,50,NEUTRAL,kite:2026-05-08,2026-05-08T12:20:47.414Z
BBNPPGOLD,BARODA BNP PARIBAS GOLD ETF,NSE EQ,145.7,-0.4,-0.27,146.1,146.4,145.05,146.1,19133,19133,,,,,,,,,,,91.17,50,NEUTRAL,kite:2026-05-08,2026-05-08T12:20:47.414Z
BBOX,BLACK BOX,NSE EQ,748.4,11.75,1.6,740.9,762,740,736.65,627528,627528,,,,,,,,,,,33.73,50,NEUTRAL,kite:2026-05-08,2026-05-08T12:20:47.414Z
BBTC,BOMBAY BURMAH TRADING COR,NSE EQ,1561.5,-2.8,-0.18,1560,1610.8,1554.3,1564.3,247338,247338,,,,,,,,,,,34.65,50,NEUTRAL,kite:2026-05-08,2026-05-08T12:20:47.414Z
BBTCL,B&B TRIPLEWALL CONT,NSE EQ,197.95,0.26,0.13,197.69,201.89,195.1,197.69,1061,1061,,,,,,,,,,,68.99,50,NEUTRAL,kite:2026-05-08,2026-05-08T12:20:47.414Z
BCG-BE,BRIGHTCOM GROUP,NSE EQ,9.59,-0.02,-0.21,9.58,9.63,9.42,9.61,2791812,2791812,,,,,,,,,,,,50,NEUTRAL,kite:2026-05-08,2026-05-08T12:20:47.414Z
BCLIND,BCL INDUSTRIES,NSE EQ,36.04,-0.1,-0.28,36.1,36.38,35.5,36.14,580904,580904,,,,,,,,,,,54.69,50,NEUTRAL,kite:2026-05-08,2026-05-08T12:20:47.414Z
BCONCEPTS,BRAND CONCEPTS,NSE EQ,242.72,-0.43,-0.18,243.13,251,240.41,243.15,7571,7571,,,,,,,,,,,21.66,50,NEUTRAL,kite:2026-05-08,2026-05-08T12:20:47.414Z
BCPL,BCPL RAILWAY INFRA,NSE EQ,82.1,-1.79,-2.13,84.21,86.5,81.1,83.89,86081,86081,,,,,,,,,,,39.54,50,NEUTRAL,kite:2026-05-08,2026-05-08T12:20:47.414Z
BDL,BHARAT DYNAMICS,NSE EQ,1448.6,-18.3,-1.25,1474,1481.2,1439.1,1466.9,1508547,1508547,,,,,,,,,,,38.33,50,NEUTRAL,kite:2026-05-08,2026-05-08T12:20:47.414Z
BDR-IT,BDR BUILDCON,NSE EQ,87.65,0,0,0,0,0,87.65,0,0,,,,,,,,,,,,50,NEUTRAL,kite:2026-05-08,2026-05-08T12:20:47.414Z
BEACON-SM,BEACON TRUSTEESHIP,NSE EQ,111.35,7.35,7.07,124.65,124.8,109.05,104,165000,165000,,,,,,,,,,,,54,NEUTRAL,kite:2026-05-08,2026-05-08T12:20:47.414Z
BEARDSELL,BEARDSELL,NSE EQ,26.72,-0.43,-1.58,27.5,28,26.2,27.15,27147,27147,,,,,,,,,,,52.55,50,NEUTRAL,kite:2026-05-08,2026-05-08T12:20:47.414Z
BECTORFOOD,MRS BECTORS FOOD SPE,NSE EQ,202.39,-1.5,-0.74,203.94,206.63,200.35,203.89,657284,657284,,,,,,,,,,,45.1,50,NEUTRAL,kite:2026-05-08,2026-05-08T12:20:47.414Z
BEDMUTHA-BE,BEDMUTHA INDUST,NSE EQ,111.26,-1.4,-1.24,113.5,114.99,111,112.66,4162,4162,,,,,,,,,,,,50,NEUTRAL,kite:2026-05-08,2026-05-08T12:20:47.414Z
BEEKAY,BEEKAY STEEL INDS.,NSE EQ,427,-7.1,-1.64,439.85,440,425,434.1,3318,3318,,,,,,,,,,,72.42,50,NEUTRAL,kite:2026-05-08,2026-05-08T12:20:47.414Z
BEL,Bharat Electronics Limited,NSE EQ,439.7,0.25,0.06,439,443.8,437.8,439.45,11164661,11164661,473.45,305,,438.36,436.34,429.8,416,51.48,8.31,0.91,42.81,62,BUY,kite:2026-05-08,2026-05-08T12:20:47.414Z
BELLACASA,BELLA CASA FASH AND RET L,NSE EQ,265.6,-2,-0.75,274.8,274.8,260.1,267.6,5879,5879,,,,,,,,,,,75.44,50,NEUTRAL,kite:2026-05-08,2026-05-08T12:20:47.414Z
BELRISE,BELRISE INDUSTRIES,NSE EQ,222.39,-5.55,-2.43,228.05,228.8,222,227.94,2152180,2152180,,,,,,,,,,,50.06,50,NEUTRAL,kite:2026-05-08,2026-05-08T12:20:47.414Z
BEML,BEML Limited,NSE EQ,1950.9,-49.3,-2.46,2005,2037.1,1932,2000.2,492320,492320,2437.4,1355,,1806.06,1729.05,1748.79,1857.44,68.76,70.73,1.12,40.62,66,BUY,kite:2026-05-08,2026-05-08T12:20:47.414Z
BENGALASM,BENGAL & ASSAM CO.,NSE EQ,6650,94.5,1.44,6565,6650,6450,6555.5,153,153,,,,,,,,,,,83.01,50,NEUTRAL,kite:2026-05-08,2026-05-08T12:20:47.414Z
BEPL,BHANSALI ENG. POLYMERS LT,NSE EQ,97.35,-1.01,-1.03,97.38,98.87,97.13,98.36,253375,253375,,,,,,,,,,,54.06,50,NEUTRAL,kite:2026-05-08,2026-05-08T12:20:47.414Z
BERGEPAINT,Berger Paints India Limited,NSE EQ,515.75,27.5,5.63,490,521.95,488.05,488.25,2002819,2002819,605,391.1,,469.55,462.06,476.14,505.16,75,16.59,8.22,25.04,64,BUY,kite:2026-05-08,2026-05-08T12:20:47.414Z
BESTAGRO,BEST AGROLIFE,NSE EQ,19.64,-0.11,-0.56,20,20,19.5,19.75,427192,427192,,,,,,,,,,,65.14,50,NEUTRAL,kite:2026-05-08,2026-05-08T12:20:47.414Z
BETA,BETA DRUGS,NSE EQ,1322.3,-36.8,-2.71,1389.9,1410.5,1175,1359.1,15434,15434,,,,,,,,,,,49.39,50,NEUTRAL,kite:2026-05-08,2026-05-08T12:20:47.414Z
BEWLTD-SM,BEW ENGINEERING,NSE EQ,87.55,-0.1,-0.11,88,89.2,86.5,87.65,10000,10000,,,,,,,,,,,,50,NEUTRAL,kite:2026-05-08,2026-05-08T12:20:47.414Z
BFINVEST,BF INVESTMENT,NSE EQ,443.9,-5.45,-1.21,454.5,454.5,441,449.35,30714,30714,,,,,,,,,,,49.05,50,NEUTRAL,kite:2026-05-08,2026-05-08T12:20:47.414Z
BFSI,MIRAE ASSET NIFTY FINANCIAL SERVICES ETF,NSE EQ,26.9,-0.46,-1.68,28.04,28.04,26.85,27.36,441239,441239,,,,,,,,,,,75.89,50,NEUTRAL,kite:2026-05-08,2026-05-08T12:20:47.414Z
BFUTILITIE,BF UTILITIES,NSE EQ,586.65,-19.3,-3.19,609.85,614.75,580,605.95,30354,30354,,,,,,,,,,,68.83,46,NEUTRAL,kite:2026-05-08,2026-05-08T12:20:47.414Z
BGRENERGY-BE,BGR ENERGY SYSTEMS,NSE EQ,279.5,-3.75,-1.32,275,284.4,275,283.25,50219,50219,,,,,,,,,,,,50,NEUTRAL,kite:2026-05-08,2026-05-08T12:20:47.414Z
BHADORA-SM,BHADORA INDUSTRIES,NSE EQ,70.1,0,0,70.1,71,70.1,70.1,14400,14400,,,,,,,,,,,,50,NEUTRAL,kite:2026-05-08,2026-05-08T12:20:47.414Z
BHAGCHEM,BHAGIRADHA CHEM & INDS L,NSE EQ,257,-4.65,-1.78,263,263.05,256,261.65,64578,64578,,,,,,,,,,,85.68,50,NEUTRAL,kite:2026-05-08,2026-05-08T12:20:47.414Z
BHAGERIA,BHAGERIA INDUSTRIES,NSE EQ,166.48,-0.51,-0.31,166.06,168.57,166,166.99,18231,18231,,,,,,,,,,,72.06,50,NEUTRAL,kite:2026-05-08,2026-05-08T12:20:47.414Z
BHAGYANGR-BE,BHAGYANAGAR INDIA,NSE EQ,311.45,6.75,2.22,310,318,303,304.7,281281,281281,,,,,,,,,,,,50,NEUTRAL,kite:2026-05-08,2026-05-08T12:20:47.414Z
BHANDARI,BHANDARI HOSIERY EXP,NSE EQ,3.51,0.13,3.85,3.48,3.57,3.33,3.38,938937,938937,,,,,,,,,,,68.32,54,NEUTRAL,kite:2026-05-08,2026-05-08T12:20:47.414Z
BHARATCOAL,BHARAT COKING COAL,NSE EQ,33.09,-0.26,-0.78,33.35,33.48,33.04,33.35,3782544,3782544,,,,,,,,,,,53.3,50,NEUTRAL,kite:2026-05-08,2026-05-08T12:20:47.414Z
BHARATFORG,Bharat Forge Limited,NSE EQ,1989.7,-3.2,-0.16,2009.4,2044,1975.1,1992.9,3399059,3399059,2044,1100.5,,1873.82,1796.15,1686.04,1518.19,67.92,70.65,2.34,47.76,60,BUY,kite:2026-05-08,2026-05-08T12:20:47.414Z
BHARATGEAR,BHARAT GEARS,NSE EQ,119.86,2.61,2.23,118.4,121.05,116,117.25,84688,84688,,,,,,,,,,,61.74,50,NEUTRAL,kite:2026-05-08,2026-05-08T12:20:47.414Z
BHARATRAS,BHARAT RASAYAN,NSE EQ,1442.9,-14,-0.96,1464,1468.7,1421.2,1456.9,10200,10200,,,,,,,,,,,53.25,50,NEUTRAL,kite:2026-05-08,2026-05-08T12:20:47.414Z
BHARATSE,BHARAT SEATS,NSE EQ,203.97,3.28,1.63,200.69,209,196.69,200.69,352421,352421,,,,,,,,,,,37.79,50,NEUTRAL,kite:2026-05-08,2026-05-08T12:20:47.414Z
BHARATWIRE,BHARAT WIRE ROPES,NSE EQ,250.78,13.67,5.77,238,257,236.09,237.11,2673044,2673044,,,,,,,,,,,35.14,54,NEUTRAL,kite:2026-05-08,2026-05-08T12:20:47.414Z
BHARTIARTL,Bharti Airtel Limited,NSE EQ,1834.5,7.9,0.43,1820,1840.8,1815.2,1826.6,4839183,4839183,2174.5,1746.9,,1841.82,1867.24,1909.72,1923.54,47.74,35.61,0.57,67.84,38,SELL,kite:2026-05-08,2026-05-08T12:20:47.414Z
BHARTIHEXA,BHARTI HEXACOM,NSE EQ,1498,-17.6,-1.16,1521.6,1521.6,1490,1515.6,102617,102617,,,,,,,,,,,64.72,50,NEUTRAL,kite:2026-05-08,2026-05-08T12:20:47.414Z
BHEL,Bharat Heavy Electricals Limited,NSE EQ,404.6,-1.85,-0.46,406.1,408.9,400.1,406.45,17888566,17888566,408.9,205.12,,347.33,309.97,289.49,270.98,83.93,16.14,0.67,42.24,54,NEUTRAL,kite:2026-05-08,2026-05-08T12:20:47.414Z
BI,BILCARE,NSE EQ,72.1,2.99,4.33,69.11,75,66,69.11,39631,39631,,,,,,,,,,,58.9,54,NEUTRAL,kite:2026-05-08,2026-05-08T12:20:47.414Z
BIGBLOC,BIGBLOC CONSTRUCTION,NSE EQ,58.13,2.4,4.31,56.58,59.27,56.2,55.73,660360,660360,,,,,,,,,,,44.18,54,NEUTRAL,kite:2026-05-08,2026-05-08T12:20:47.414Z
BIKAJI,BIKAJI FOODS INTERN,NSE EQ,671.75,-2.55,-0.38,670,678.5,668.25,674.3,36505,36505,,,,,,,,,,,43.12,50,NEUTRAL,kite:2026-05-08,2026-05-08T12:20:47.414Z
BIKEWO-SM,BIKEWO GREEN TECH,NSE EQ,23.7,0.45,1.94,24.75,24.95,23.65,23.25,112000,112000,,,,,,,,,,,,50,NEUTRAL,kite:2026-05-08,2026-05-08T12:20:47.414Z
BIL,BHARTIYA INTERNATIONAL,NSE EQ,728.4,-31.15,-4.1,761.7,761.7,724.4,759.55,5183,5183,,,,,,,,,,,77.1,46,NEUTRAL,kite:2026-05-08,2026-05-08T12:20:47.414Z
BIMETAL,BIMETAL BEARINGS,NSE EQ,583.5,-16.5,-2.75,614.05,631,578,600,369,369,,,,,,,,,,,85.37,50,NEUTRAL,kite:2026-05-08,2026-05-08T12:20:47.414Z
BIOCON,Biocon Limited,NSE EQ,380.4,-1.85,-0.48,379,396.4,377.25,382.25,5679695,5679695,424.95,317.9,,365.81,367.71,371.08,368.76,62.48,10.26,2.04,23.23,48,NEUTRAL,kite:2026-05-08,2026-05-08T12:20:47.414Z
BIOFILCHEM,BIOFIL CHEM & PHARMA,NSE EQ,34.17,-0.46,-1.33,34.04,35,33.5,34.63,16321,16321,,,,,,,,,,,55.74,50,NEUTRAL,kite:2026-05-08,2026-05-08T12:20:47.414Z
BIOPOL-SM,BIOPOL CHEMICALS,NSE EQ,112.1,1.1,0.99,111.3,114.5,109,111,38400,38400,,,,,,,,,,,,50,NEUTRAL,kite:2026-05-08,2026-05-08T12:20:47.414Z
BIRDYS-ST,GRILL SPLENDOUR SER,NSE EQ,125,-3,-2.34,125,125,125,128,1200,1200,,,,,,,,,,,,50,NEUTRAL,kite:2026-05-08,2026-05-08T12:20:47.414Z
BIRET-RR,BROOKFIELD INDIA RET,NSE EQ,326.54,2.88,0.89,326.46,327,323.15,323.66,370088,370088,,,,,,,,,,,,50,NEUTRAL,kite:2026-05-08,2026-05-08T12:20:47.414Z
BIRLACABLE-BE,BIRLA CABLE,NSE EQ,172.74,8.22,5,172.74,172.74,167.81,164.52,107937,107937,,,,,,,,,,,,54,NEUTRAL,kite:2026-05-08,2026-05-08T12:20:47.414Z
BIRLACORPN,BIRLA CORPORATION,NSE EQ,995,8.95,0.91,986,1009,981.05,986.05,93965,93965,,,,,,,,,,,54.95,50,NEUTRAL,kite:2026-05-08,2026-05-08T12:20:47.414Z
BIRLAMONEY,ADITYA BIRLA MONEY,NSE EQ,145.87,-2.6,-1.75,148.06,148.06,145,148.47,41660,41660,,,,,,,,,,,54.9,50,NEUTRAL,kite:2026-05-08,2026-05-08T12:20:47.414Z
BIRLANU,BIRLANU,NSE EQ,1592.4,1.3,0.08,1590,1598,1530.7,1591.1,5360,5360,,,,,,,,,,,51.31,50,NEUTRAL,kite:2026-05-08,2026-05-08T12:20:47.414Z
BIRLAPREC,BIRLA PRECISION TECH L,NSE EQ,40.45,5.01,14.14,36.6,42,35.57,35.44,234500,234500,,,,,,,,,,,80.77,54,NEUTRAL,kite:2026-05-08,2026-05-08T12:20:47.414Z
BLACKBUCK,BLACKBUCK,NSE EQ,579.1,18.6,3.32,564.25,583.55,561.4,560.5,632803,632803,,,,,,,,,,,43.08,54,NEUTRAL,kite:2026-05-08,2026-05-08T12:20:47.414Z
BLACKROSE,BLACK ROSE INDS.,NSE EQ,91.13,1,1.11,90,92.2,89.01,90.13,12464,12464,,,,,,,,,,,79.17,50,NEUTRAL,kite:2026-05-08,2026-05-08T12:20:47.414Z
BLAL,BEML LAND ASSETS,NSE EQ,207.22,0.24,0.12,208.6,214.98,205.12,206.98,89034,89034,,,,,,,,,,,45.94,50,NEUTRAL,kite:2026-05-08,2026-05-08T12:20:47.414Z
BLBLIMITED-BE,BLB,NSE EQ,16.83,-0.08,-0.47,17.44,17.44,16.6,16.91,36845,36845,,,,,,,,,,,,50,NEUTRAL,kite:2026-05-08,2026-05-08T12:20:47.414Z
BLIL,BALMER LAWRIE INVSTS. L,NSE EQ,77.13,-0.4,-0.52,78.9,79,77.06,77.53,85695,85695,,,,,,,,,,,70.49,50,NEUTRAL,kite:2026-05-08,2026-05-08T12:20:47.414Z
BLISSGVS,BLISS GVS PHARMA,NSE EQ,269.65,-2.35,-0.86,271.6,275.45,269.1,272,718702,718702,,,,,,,,,,,54.91,50,NEUTRAL,kite:2026-05-08,2026-05-08T12:20:47.414Z
BLKASHYAP,B.L.KASHYAP & SON,NSE EQ,60.21,-2.07,-3.32,61.41,62.41,59.73,62.28,755194,755194,,,,,,,,,,,64.04,46,NEUTRAL,kite:2026-05-08,2026-05-08T12:20:47.414Z
BLS,BLS INTL SERVS,NSE EQ,289.3,-2.6,-0.89,293,295.2,288.15,291.9,595987,595987,,,,,,,,,,,50.09,50,NEUTRAL,kite:2026-05-08,2026-05-08T12:20:47.414Z
BLSE,BLS E-SERVICES,NSE EQ,200.17,-0.64,-0.32,198.01,209,198,200.81,220672,220672,,,,,,,,,,,35.06,50,NEUTRAL,kite:2026-05-08,2026-05-08T12:20:47.414Z
BLUECHIP-BE,BLUE CHIP INDIA,NSE EQ,1.8,-0.03,-1.64,1.83,1.86,1.8,1.83,53298,53298,,,,,,,,,,,,50,NEUTRAL,kite:2026-05-08,2026-05-08T12:20:47.414Z
BLUECOAST-BE,BLUE COAST HOTELS,NSE EQ,31.78,0.49,1.57,31.48,32.35,30,31.29,3019,3019,,,,,,,,,,,,50,NEUTRAL,kite:2026-05-08,2026-05-08T12:20:47.414Z
BLUEDART,Blue Dart Express Limited,NSE EQ,5682,19.5,0.34,5707.5,5775.5,5642,5662.5,12577,12577,7225,4683,,5444.04,5378.74,5461.59,5716.95,68.17,138.58,0.99,41.93,66,BUY,kite:2026-05-08,2026-05-08T12:20:47.414Z
BLUEJET,BLUE JET HEALTHCARE,NSE EQ,490.45,0.1,0.02,490.35,501.6,488.45,490.35,375755,375755,,,,,,,,,,,39.92,50,NEUTRAL,kite:2026-05-08,2026-05-08T12:20:47.414Z
BLUEPEBBLE-ST,BLUE PEBBLE,NSE EQ,118.5,1.65,1.41,116,118.5,111.05,116.85,5600,5600,,,,,,,,,,,,50,NEUTRAL,kite:2026-05-08,2026-05-08T12:20:47.414Z
BLUESTARCO,Blue Star Limited,NSE EQ,1692.8,-55.8,-3.19,1728,1736.8,1690,1748.6,1025677,1025677,2040,1450,,1787.45,1794.3,1802.67,1794.5,40.15,61.45,1.51,29.65,24,STRONG_SELL,kite:2026-05-08,2026-05-08T12:20:47.414Z
BLUESTONE,BLUESTONE JEWEL LFSTL,NSE EQ,504.05,1.3,0.26,502.75,510.6,499.75,502.75,133378,133378,,,,,,,,,,,40.09,50,NEUTRAL,kite:2026-05-08,2026-05-08T12:20:47.414Z
BLUEWATER-ST,BLUE WATER LOGISTICS,NSE EQ,260,-0.5,-0.19,260,260,252,260.5,8000,8000,,,,,,,,,,,,50,NEUTRAL,kite:2026-05-08,2026-05-08T12:20:47.414Z
BLUSPRING,BLUSPRING ENTERPRISES,NSE EQ,68.85,0.71,1.04,68,69.8,67,68.14,126888,126888,,,,,,,,,,,49.56,50,NEUTRAL,kite:2026-05-08,2026-05-08T12:20:47.414Z
BMETRICS-SM,BOMBAY METRICS S C,NSE EQ,40.25,-0.55,-1.35,41.05,41.05,40.25,40.8,4000,4000,,,,,,,,,,,,50,NEUTRAL,kite:2026-05-08,2026-05-08T12:20:47.414Z
BMWVENTLTD,BMW VENTURES,NSE EQ,64.99,0.23,0.36,64.44,65.64,64.33,64.76,107848,107848,,,,,,,,,,,71.52,50,NEUTRAL,kite:2026-05-08,2026-05-08T12:20:47.414Z
BNAGROCHEM,BN AGROCHEM,NSE EQ,296.7,7.04,2.43,294,305,288.6,289.66,3691,3691,,,,,,,,,,,42.54,50,NEUTRAL,kite:2026-05-08,2026-05-08T12:20:47.414Z
BNALTD,B & A,NSE EQ,393.45,0,0,0,396.9,382.3,393.45,0,0,,,,,,,,,,,,50,NEUTRAL,kite:2026-05-08,2026-05-08T12:20:47.414Z
BODALCHEM,BODAL CHEMICALS,NSE EQ,73.15,0.06,0.08,74.48,76.4,72.66,73.09,840141,840141,,,,,,,,,,,52.55,50,NEUTRAL,kite:2026-05-08,2026-05-08T12:20:47.414Z
BOHRAIND-BE,BOHRA INDUSTRIES,NSE EQ,20,-0.07,-0.35,0,20.27,20,20.07,3160,3160,,,,,,,,,,,,50,NEUTRAL,kite:2026-05-08,2026-05-08T12:20:47.414Z
BOMDYEING,BOMBAY DYEING & MFG. CO L,NSE EQ,135.46,-0.37,-0.27,136,139.49,133.7,135.83,2152188,2152188,,,,,,,,,,,33.39,50,NEUTRAL,kite:2026-05-08,2026-05-08T12:20:47.414Z
BONLON,BONLON INDUSTRIES,NSE EQ,55.7,2.65,5,55.6,55.7,53.05,53.05,49690,49690,,,,,,,,,,,94.66,54,NEUTRAL,kite:2026-05-08,2026-05-08T12:20:47.414Z
BORANA,BORANA WEAVES,NSE EQ,343,-6,-1.72,356.8,356.8,342,349,24822,24822,,,,,,,,,,,57.24,50,NEUTRAL,kite:2026-05-08,2026-05-08T12:20:47.414Z
BOROLTD,BOROSIL,NSE EQ,257.16,-2.61,-1,260,265.6,256.1,259.77,87377,87377,,,,,,,,,,,49.81,50,NEUTRAL,kite:2026-05-08,2026-05-08T12:20:47.414Z
BORORENEW,BOROSIL RENEWABLES,NSE EQ,561.75,-3.8,-0.67,564.45,574.7,555.55,565.55,726571,726571,,,,,,,,,,,49.52,50,NEUTRAL,kite:2026-05-08,2026-05-08T12:20:47.414Z
BOROSCI,BOROSIL SCIENTIFIC,NSE EQ,120.62,-2.83,-2.29,123.7,123.7,120.1,123.45,30223,30223,,,,,,,,,,,57.73,50,NEUTRAL,kite:2026-05-08,2026-05-08T12:20:47.414Z
BOSCH-HCIL,BOSCH HOME COMFRT IND,NSE EQ,1447.7,1.4,0.1,1436,1457.4,1425,1446.3,8325,8325,,,,,,,,,,,70.26,50,NEUTRAL,kite:2026-05-08,2026-05-08T12:20:47.414Z
BOSCHLTD,Bosch Limited,NSE EQ,38145,250,0.66,37750,38855,37650,37895,30045,30045,41945,28610,,36377.57,35422.1,35436.2,35699.34,64.53,1041.66,0.57,36.74,66,BUY,kite:2026-05-08,2026-05-08T12:20:47.414Z
BOSS-SM,BOSS PACKAGING SOLU,NSE EQ,39.9,0,0,0,39.9,39.9,39.9,0,0,,,,,,,,,,,,50,NEUTRAL,kite:2026-05-08,2026-05-08T12:20:47.414Z
BPCL,Bharat Petroleum Corporation Limited,NSE EQ,302.75,-4.85,-1.58,306,306.35,301.4,307.6,11782486,11782486,391.65,266.6,,305.36,315.31,328.26,330.23,46.98,8.98,0.93,54.98,38,SELL,kite:2026-05-08,2026-05-08T12:20:47.414Z
BPL,BPL,NSE EQ,59.98,0.95,1.61,59,61.11,58.15,59.03,111058,111058,,,,,,,,,,,56.52,50,NEUTRAL,kite:2026-05-08,2026-05-08T12:20:47.414Z
BRACEPORT-SM,BRACE PORT LOGISTICS,NSE EQ,54.5,0,0,0,54.5,54.5,54.5,0,0,,,,,,,,,,,,50,NEUTRAL,kite:2026-05-08,2026-05-08T12:20:47.414Z
BRANDMAN-ST,BRANDMAN RETAIL,NSE EQ,200.5,-9.4,-4.48,205.2,205.2,199.5,209.9,18400,18400,,,,,,,,,,,,46,NEUTRAL,kite:2026-05-08,2026-05-08T12:20:47.414Z
BRIGADE,Brigade Enterprises Limited,NSE EQ,758.25,-14.9,-1.93,773.15,777,756.25,773.15,291777,291777,1332,601,,768.52,751.59,780.81,867.79,49.48,25.53,0.58,35.43,50,NEUTRAL,kite:2026-05-08,2026-05-08T12:20:47.414Z
BRIGHOTEL,BRIGADE HOTEL VENTURE,NSE EQ,64.19,-0.64,-0.99,65.16,65.69,63.9,64.83,93978,93978,,,,,,,,,,,67.73,50,NEUTRAL,kite:2026-05-08,2026-05-08T12:20:47.414Z
BRITANNIA,Britannia Industries Limited,NSE EQ,5520,-294,-5.06,5634,5654,5503,5814,3173832,3173832,6336,5298,,5704.21,5742.93,5796.16,5788.13,40.64,150.05,7.08,54.9,24,STRONG_SELL,kite:2026-05-08,2026-05-08T12:20:47.414Z
BRNL,BHARAT ROAD NETWORK,NSE EQ,21.85,-0.2,-0.91,21.6,22.73,21.6,22.05,55774,55774,,,,,,,,,,,82.4,50,NEUTRAL,kite:2026-05-08,2026-05-08T12:20:47.414Z
BROOKS-BE,BROOKS LAB,NSE EQ,49.93,-2.62,-4.99,53.38,53.75,49.93,52.55,218698,218698,,,,,,,,,,,,46,NEUTRAL,kite:2026-05-08,2026-05-08T12:20:47.414Z
BSE,BSE,NSE EQ,3907.4,-56.2,-1.42,3963.6,3994,3832.3,3963.6,9146079,9146079,,,,,,,,,,,18.72,50,NEUTRAL,kite:2026-05-08,2026-05-08T12:20:47.414Z
BSHSL,BOMBAY SUPER HYBRID SEEDS,NSE EQ,98.42,0.26,0.26,99.5,99.5,97.82,98.16,14468,14468,,,,,,,,,,,73.51,50,NEUTRAL,kite:2026-05-08,2026-05-08T12:20:47.414Z
BSL,BSL,NSE EQ,130.01,0.99,0.77,131.59,131.59,125.61,129.02,2473,2473,,,,,,,,,,,80.43,50,NEUTRAL,kite:2026-05-08,2026-05-08T12:20:47.414Z
BSLGOLDETF,BIRLA SUN LIFE GOLD ETF,NSE EQ,132.28,0.1,0.08,134.04,134.04,131.83,132.18,545245,545245,,,,,,,,,,,68.72,50,NEUTRAL,kite:2026-05-08,2026-05-08T12:20:47.414Z
BSLNIFTY,ADITYA BIRLA SUN LIFE NIFTY 50 ETF,NSE EQ,28.2,-0.11,-0.39,28.06,29.01,28.06,28.31,790502,790502,,,,,,,,,,,83.65,50,NEUTRAL,kite:2026-05-08,2026-05-08T12:20:47.414Z
BSLSENETFG,ADITYA BIRLA SUN LIFE BSE SENSEX ETF,NSE EQ,77.47,-0.72,-0.92,78.95,78.95,77.06,78.19,2392,2392,,,,,,,,,,,85.91,50,NEUTRAL,kite:2026-05-08,2026-05-08T12:20:47.414Z
BSOFT,BIRLASOFT,NSE EQ,362.15,-0.05,-0.01,363.2,367.95,361.55,362.2,898133,898133,,,,,,,,,,,42.86,50,NEUTRAL,kite:2026-05-08,2026-05-08T12:20:47.414Z
BTML,BODHI TREE MULTIMEDIA,NSE EQ,6.38,0.05,0.79,6.57,6.57,6.26,6.33,48940,48940,,,,,,,,,,,50.58,50,NEUTRAL,kite:2026-05-08,2026-05-08T12:20:47.414Z
BTTL,BHILWARA TECHNICAL TEXT L,NSE EQ,34.17,1.6,4.91,34,35,33.3,32.57,12408,12408,,,,,,,,,,,82.17,54,NEUTRAL,kite:2026-05-08,2026-05-08T12:20:47.414Z
BUILDPRO,SHANKARA BUILDPRO,NSE EQ,1117,-22.9,-2.01,1146,1155.8,1097.1,1139.9,96439,96439,,,,,,,,,,,66.7,50,NEUTRAL,kite:2026-05-08,2026-05-08T12:20:47.414Z
BULKCORP-SM,BULKCORP INTERNATIONAL L,NSE EQ,44.5,-1.5,-3.26,44.85,44.85,44.5,46,3600,3600,,,,,,,,,,,,46,NEUTRAL,kite:2026-05-08,2026-05-08T12:20:47.414Z
BUTTERFLY,BTRFLY GANDHI APPL,NSE EQ,624.4,-5.55,-0.88,630,633.95,621.8,629.95,16731,16731,,,,,,,,,,,64.67,50,NEUTRAL,kite:2026-05-08,2026-05-08T12:20:47.414Z
BVCL,BARAK VALLEY CEM.,NSE EQ,46,-0.88,-1.88,47.49,47.49,45.31,46.88,16315,16315,,,,,,,,,,,78,50,NEUTRAL,kite:2026-05-08,2026-05-08T12:20:47.414Z
BYKE-BE,THE BYKE HOSPITALITY,NSE EQ,38.14,-0.04,-0.1,38.65,38.65,37.12,38.18,22878,22878,,,,,,,,,,,,50,NEUTRAL,kite:2026-05-08,2026-05-08T12:20:47.414Z
C2C-SM,C2C ADVANCED SYSTEMS,NSE EQ,457.95,5.45,1.2,452.5,462,448.2,452.5,46350,46350,,,,,,,,,,,,50,NEUTRAL,kite:2026-05-08,2026-05-08T12:20:47.414Z
CADSYS-ST,CADSYS (INDIA),NSE EQ,71,1.05,1.5,72.5,72.5,71,69.95,1000,1000,,,,,,,,,,,,50,NEUTRAL,kite:2026-05-08,2026-05-08T12:20:47.414Z
CAGL26-NA,CAGL26-NA,NSE EQ,1265,0,0,0,1265,1250,1265,0,0,,,,,,,,,,,,50,NEUTRAL,kite:2026-05-08,2026-05-08T12:20:47.414Z
CAGL27-NC,CAGL27-NC,NSE EQ,1260,0,0,0,1260,1260,1260,0,0,,,,,,,,,,,,50,NEUTRAL,kite:2026-05-08,2026-05-08T12:20:47.414Z
CAGL27A-N6,CAGL27A-N6,NSE EQ,1385,0,0,0,1385,1375.8,1385,0,0,,,,,,,,,,,,50,NEUTRAL,kite:2026-05-08,2026-05-08T12:20:47.414Z
CAGL28-NE,CAGL28-NE,NSE EQ,1192,0,0,0,1192,1192,1192,0,0,,,,,,,,,,,,50,NEUTRAL,kite:2026-05-08,2026-05-08T12:20:47.414Z
CALSOFT,CALIFORNIA SOFTWARE CO LT,NSE EQ,24.05,1.14,4.98,24.05,24.05,24.05,22.91,365569,365569,,,,,,,,,,,99.86,54,NEUTRAL,kite:2026-05-08,2026-05-08T12:20:47.414Z
CAMLINFINE,CAMLIN FINE SCIENCES,NSE EQ,131.99,-4.26,-3.13,135.06,137.2,130.99,136.25,948405,948405,,,,,,,,,,,47.87,46,NEUTRAL,kite:2026-05-08,2026-05-08T12:20:47.414Z
CAMPUS,CAMPUS ACTIVEWEAR,NSE EQ,250.89,1.63,0.65,249.99,253.5,247.12,249.26,229878,229878,,,,,,,,,,,43.09,50,NEUTRAL,kite:2026-05-08,2026-05-08T12:20:47.414Z
CAMS,COMPUTER AGE MNGT SER,NSE EQ,836.3,0.4,0.05,835.9,844.9,830.45,835.9,1801484,1801484,,,,,,,,,,,47.39,50,NEUTRAL,kite:2026-05-08,2026-05-08T12:20:47.414Z
CANARYS-SM,CANARYS AUTOMATIONS,NSE EQ,18.8,-0.2,-1.05,19,19,18.25,19,128000,128000,,,,,,,,,,,,50,NEUTRAL,kite:2026-05-08,2026-05-08T12:20:47.414Z
CANBK,Canara Bank,NSE EQ,134.34,-1.59,-1.17,135,135.7,133.8,135.93,16998224,16998224,162.89,93.87,,137.22,139.4,140.09,131.95,43.39,3.18,0.92,45.53,34,SELL,kite:2026-05-08,2026-05-08T12:20:47.414Z
CANFINHOME,CAN FIN HOMES,NSE EQ,879.55,-6.75,-0.76,890,894.8,877.2,886.3,169606,169606,,,,,,,,,,,56.55,50,NEUTRAL,kite:2026-05-08,2026-05-08T12:20:47.414Z
CANHLIFE,CANARA HSBC LIFE INS CO L,NSE EQ,141.73,-0.9,-0.63,141.63,144.15,141.33,142.63,367083,367083,,,,,,,,,,,44.14,50,NEUTRAL,kite:2026-05-08,2026-05-08T12:20:47.414Z
CANTABIL,CANTABIL RETAIL,NSE EQ,241.09,2.38,1,237.04,242.29,236.79,238.71,84150,84150,,,,,,,,,,,58.88,50,NEUTRAL,kite:2026-05-08,2026-05-08T12:20:47.414Z
CAPACITE,CAPACITE INFRAPROJECT,NSE EQ,252.5,-0.4,-0.16,251.7,253.95,245.55,252.9,316946,316946,,,,,,,,,,,46.98,50,NEUTRAL,kite:2026-05-08,2026-05-08T12:20:47.414Z
CAPILLARY,CAPILLARY TECHNO INDIA L,NSE EQ,572.9,19.35,3.5,554.65,590,546.75,553.55,184440,184440,,,,,,,,,,,33.97,54,NEUTRAL,kite:2026-05-08,2026-05-08T12:20:47.414Z
CAPINVIT-IV,CAPITAL INFRA TRUST,NSE EQ,70,0.04,0.06,70,70.35,69.95,69.96,577524,577524,,,,,,,,,,,,50,NEUTRAL,kite:2026-05-08,2026-05-08T12:20:47.414Z
CAPITALSFB,CAPITAL SMALL FIN BANK L,NSE EQ,295,19.3,7,323.7,323.7,290.5,275.7,506780,506780,,,,,,,,,,,36.62,54,NEUTRAL,kite:2026-05-08,2026-05-08T12:20:47.414Z
CAPLIPOINT,CAPLIN POINT LAB,NSE EQ,1856.3,-10.3,-0.55,1870,1870.6,1845.5,1866.6,54449,54449,,,,,,,,,,,45.22,50,NEUTRAL,kite:2026-05-08,2026-05-08T12:20:47.414Z
CAPTRUST-BE,CAPITAL TRUST,NSE EQ,13.55,0.08,0.59,0,13.73,13.55,13.47,19898,19898,,,,,,,,,,,,50,NEUTRAL,kite:2026-05-08,2026-05-08T12:20:47.414Z
CARBORUNIV,CARBORUNDUM UNIVERSAL,NSE EQ,1027.7,24.3,2.42,1003.4,1037.55,1001,1003.4,441675,441675,,,,,,,,,,,64.7,50,NEUTRAL,kite:2026-05-08,2026-05-08T12:20:47.414Z
CARERATING,CARE RATINGS,NSE EQ,1650.3,-0.5,-0.03,1645,1693.4,1645,1650.8,60193,60193,,,,,,,,,,,73.18,50,NEUTRAL,kite:2026-05-08,2026-05-08T12:20:47.414Z
CARRARO,CARRARO INDIA,NSE EQ,579.9,-7.35,-1.25,583.05,593.65,576.3,587.25,103104,103104,,,,,,,,,,,56.07,50,NEUTRAL,kite:2026-05-08,2026-05-08T12:20:47.414Z
CARTRADE,CARTRADE TECH,NSE EQ,1954.9,33.1,1.72,1926.2,2012.2,1916.6,1921.8,1489488,1489488,,,,,,,,,,,40.28,50,NEUTRAL,kite:2026-05-08,2026-05-08T12:20:47.414Z
CARYSIL,CARYSIL,NSE EQ,951.6,-4.7,-0.49,963.7,963.7,938.35,956.3,59419,59419,,,,,,,,,,,49.34,50,NEUTRAL,kite:2026-05-08,2026-05-08T12:20:47.414Z
CASTROLIND,CASTROL INDIA,NSE EQ,184.88,-0.64,-0.34,185,186.9,184.6,185.52,2051302,2051302,,,,,,,,,,,64.55,50,NEUTRAL,kite:2026-05-08,2026-05-08T12:20:47.414Z
CBAZAAR-SM,NET AVENUE TECHNOLOGIES L,NSE EQ,4.75,-0.2,-4.04,4.75,4.8,4.75,4.95,64000,64000,,,,,,,,,,,,46,NEUTRAL,kite:2026-05-08,2026-05-08T12:20:47.414Z
CCAVENUE,AVENUESAI,NSE EQ,13.95,-0.15,-1.06,14.11,14.18,13.86,14.1,15419143,15419143,,,,,,,,,,,60.6,50,NEUTRAL,kite:2026-05-08,2026-05-08T12:20:47.414Z
CCCL,CONS. CONST. CONSORT,NSE EQ,15.9,-0.04,-0.25,16.32,16.32,15.85,15.94,192373,192373,,,,,,,,,,,67.45,50,NEUTRAL,kite:2026-05-08,2026-05-08T12:20:47.414Z
CCHHL,COUNTRY CLUB HOSP HOL,NSE EQ,14.26,0.28,2,13.98,14.5,13.89,13.98,17554,17554,,,,,,,,,,,79.4,50,NEUTRAL,kite:2026-05-08,2026-05-08T12:20:47.414Z
CCL,CCL PRODUCTS (I),NSE EQ,1123.1,-84.7,-7.01,1200,1200,1111.2,1207.8,1093185,1093185,,,,,,,,,,,38.51,46,NEUTRAL,kite:2026-05-08,2026-05-08T12:20:47.414Z
CDSL,CENTRAL DEPO SER (I),NSE EQ,1259.3,-10.5,-0.83,1270,1274.4,1250.2,1269.8,2883848,2883848,,,,,,,,,,,50.09,50,NEUTRAL,kite:2026-05-08,2026-05-08T12:20:47.414Z
CEATLTD,CEAT,NSE EQ,3323.8,-33.9,-1.01,3360,3367.6,3315,3357.7,196738,196738,,,,,,,,,,,63.8,50,NEUTRAL,kite:2026-05-08,2026-05-08T12:20:47.414Z
CEDAAR-SM,CEDAAR TEXTILE,NSE EQ,32.75,0.7,2.18,30.7,32.75,30.7,32.05,2000,2000,,,,,,,,,,,,50,NEUTRAL,kite:2026-05-08,2026-05-08T12:20:47.414Z
CEIGALL,CEIGALL INDIA,NSE EQ,376.8,10.65,2.91,367.9,386.4,363.85,366.15,2549247,2549247,,,,,,,,,,,39.63,50,NEUTRAL,kite:2026-05-08,2026-05-08T12:20:47.414Z
CEINSYS,CEINSYS TECH,NSE EQ,1092.4,97,9.74,995.1,1114,995,995.4,208301,208301,,,,,,,,,,,41.05,54,NEUTRAL,kite:2026-05-08,2026-05-08T12:20:47.414Z
CELEBRITY,CELEBRITY FASHIONS,NSE EQ,8.14,0.01,0.12,8.13,8.28,8.08,8.13,17867,17867,,,,,,,,,,,71.69,50,NEUTRAL,kite:2026-05-08,2026-05-08T12:20:47.414Z
CELLECOR-SM,CELLECOR GADGETS,NSE EQ,43.25,1.95,4.72,41.95,43.75,40.8,41.3,2496000,2496000,,,,,,,,,,,,54,NEUTRAL,kite:2026-05-08,2026-05-08T12:20:47.414Z
CELLO,CELLO WORLD,NSE EQ,423.65,0.8,0.19,419.9,428.5,417.8,422.85,228975,228975,,,,,,,,,,,59.36,50,NEUTRAL,kite:2026-05-08,2026-05-08T12:20:47.414Z
CELLPOINT-SM,CELL POINT (INDIA),NSE EQ,16.7,-0.3,-1.76,16.7,16.7,16.7,17,1200,1200,,,,,,,,,,,,50,NEUTRAL,kite:2026-05-08,2026-05-08T12:20:47.414Z
CEMPRO,CEMINDIA PROJECTS,NSE EQ,956.15,-14.15,-1.46,960,975,951.6,970.3,555095,555095,,,,,,,,,,,36.38,50,NEUTRAL,kite:2026-05-08,2026-05-08T12:20:47.414Z
CENTENKA,CENTURY ENKA,NSE EQ,441.5,-7.5,-1.67,449,449,439.85,449,23681,23681,,,,,,,,,,,76.81,50,NEUTRAL,kite:2026-05-08,2026-05-08T12:20:47.414Z
CENTEXT,CENTURY EXTRUSIONS,NSE EQ,21.62,-0.11,-0.51,21.91,22.2,21.5,21.73,141799,141799,,,,,,,,,,,57.67,50,NEUTRAL,kite:2026-05-08,2026-05-08T12:20:47.414Z
CENTRALBK,CENTRAL BANK OF INDIA,NSE EQ,36.51,-0.73,-1.96,36.84,36.93,36.36,37.24,3872917,3872917,,,,,,,,,,,50.39,50,NEUTRAL,kite:2026-05-08,2026-05-08T12:20:47.414Z
CENTRUM,CENTRUM CAPITAL,NSE EQ,24.35,0.19,0.79,24,25.95,24,24.16,1068196,1068196,,,,,,,,,,,63.84,50,NEUTRAL,kite:2026-05-08,2026-05-08T12:20:47.414Z
CENTUM,CENTUM ELECTRONICS,NSE EQ,3104.7,158.5,5.38,2980,3198.8,2930.5,2946.2,203314,203314,,,,,,,,,,,38.09,54,NEUTRAL,kite:2026-05-08,2026-05-08T12:20:47.414Z
CENTURYPLY,CENTURY PLYBOARDS (I),NSE EQ,795.15,-4.75,-0.59,799.9,800,788,799.9,21173,21173,,,,,,,,,,,46.44,50,NEUTRAL,kite:2026-05-08,2026-05-08T12:20:47.414Z
CERA,CERA SANITARYWARE,NSE EQ,5782,325.5,5.97,5488.5,5849,5404,5456.5,163846,163846,,,,,,,,,,,18.45,54,NEUTRAL,kite:2026-05-08,2026-05-08T12:20:47.414Z
CEREBRAINT-BZ,CEREBRA INT TECH,NSE EQ,4.26,0.08,1.91,4.34,4.38,4.2,4.18,132524,132524,,,,,,,,,,,,50,NEUTRAL,kite:2026-05-08,2026-05-08T12:20:47.414Z
CESC,CESC,NSE EQ,184.41,-2.2,-1.18,186.46,187.45,183.92,186.61,2029703,2029703,,,,,,,,,,,50.64,50,NEUTRAL,kite:2026-05-08,2026-05-08T12:20:47.414Z
CEWATER,CONCORD ENVIRO SYSTEMS L,NSE EQ,313.15,-6.55,-2.05,322,332.9,304.05,319.7,92607,92607,,,,,,,,,,,34.5,50,NEUTRAL,kite:2026-05-08,2026-05-08T12:20:47.414Z
CGCL,CAPRI GLOBAL CAPITAL,NSE EQ,197.97,-2.17,-1.08,200,202,196.35,200.14,1782716,1782716,,,,,,,,,,,42.91,50,NEUTRAL,kite:2026-05-08,2026-05-08T12:20:47.414Z
CGPOWER,CG POWER AND IND SOL,NSE EQ,873.55,14.45,1.68,860.35,875.8,852,859.1,3998673,3998673,,,,,,,,,,,37.62,50,NEUTRAL,kite:2026-05-08,2026-05-08T12:20:47.414Z
CGRAPHICS-SM,CREATIVE GRAPHICS S IND L,NSE EQ,162.45,-2.75,-1.66,164,165,159.05,165.2,32000,32000,,,,,,,,,,,,50,NEUTRAL,kite:2026-05-08,2026-05-08T12:20:47.414Z
CHALET,CHALET HOTELS,NSE EQ,789.2,-1.95,-0.25,791.15,794,778.15,791.15,54870,54870,,,,,,,,,,,49.55,50,NEUTRAL,kite:2026-05-08,2026-05-08T12:20:47.414Z
CHAMBLFERT,CHAMBAL FERTILIZERS,NSE EQ,455.8,1.85,0.41,456.45,460.15,451.55,453.95,783892,783892,,,,,,,,,,,49.05,50,NEUTRAL,kite:2026-05-08,2026-05-08T12:20:47.414Z
CHAMUNDA-SM,CHAMUNDA ELECTRICAL,NSE EQ,46.55,0.8,1.75,45.2,46.55,45.2,45.75,12000,12000,,,,,,,,,,,,50,NEUTRAL,kite:2026-05-08,2026-05-08T12:20:47.414Z
CHANDAN-SM,CHANDAN HEALTHCARE,NSE EQ,254.4,3.85,1.54,253.7,256,251,250.55,24000,24000,,,,,,,,,,,,50,NEUTRAL,kite:2026-05-08,2026-05-08T12:20:47.414Z
CHAVDA-SM,CHAVDA INFRA,NSE EQ,105.1,-1.6,-1.5,105.15,106.95,105,106.7,23000,23000,,,,,,,,,,,,50,NEUTRAL,kite:2026-05-08,2026-05-08T12:20:47.414Z
CHEMBOND,CHEMBOND MATERIALTECH,NSE EQ,191.18,-11.38,-5.62,198.33,203,187.15,202.56,36960,36960,,,,,,,,,,,53.67,46,NEUTRAL,kite:2026-05-08,2026-05-08T12:20:47.414Z
CHEMBONDCH,CHEMBOND CHEMICAL,NSE EQ,187.28,-14.54,-7.2,205,205,187,201.82,31656,31656,,,,,,,,,,,48.84,46,NEUTRAL,kite:2026-05-08,2026-05-08T12:20:47.414Z
CHEMCON,CHEMCON SPECIAL CHEM,NSE EQ,178.48,7.95,4.66,170.6,184.44,168.13,170.53,188694,188694,,,,,,,,,,,35.44,54,NEUTRAL,kite:2026-05-08,2026-05-08T12:20:47.414Z
CHEMFAB,CHEMFAB ALKALIS,NSE EQ,470.85,37.4,8.63,433.45,518,433.45,433.45,105253,105253,,,,,,,,,,,25.99,54,NEUTRAL,kite:2026-05-08,2026-05-08T12:20:47.414Z
CHEMICAL,KOTAK NIFTY CHEMICALS ETF,NSE EQ,29.71,0.06,0.2,30.39,30.39,29.6,29.65,2235725,2235725,,,,,,,,,,,92.44,50,NEUTRAL,kite:2026-05-08,2026-05-08T12:20:47.414Z
CHEMPLASTS,CHEMPLAST SANMAR,NSE EQ,241.55,7.86,3.36,233,256,232.5,233.69,963104,963104,,,,,,,,,,,35.5,54,NEUTRAL,kite:2026-05-08,2026-05-08T12:20:47.414Z
CHENNPETRO,CHENNAI PETROLEUM CORP LT,NSE EQ,1076.9,0.7,0.07,1081.6,1110.9,1074,1076.2,1439352,1439352,,,,,,,,,,,24,50,NEUTRAL,kite:2026-05-08,2026-05-08T12:20:47.414Z
CHETANA-SM,CHETANA EDUCATION,NSE EQ,47.2,7.85,19.95,40.65,47.2,40.65,39.35,185600,185600,,,,,,,,,,,,54,NEUTRAL,kite:2026-05-08,2026-05-08T12:20:47.414Z
CHEVIOT,CHEVIOT COMPANY,NSE EQ,1307.8,-50.8,-3.74,1343,1360,1305,1358.6,8141,8141,,,,,,,,,,,55.01,46,NEUTRAL,kite:2026-05-08,2026-05-08T12:20:47.414Z
CHOICEGOLD,CHOICE GOLD ETF,NSE EQ,148.71,-0.74,-0.5,149.45,149.5,147.13,149.45,3135,3135,,,,,,,,,,,68.42,50,NEUTRAL,kite:2026-05-08,2026-05-08T12:20:47.414Z
CHOICEIN,CHOICE INTERNATIONAL,NSE EQ,688.85,-1.1,-0.16,688.8,691,679.95,689.95,1270069,1270069,,,,,,,,,,,61.31,50,NEUTRAL,kite:2026-05-08,2026-05-08T12:20:47.414Z
CHOLAFIN,Cholamandalam Investment and Finance Company Limited,NSE EQ,1674.1,-15.1,-0.89,1688.1,1694.9,1670.6,1689.2,919240,919240,1831.5,1299.4,,1595.39,1582.89,1603.38,1596.28,61.95,50.49,0.41,62.19,66,BUY,kite:2026-05-08,2026-05-08T12:20:47.414Z
CHOLAHLDNG,CHOLAMANDALAM FIN HOL,NSE EQ,1780.7,25.7,1.46,1764,1809.9,1757,1755,349136,349136,,,,,,,,,,,52.11,50,NEUTRAL,kite:2026-05-08,2026-05-08T12:20:47.414Z
CIEINDIA,CIE AUTOMOTIVE INDIA,NSE EQ,474.85,-6.5,-1.35,484.55,484.55,474.1,481.35,252582,252582,,,,,,,,,,,57.55,50,NEUTRAL,kite:2026-05-08,2026-05-08T12:20:47.414Z
CIF27-NM,CIF27-NM,NSE EQ,1195,0,0,0,1195,1150,1195,0,0,,,,,,,,,,,,50,NEUTRAL,kite:2026-05-08,2026-05-08T12:20:47.414Z
CIF29-NO,CIF29-NO,NSE EQ,1175,0,0,0,1185,1111,1175,0,0,,,,,,,,,,,,50,NEUTRAL,kite:2026-05-08,2026-05-08T12:20:47.414Z
CIFC26A-N9,CIFC26A-N9,NSE EQ,1240.9,0,0,0,1240.9,1240.9,1240.9,0,0,,,,,,,,,,,,50,NEUTRAL,kite:2026-05-08,2026-05-08T12:20:47.414Z
CIFC28-NB,CIFC28-NB,NSE EQ,1150.2,0,0,0,1156.8,1150.2,1150.2,0,0,,,,,,,,,,,,50,NEUTRAL,kite:2026-05-08,2026-05-08T12:20:47.414Z
CIFCZC26-NF,CIFCZC26-NF,NSE EQ,1190.2,0,0,0,1194.4,1190.2,1190.2,0,0,,,,,,,,,,,,50,NEUTRAL,kite:2026-05-08,2026-05-08T12:20:47.414Z
CIFCZC26A-N3,CIFCZC26A-N3,NSE EQ,1266,0,0,0,1266,1266,1266,0,0,,,,,,,,,,,,50,NEUTRAL,kite:2026-05-08,2026-05-08T12:20:47.414Z
CIFCZC28-NH,CIFCZC28-NH,NSE EQ,1193,0,0,0,1193,1193,1193,0,0,,,,,,,,,,,,50,NEUTRAL,kite:2026-05-08,2026-05-08T12:20:47.414Z
CIFCZC28A-N5,CIFCZC28A-N5,NSE EQ,1245,0,0,0,1245,1245,1245,0,0,,,,,,,,,,,,50,NEUTRAL,kite:2026-05-08,2026-05-08T12:20:47.414Z
CIFL,CAPITAL INDIA FINANCE,NSE EQ,30.1,-0.03,-0.1,30.61,30.62,29.86,30.13,184230,184230,,,,,,,,,,,45.85,50,NEUTRAL,kite:2026-05-08,2026-05-08T12:20:47.414Z
CIGNITITEC,CIGNITI TECHNOLOGIES,NSE EQ,1360,80.8,6.32,1275.1,1369.5,1269,1279.2,151681,151681,,,,,,,,,,,32.81,54,NEUTRAL,kite:2026-05-08,2026-05-08T12:20:47.414Z
CINELINE,CINELINE INDIA,NSE EQ,85.07,-0.86,-1,85.3,87,85.02,85.93,13493,13493,,,,,,,,,,,63.79,50,NEUTRAL,kite:2026-05-08,2026-05-08T12:20:47.414Z
CINEVISTA,CINEVISTA,NSE EQ,15.51,-0.22,-1.4,15.82,16.14,15.46,15.73,29574,29574,,,,,,,,,,,91.33,50,NEUTRAL,kite:2026-05-08,2026-05-08T12:20:47.414Z
CIPLA,Cipla Limited,NSE EQ,1347,-15.3,-1.12,1355,1366.7,1341.3,1362.3,1044824,1044824,1673,1165.7,,1303.5,1300.28,1341.56,1410.7,64.37,25.69,0.58,51.15,66,BUY,kite:2026-05-08,2026-05-08T12:20:47.414Z
CITIUSINVT-IV,CITIUS TRANSNET INV TRUST,NSE EQ,105.04,0.41,0.39,104.53,105.51,104.52,104.63,1089755,1089755,,,,,,,,,,,,50,NEUTRAL,kite:2026-05-08,2026-05-08T12:20:47.414Z
CKKRETAIL-ST,C K K RETAIL MART,NSE EQ,119.2,-5.45,-4.37,119.55,121.85,119.05,124.65,44800,44800,,,,,,,,,,,,46,NEUTRAL,kite:2026-05-08,2026-05-08T12:20:47.414Z
CLASSICEIL-ST,CLASSIC ELECTRODE (IND) L,NSE EQ,58.4,1.65,2.91,57,58.65,57,56.75,11200,11200,,,,,,,,,,,,50,NEUTRAL,kite:2026-05-08,2026-05-08T12:20:47.414Z
CLEAN,CLEAN SCIENCE & TECH,NSE EQ,893.1,16.2,1.85,876.05,899.5,867.55,876.9,623835,623835,,,,,,,,,,,43.32,50,NEUTRAL,kite:2026-05-08,2026-05-08T12:20:47.414Z
CLEANMAX,CLEAN MAX ENVIRO EN SOL L,NSE EQ,1188.6,22.2,1.9,1162,1199,1148,1166.4,322425,322425,,,,,,,,,,,72.25,50,NEUTRAL,kite:2026-05-08,2026-05-08T12:20:47.414Z
CLEDUCATE-BE,CL EDUCATE,NSE EQ,39.82,1.2,3.11,38.96,40.3,38.03,38.62,115024,115024,,,,,,,,,,,,54,NEUTRAL,kite:2026-05-08,2026-05-08T12:20:47.414Z
CLSEL,CHAMAN LAL SETIA EXP,NSE EQ,289.35,-9.1,-3.05,299.8,299.8,287.55,298.45,120982,120982,,,,,,,,,,,43.69,46,NEUTRAL,kite:2026-05-08,2026-05-08T12:20:47.414Z
CLSL-SM,CROP LIFE SCIENCE,NSE EQ,44.6,-0.4,-0.89,44.05,44.6,44,45,6000,6000,,,,,,,,,,,,50,NEUTRAL,kite:2026-05-08,2026-05-08T12:20:47.414Z
CMNL-SM,CHAMAN METALLICS,NSE EQ,127.7,-2.45,-1.88,131.05,131.05,126.1,130.15,15000,15000,,,,,,,,,,,,50,NEUTRAL,kite:2026-05-08,2026-05-08T12:20:47.414Z
CMPDI,CENTRAL MINE P N D INST L,NSE EQ,219.33,10.98,5.27,208.15,225.98,206.49,208.35,8390266,8390266,,,,,,,,,,,38.79,54,NEUTRAL,kite:2026-05-08,2026-05-08T12:20:47.414Z
CMRSL-SM,CYBER MEDIA RES & SER,NSE EQ,81.05,0.65,0.81,84.3,84.3,81.05,80.4,2400,2400,,,,,,,,,,,,50,NEUTRAL,kite:2026-05-08,2026-05-08T12:20:47.414Z
CMSINFO,CMS INFO SYSTEMS,NSE EQ,289.6,1.8,0.63,288.75,294.2,285.7,287.8,488924,488924,,,,,,,,,,,56.79,50,NEUTRAL,kite:2026-05-08,2026-05-08T12:20:47.414Z
CNL,CREATIVE NEWTECH,NSE EQ,631.95,0.9,0.14,659,659,624.8,631.05,5921,5921,,,,,,,,,,,64.31,50,NEUTRAL,kite:2026-05-08,2026-05-08T12:20:47.414Z
COALINDIA,Coal India Limited,NSE EQ,456.4,-10.25,-2.2,461.2,463.35,454.9,466.65,15767759,15767759,491.25,368.65,,461.33,450.55,436.37,417.47,48.54,11.57,1.25,57.59,50,NEUTRAL,kite:2026-05-08,2026-05-08T12:20:47.414Z
COASTCORP,COASTAL CORPORATION,NSE EQ,62.38,-0.55,-0.87,63.5,64.7,61.25,62.93,236812,236812,,,,,,,,,,,53.93,50,NEUTRAL,kite:2026-05-08,2026-05-08T12:20:47.414Z
COCHINSHIP,Cochin Shipyard Limited,NSE EQ,1776.7,-38,-2.09,1830,1842.8,1767.9,1814.7,2677634,2677634,2545,1187,,1650.51,1558.24,1562.29,1657.93,68.46,61.35,0.95,33.54,66,BUY,kite:2026-05-08,2026-05-08T12:20:47.414Z
COCKERILL,JOHN COCKERILL INDIA,NSE EQ,5540.5,-39,-0.7,5596.5,5715,5479.5,5579.5,4622,4622,,,,,,,,,,,53.76,50,NEUTRAL,kite:2026-05-08,2026-05-08T12:20:47.414Z
COFFEEDAY,COFFEE DAY ENTERPRISE,NSE EQ,26.33,-0.45,-1.68,26.78,26.94,25.92,26.78,944830,944830,,,,,,,,,,,52.13,50,NEUTRAL,kite:2026-05-08,2026-05-08T12:20:47.414Z
COFORGE,Coforge Limited,NSE EQ,1368.1,82.8,6.44,1279.1,1374,1275,1285.3,9375709,9375709,1994,1008.1,,1234.52,1266.34,1377.74,1519.1,66.01,56.22,2.38,32.86,64,BUY,kite:2026-05-08,2026-05-08T12:20:47.414Z
COHANCE,COHANCE LIFESCIENCES,NSE EQ,488.2,3.35,0.69,484.85,502.35,481,484.85,2338347,2338347,,,,,,,,,,,40.5,50,NEUTRAL,kite:2026-05-08,2026-05-08T12:20:47.414Z
COLPAL,Colgate-Palmolive (India) Limited,NSE EQ,2197.4,30.4,1.4,2161.2,2205.9,2157.3,2167,273342,273342,2747.4,1782,,2105.28,2072.55,2098.28,2188.51,65.1,49.18,0.55,47.09,66,BUY,kite:2026-05-08,2026-05-08T12:20:47.414Z
COMFINTE,COMFORT INTECH,NSE EQ,7.99,0.51,6.82,7.3,8.2,7.3,7.48,1226919,1226919,,,,,,,,,,,67.74,54,NEUTRAL,kite:2026-05-08,2026-05-08T12:20:47.414Z
COMMITTED-SM,COMMITTED CARGO CARE,NSE EQ,288,-5,-1.71,296,300,285,293,12000,12000,,,,,,,,,,,,50,NEUTRAL,kite:2026-05-08,2026-05-08T12:20:47.414Z
COMPINFO-BZ,COMPUAGE INFOCOM,NSE EQ,1.38,0.06,4.55,1.37,1.38,1.37,1.32,25683,25683,,,,,,,,,,,,54,NEUTRAL,kite:2026-05-08,2026-05-08T12:20:47.414Z
COMPUSOFT,COMPUCOM SOFTWARE,NSE EQ,14.32,-0.24,-1.65,14.56,15.05,14.13,14.56,37361,37361,,,,,,,,,,,59.37,50,NEUTRAL,kite:2026-05-08,2026-05-08T12:20:47.414Z
COMSYN,COMMERCIAL SYN BAGS,NSE EQ,153.02,-0.27,-0.18,153.29,154.18,153,153.29,31243,31243,,,,,,,,,,,36.69,50,NEUTRAL,kite:2026-05-08,2026-05-08T12:20:47.414Z
CONCOR,Container Corporation of India Limited,NSE EQ,534.75,8.05,1.53,526.65,537,524.25,526.7,1130482,1130482,652.04,421.45,,507,494.64,499.49,522.99,70.78,10.29,0.92,43.94,54,NEUTRAL,kite:2026-05-08,2026-05-08T12:20:47.414Z
CONCORDBIO,CONCORD BIOTECH,NSE EQ,1173.9,-24.8,-2.07,1198.1,1202.4,1168,1198.7,155756,155756,,,,,,,,,,,52.68,50,NEUTRAL,kite:2026-05-08,2026-05-08T12:20:47.414Z
CONFIPET,CONFIDENCE PETRO IND,NSE EQ,54.72,-0.29,-0.53,55.01,55.41,53.65,55.01,1122772,1122772,,,,,,,,,,,49.13,50,NEUTRAL,kite:2026-05-08,2026-05-08T12:20:47.414Z
CONNPLEX-SM,CONNPLEX CINEMAS,NSE EQ,293.65,23.8,8.82,279,297.8,276,269.85,232800,232800,,,,,,,,,,,,54,NEUTRAL,kite:2026-05-08,2026-05-08T12:20:47.414Z
CONS,KOTAK NIFTY INDIA CONSUMPTION ETF,NSE EQ,11.91,0.04,0.34,11.84,11.96,11.81,11.87,30042,30042,,,,,,,,,,,92.33,50,NEUTRAL,kite:2026-05-08,2026-05-08T12:20:47.414Z
CONSOFINVT-BE,CONSO. FIN. & HOLD.,NSE EQ,226.74,-1.9,-0.83,227,228.66,224,228.64,3265,3265,,,,,,,,,,,,50,NEUTRAL,kite:2026-05-08,2026-05-08T12:20:47.414Z
CONSUMBEES,NIPPON INDIA ETF CONSUMPTION,NSE EQ,128.98,0.09,0.07,129.11,129.5,128.2,128.89,71413,71413,,,,,,,,,,,58.78,50,NEUTRAL,kite:2026-05-08,2026-05-08T12:20:47.414Z
CONSUMER,MIRAE ASSET NIFTY INDIA NEW AGE CONSUMPTION ETF,NSE EQ,11.28,0,0,11.28,11.33,11.2,11.28,137856,137856,,,,,,,,,,,64.38,50,NEUTRAL,kite:2026-05-08,2026-05-08T12:20:47.414Z
CONTI-SM,CONTINENTAL SEED CHEM,NSE EQ,13.3,0,0,0,14.7,13.3,13.3,0,0,,,,,,,,,,,,50,NEUTRAL,kite:2026-05-08,2026-05-08T12:20:47.414Z
CONTROLPR,CONTROL PRINT,NSE EQ,669.8,-2.35,-0.35,674,680.9,662.25,672.15,12082,12082,,,,,,,,,,,60.66,50,NEUTRAL,kite:2026-05-08,2026-05-08T12:20:47.414Z
COOLCAPS-SM,COOL CAPS INDUSTRIES,NSE EQ,24.5,-0.7,-2.78,24.85,25.95,24.25,25.2,95000,95000,,,,,,,,,,,,50,NEUTRAL,kite:2026-05-08,2026-05-08T12:20:47.414Z
CORALFINAC,CORAL INDIA FIN & HOUS LT,NSE EQ,34.43,-0.15,-0.43,34.75,35.2,34.05,34.58,4224,4224,,,,,,,,,,,79.95,50,NEUTRAL,kite:2026-05-08,2026-05-08T12:20:47.414Z
CORDSCABLE,CORDS CABLE INDUS,NSE EQ,217.27,2.52,1.17,212.01,230.92,210.31,214.75,489441,489441,,,,,,,,,,,33.51,50,NEUTRAL,kite:2026-05-08,2026-05-08T12:20:47.414Z
COROMANDEL,COROMANDEL INTERNTL.,NSE EQ,1927.6,-37.4,-1.9,1961.7,1984.3,1901.8,1965,557581,557581,,,,,,,,,,,46.27,50,NEUTRAL,kite:2026-05-08,2026-05-08T12:20:47.414Z
CORONA,CORONA REMEDIES,NSE EQ,1712.3,-30.6,-1.76,1760,1760,1679.9,1742.9,12742,12742,,,,,,,,,,,60.49,50,NEUTRAL,kite:2026-05-08,2026-05-08T12:20:47.414Z
COSMOFIRST,COSMO FIRST,NSE EQ,815.45,46.4,6.03,772,822.8,757,769.05,375599,375599,,,,,,,,,,,48.24,54,NEUTRAL,kite:2026-05-08,2026-05-08T12:20:47.414Z
COUNCODOS,COUNTRY CONDO S,NSE EQ,5.21,0.01,0.19,5.34,5.34,5.18,5.2,29751,29751,,,,,,,,,,,81.26,50,NEUTRAL,kite:2026-05-08,2026-05-08T12:20:47.414Z
CPCAP-BE,CP CAPITAL,NSE EQ,94.97,-0.52,-0.54,96.9,98.7,94.3,95.49,17897,17897,,,,,,,,,,,,50,NEUTRAL,kite:2026-05-08,2026-05-08T12:20:47.414Z
CPEDU,CAREER POINT EDUTECH,NSE EQ,193.62,-11.34,-5.53,200.6,205.95,183,204.96,8845,8845,,,,,,,,,,,75.82,46,NEUTRAL,kite:2026-05-08,2026-05-08T12:20:47.414Z
CPPLUS,ADITYA INFOTECH,NSE EQ,2508.3,45.2,1.84,2450,2527.3,2422.2,2463.1,200748,200748,,,,,,,,,,,48.85,50,NEUTRAL,kite:2026-05-08,2026-05-08T12:20:47.414Z
CPS-SM,C P S SHAPERS,NSE EQ,955,0,0,0,955,955,955,0,0,,,,,,,,,,,,50,NEUTRAL,kite:2026-05-08,2026-05-08T12:20:47.414Z
CPSEETF,CPSE ETF,NSE EQ,106.44,-0.5,-0.47,107.27,107.27,106.1,106.94,1083581,1083581,,,,,,,,,,,55.07,50,NEUTRAL,kite:2026-05-08,2026-05-08T12:20:47.414Z
CRAFTSMAN,CRAFTSMAN AUTOMATION,NSE EQ,8981.5,344.5,3.99,8657.5,9738,8657.5,8637,2259509,2259509,,,,,,,,,,,10.56,54,NEUTRAL,kite:2026-05-08,2026-05-08T12:20:47.414Z
CRAMC,CANARA ROBECO AMC,NSE EQ,249.2,-2.85,-1.13,252,253,248.5,252.05,619332,619332,,,,,,,,,,,67.41,50,NEUTRAL,kite:2026-05-08,2026-05-08T12:20:47.414Z
CRAYONS-SM,CRAYONS ADVERTISING,NSE EQ,36,-0.05,-0.14,36.95,37,36,36.05,3000,3000,,,,,,,,,,,,50,NEUTRAL,kite:2026-05-08,2026-05-08T12:20:47.414Z
CREATIVEYE,CREATIVE EYE,NSE EQ,7,-0.03,-0.43,7.15,7.15,6.92,7.03,2469,2469,,,,,,,,,,,59.13,50,NEUTRAL,kite:2026-05-08,2026-05-08T12:20:47.414Z
CREDITACC,CREDITACCESS GRAMEEN,NSE EQ,1497,6.6,0.44,1488,1514.1,1482.1,1490.4,277518,277518,,,,,,,,,,,37.37,50,NEUTRAL,kite:2026-05-08,2026-05-08T12:20:47.414Z
CREST,CREST VENTURES,NSE EQ,386.45,8.7,2.3,377,388.7,374.75,377.75,8250,8250,,,,,,,,,,,73.82,50,NEUTRAL,kite:2026-05-08,2026-05-08T12:20:47.414Z
CRISIL,CRISIL,NSE EQ,4162.3,10.3,0.25,4176.9,4208.8,4125.4,4152,31928,31928,,,,,,,,,,,51.87,50,NEUTRAL,kite:2026-05-08,2026-05-08T12:20:47.414Z
CRIZAC,CRIZAC,NSE EQ,217.88,-2.14,-0.97,220,221.67,216.01,220.02,204122,204122,,,,,,,,,,,53.52,50,NEUTRAL,kite:2026-05-08,2026-05-08T12:20:47.414Z
CROMPTON,Crompton Greaves Consumer Electricals Limited,NSE EQ,293.3,2.55,0.88,290.9,299.15,289.35,290.75,8477610,8477610,362.75,217.4,,268.46,258.51,260.2,281.87,71.96,9.04,1.57,49.23,60,BUY,kite:2026-05-08,2026-05-08T12:20:47.414Z
CROWN,CROWN LIFTERS,NSE EQ,147.32,-4.05,-2.68,151,151,146,151.37,10197,10197,,,,,,,,,,,57.81,50,NEUTRAL,kite:2026-05-08,2026-05-08T12:20:47.414Z
CSBBANK,CSB BANK,NSE EQ,365.05,8.1,2.27,359.35,365.95,354,356.95,1065911,1065911,,,,,,,,,,,50.14,50,NEUTRAL,kite:2026-05-08,2026-05-08T12:20:47.414Z
CSLFINANCE,CSL FINANCE,NSE EQ,235.72,-1.3,-0.55,237.88,239.4,235,237.02,15486,15486,,,,,,,,,,,63.42,50,NEUTRAL,kite:2026-05-08,2026-05-08T12:20:47.414Z
CSSL-SM,CLEAR SECURED SERVICES L,NSE EQ,100.75,2.25,2.28,102,103,100,98.5,20000,20000,,,,,,,,,,,,50,NEUTRAL,kite:2026-05-08,2026-05-08T12:20:47.414Z
CTE-BE,CAMBRIDGE TECH ENTER,NSE EQ,32.56,-0.36,-1.09,32.95,34.12,32,32.92,33975,33975,,,,,,,,,,,,50,NEUTRAL,kite:2026-05-08,2026-05-08T12:20:47.414Z
CUB,City Union Bank Limited,NSE EQ,260.35,-10.5,-3.88,271.05,271.55,258.15,270.85,5432812,5432812,324.1,173.5,,265.35,263.56,262.05,244.34,47,9.55,1.51,49.94,40,SELL,kite:2026-05-08,2026-05-08T12:20:47.414Z
CUBEINVIT-IV,CUBE HIGHWAYS TRUST,NSE EQ,148,0.06,0.04,148,148,148,147.94,700000,700000,,,,,,,,,,,,50,NEUTRAL,kite:2026-05-08,2026-05-08T12:20:47.414Z
CUBEXTUB,CUBEX TUBINGS,NSE EQ,102.55,-1.69,-1.62,105.8,107.25,101.71,104.24,250591,250591,,,,,,,,,,,37.47,50,NEUTRAL,kite:2026-05-08,2026-05-08T12:20:47.414Z
CUDML-SM,CASH UR DRIVE MARKETING L,NSE EQ,156.7,1.7,1.1,153,157.9,152,155,51000,51000,,,,,,,,,,,,50,NEUTRAL,kite:2026-05-08,2026-05-08T12:20:47.414Z
CUMMINSIND,Cummins India Limited,NSE EQ,5401,-2,-0.04,5415,5470.5,5381,5403,528649,528649,5470.5,2706,,5187.09,4940.77,4687.16,4305.74,69.19,110.04,0.94,55.47,66,BUY,kite:2026-05-08,2026-05-08T12:20:47.414Z
CUPID,CUPID,NSE EQ,133.56,2.42,1.85,131,133.92,129.59,131.14,13727472,13727472,,,,,,,,,,,35.95,50,NEUTRAL,kite:2026-05-08,2026-05-08T12:20:47.414Z
CURAA-BE,CURA TECHNOLOGIES,NSE EQ,92.57,4.4,4.99,92.57,92.57,92,88.17,1956,1956,,,,,,,,,,,,54,NEUTRAL,kite:2026-05-08,2026-05-08T12:20:47.414Z
CURIS-SM,CURIS LIFESCIENCES,NSE EQ,129.7,-0.65,-0.5,125,130,125,130.35,3000,3000,,,,,,,,,,,,50,NEUTRAL,kite:2026-05-08,2026-05-08T12:20:47.414Z
CURRENT-SM,CURRENT INFRAPROJECTS,NSE EQ,130,4.75,3.79,126.25,137.65,126.25,125.25,4800,4800,,,,,,,,,,,,54,NEUTRAL,kite:2026-05-08,2026-05-08T12:20:47.414Z
CYBERMEDIA,CYBER MEDIA (INDIA),NSE EQ,17.89,-1.41,-7.31,20.75,21.43,17.71,19.3,340302,340302,,,,,,,,,,,45.59,46,NEUTRAL,kite:2026-05-08,2026-05-08T12:20:47.414Z
CYBERTECH,CYBERTECH SYSTEMS & SOFTW,NSE EQ,143.83,17.42,13.78,136,151.69,134.2,126.41,883036,883036,,,,,,,,,,,26.52,54,NEUTRAL,kite:2026-05-08,2026-05-08T12:20:47.414Z
CYIENT,CYIENT,NSE EQ,904.7,10.3,1.15,896,919.5,894,894.4,376693,376693,,,,,,,,,,,39.02,50,NEUTRAL,kite:2026-05-08,2026-05-08T12:20:47.414Z
CYIENTDLM,CYIENT DLM,NSE EQ,432.9,8.1,1.91,424.8,439.4,424,424.8,286356,286356,,,,,,,,,,,49.9,50,NEUTRAL,kite:2026-05-08,2026-05-08T12:20:47.414Z
DABUR,Dabur India Limited,NSE EQ,487.7,17.7,3.77,485,490.5,469.1,470,11860370,11860370,577,403.35,,453.78,458.42,472.56,485.09,68.41,12.44,5.77,19.36,64,BUY,kite:2026-05-08,2026-05-08T12:20:47.414Z
DAICHI,DAI-ICHI KARKARIA,NSE EQ,257.5,-12.3,-4.56,273.7,273.7,252.2,269.8,13269,13269,,,,,,,,,,,74.42,46,NEUTRAL,kite:2026-05-08,2026-05-08T12:20:47.414Z
DALBHARAT,Dalmia Bharat Limited,NSE EQ,1823.6,-150.7,-7.63,1974.3,1977.5,1813.6,1974.3,1694264,1694264,2496.3,1717.3,,1936.77,1950.76,1994.43,2062.84,38.28,71.8,5.9,46.6,24,STRONG_SELL,kite:2026-05-08,2026-05-08T12:20:47.414Z
DALMIASUG,DALMIA BHARAT SUG IN,NSE EQ,385.25,-3.15,-0.81,391.9,391.9,378.6,388.4,125537,125537,,,,,,,,,,,34.46,50,NEUTRAL,kite:2026-05-08,2026-05-08T12:20:47.414Z
DAMCAPITAL,DAM CAPITAL ADVISORS,NSE EQ,160.7,-3.3,-2.01,163.25,163.8,160.3,164,246653,246653,,,,,,,,,,,48.85,50,NEUTRAL,kite:2026-05-08,2026-05-08T12:20:47.414Z
DAMODARIND,DAMODAR INDUSTRIES,NSE EQ,30.89,-1.02,-3.2,31.5,31.86,30.3,31.91,5459,5459,,,,,,,,,,,68.14,46,NEUTRAL,kite:2026-05-08,2026-05-08T12:20:47.414Z
DANGEE,DANGEE DUMS,NSE EQ,3.57,0.03,0.85,3.57,3.59,3.55,3.54,26788,26788,,,,,,,,,,,88.65,50,NEUTRAL,kite:2026-05-08,2026-05-08T12:20:47.414Z
DANISH-SM,DANISH POWER,NSE EQ,838.4,-19.75,-2.3,865,878.65,825,858.15,28650,28650,,,,,,,,,,,,50,NEUTRAL,kite:2026-05-08,2026-05-08T12:20:47.414Z
DATAMATICS,DATAMATICS GLOBAL SER,NSE EQ,818.4,-4.7,-0.57,820.85,830,807.55,823.1,159263,159263,,,,,,,,,,,26.93,50,NEUTRAL,kite:2026-05-08,2026-05-08T12:20:47.414Z
DATAPATTNS,DATA PATTERNS INDIA,NSE EQ,4103.4,-146.7,-3.45,4239.9,4287,4085.1,4250.1,814195,814195,,,,,,,,,,,32.98,46,NEUTRAL,kite:2026-05-08,2026-05-08T12:20:47.414Z
DAVANGERE,DAVANGERE SUGAR COMPANY L,NSE EQ,3.68,-0.01,-0.27,3.68,3.7,3.66,3.69,2489260,2489260,,,,,,,,,,,51.48,50,NEUTRAL,kite:2026-05-08,2026-05-08T12:20:47.414Z
DBCORP,D.B.CORP,NSE EQ,231.47,0.43,0.19,230.45,237,229.14,231.04,82220,82220,,,,,,,,,,,50.82,50,NEUTRAL,kite:2026-05-08,2026-05-08T12:20:47.414Z
DBEIL,DEEPAK BUILDERS & ENG I L,NSE EQ,83.61,-0.69,-0.82,84,85.4,82.5,84.3,29795,29795,,,,,,,,,,,59.41,50,NEUTRAL,kite:2026-05-08,2026-05-08T12:20:47.414Z
DBL,DILIP BUILDCON,NSE EQ,478.75,-2.35,-0.49,479.8,483,478,481.1,73526,73526,,,,,,,,,,,54.96,50,NEUTRAL,kite:2026-05-08,2026-05-08T12:20:47.414Z
DBOL-BE,DHAMPUR BIO ORGANICS,NSE EQ,118.78,-1.35,-1.12,119.1,120.5,116.02,120.13,47943,47943,,,,,,,,,,,,50,NEUTRAL,kite:2026-05-08,2026-05-08T12:20:47.414Z
DBREALTY,VALOR ESTATE,NSE EQ,141.99,1.64,1.17,138,148.3,135,140.35,4963686,4963686,,,,,,,,,,,38.81,50,NEUTRAL,kite:2026-05-08,2026-05-08T12:20:47.414Z
DBSTOCKBRO,DB (INT) STOCK BROKERS,NSE EQ,27.79,0.38,1.39,27.12,27.89,27,27.41,21351,21351,,,,,,,,,,,66.75,50,NEUTRAL,kite:2026-05-08,2026-05-08T12:20:47.414Z
DCAL,DISHMAN CARBO AMCIS,NSE EQ,187.25,-4.98,-2.59,191.45,193.5,186.7,192.23,193741,193741,,,,,,,,,,,49.19,50,NEUTRAL,kite:2026-05-08,2026-05-08T12:20:47.414Z
DCBBANK,DCB BANK,NSE EQ,180.84,-5.52,-2.96,186.35,186.35,176,186.36,3480025,3480025,,,,,,,,,,,52.05,50,NEUTRAL,kite:2026-05-08,2026-05-08T12:20:47.414Z
DCCL-SM,DAR CREDIT & CAPITAL,NSE EQ,41.9,0,0,0,41.9,41.9,41.9,0,0,,,,,,,,,,,,50,NEUTRAL,kite:2026-05-08,2026-05-08T12:20:47.414Z
DCG-SM,DCG CABLES & WIRES,NSE EQ,71.95,-0.8,-1.1,71.25,73.25,68,72.75,19200,19200,,,,,,,,,,,,50,NEUTRAL,kite:2026-05-08,2026-05-08T12:20:47.414Z
DCI-BE,DC INFOTECH AND COMUN,NSE EQ,279.85,2.75,0.99,279.7,282.85,273,277.1,17129,17129,,,,,,,,,,,,50,NEUTRAL,kite:2026-05-08,2026-05-08T12:20:47.414Z
DCM,DCM,NSE EQ,82.14,-1.2,-1.44,83.2,83.2,80.5,83.34,3494,3494,,,,,,,,,,,81.17,50,NEUTRAL,kite:2026-05-08,2026-05-08T12:20:47.414Z
DCMFINSERV-BE,DCM FINANCIAL SERVICES LT,NSE EQ,4.87,0.09,1.88,0,4.87,4.85,4.78,3974,3974,,,,,,,,,,,,50,NEUTRAL,kite:2026-05-08,2026-05-08T12:20:47.414Z
DCMNVL,DCM NOUVELLE,NSE EQ,156.04,-1.88,-1.19,159,162.4,155,157.92,13699,13699,,,,,,,,,,,66.94,50,NEUTRAL,kite:2026-05-08,2026-05-08T12:20:47.414Z
DCMSHRIRAM,DCM SHRIRAM,NSE EQ,1231.8,-28.7,-2.28,1255,1272.9,1230,1260.5,47705,47705,,,,,,,,,,,47.46,50,NEUTRAL,kite:2026-05-08,2026-05-08T12:20:47.414Z
DCMSIL-BE,DCM SHRIRAM INTERNATNL L,NSE EQ,71.26,-2.54,-3.44,73.01,74.5,70.16,73.8,63620,63620,,,,,,,,,,,,46,NEUTRAL,kite:2026-05-08,2026-05-08T12:20:47.414Z
DCMSRIND,DCM SHRIRAM IND,NSE EQ,46.57,-0.62,-1.31,47.2,49.5,46.4,47.19,107418,107418,,,,,,,,,,,60.46,50,NEUTRAL,kite:2026-05-08,2026-05-08T12:20:47.414Z
DCW,DCW,NSE EQ,51.11,-0.65,-1.26,51.6,51.6,50.11,51.76,1780809,1780809,,,,,,,,,,,45.43,50,NEUTRAL,kite:2026-05-08,2026-05-08T12:20:47.414Z
DCXINDIA,DCX SYSTEMS,NSE EQ,222.85,1.93,0.87,222.27,225.96,216.27,220.92,2158358,2158358,,,,,,,,,,,30.48,50,NEUTRAL,kite:2026-05-08,2026-05-08T12:20:47.414Z
DDEVPLSTIK,DDEV PLASTIKS IND,NSE EQ,249.3,0.7,0.28,249,251.8,247,248.6,89715,89715,,,,,,,,,,,55.53,50,NEUTRAL,kite:2026-05-08,2026-05-08T12:20:47.414Z
DECCANCE,DECCAN CEMENTS,NSE EQ,646.4,-5.7,-0.87,665,665,642.6,652.1,10782,10782,,,,,,,,,,,56.82,50,NEUTRAL,kite:2026-05-08,2026-05-08T12:20:47.414Z
DECCANTRAN-SM,DECCAN TRANSCON LEASING L,NSE EQ,22.25,0,0,0,22.25,22.25,22.25,0,0,,,,,,,,,,,,50,NEUTRAL,kite:2026-05-08,2026-05-08T12:20:47.414Z
DECNGOLD,DECCAN GOLD MINES,NSE EQ,120.93,-4.15,-3.32,124.9,127.5,120.5,125.08,628417,628417,,,,,,,,,,,52.21,46,NEUTRAL,kite:2026-05-08,2026-05-08T12:20:47.414Z
DEEDEV,DEE DEVELOPMENT ENG,NSE EQ,469.25,11.55,2.52,457,480.55,456,457.7,933479,933479,,,,,,,,,,,44.55,50,NEUTRAL,kite:2026-05-08,2026-05-08T12:20:47.414Z
DEEM-SM,DEEM ROLL TECH,NSE EQ,36.55,0,0,0,36.55,36.55,36.55,0,0,,,,,,,,,,,,50,NEUTRAL,kite:2026-05-08,2026-05-08T12:20:47.414Z
DEEPAKFERT,DEEPAK FERTILIZERS & PETR,NSE EQ,1342,3.6,0.27,1346,1364.4,1325,1338.4,393844,393844,,,,,,,,,,,39.37,50,NEUTRAL,kite:2026-05-08,2026-05-08T12:20:47.414Z
DEEPAKNTR,Deepak Nitrite Limited,NSE EQ,1875.9,21.5,1.16,1854.4,1888,1842,1854.4,254014,254014,2174,1280,,1684.52,1599.17,1604.99,1693.64,80.49,55.03,0.94,53.34,54,NEUTRAL,kite:2026-05-08,2026-05-08T12:20:47.414Z
DEEPINDS,DEEP INDUSTRIES,NSE EQ,456.95,-8.4,-1.81,468.15,471.25,451.35,465.35,176807,176807,,,,,,,,,,,42.56,50,NEUTRAL,kite:2026-05-08,2026-05-08T12:20:47.414Z
DEFENCE,MIRAEAMC - DEFENCE,NSE EQ,76.98,-0.32,-0.41,79.23,79.23,76.7,77.3,407424,407424,,,,,,,,,,,75.14,50,NEUTRAL,kite:2026-05-08,2026-05-08T12:20:47.414Z
DELAPLEX-SM,DELAPLEX,NSE EQ,138,0.25,0.18,127,138,127,137.75,3600,3600,,,,,,,,,,,,50,NEUTRAL,kite:2026-05-08,2026-05-08T12:20:47.414Z
DELHIVERY,Delhivery Limited,NSE EQ,479.1,-2.65,-0.55,484.95,487.5,475.85,481.75,2827517,2827517,490,295.5,,462.69,447.93,437.18,428.97,63.39,13.19,0.88,33.71,66,BUY,kite:2026-05-08,2026-05-08T12:20:47.414Z
DELPHIFX,DELPHI WORLD MONEY,NSE EQ,11.92,0.46,4.01,11.69,12.09,11.4,11.46,723357,723357,,,,,,,,,,,75.47,54,NEUTRAL,kite:2026-05-08,2026-05-08T12:20:47.414Z
DELTACORP,DELTA CORP,NSE EQ,77.65,-2.17,-2.72,79,79.77,76.3,79.82,4483640,4483640,,,,,,,,,,,26.41,50,NEUTRAL,kite:2026-05-08,2026-05-08T12:20:47.414Z
DELTAMAGNT,DELTA MANUFACTURING,NSE EQ,64.22,1.89,3.03,66,66,62.42,62.33,2018,2018,,,,,,,,,,,63.18,54,NEUTRAL,kite:2026-05-08,2026-05-08T12:20:47.414Z
DELTIC-ST,DELTA AUTOCORP,NSE EQ,44.35,1.4,3.26,43.65,44.75,41.4,42.95,13000,13000,,,,,,,,,,,,54,NEUTRAL,kite:2026-05-08,2026-05-08T12:20:47.414Z
DEN,DEN NETWORKS,NSE EQ,27.7,-0.48,-1.7,28.18,28.29,27.6,28.18,467621,467621,,,,,,,,,,,58.08,50,NEUTRAL,kite:2026-05-08,2026-05-08T12:20:47.414Z
DENEERS-ST,DE NEERS TOOLS,NSE EQ,206.65,3.9,1.92,209.4,209.4,199,202.75,44400,44400,,,,,,,,,,,,50,NEUTRAL,kite:2026-05-08,2026-05-08T12:20:47.414Z
DENORA,DE NORA INDIA,NSE EQ,757.85,2.85,0.38,746,772.95,746,755,11304,11304,,,,,,,,,,,46.49,50,NEUTRAL,kite:2026-05-08,2026-05-08T12:20:47.414Z
DENTA,DENTA WATER N INFRA SOL L,NSE EQ,293.7,-2.65,-0.89,296,297.95,292.3,296.35,81404,81404,,,,,,,,,,,46.9,50,NEUTRAL,kite:2026-05-08,2026-05-08T12:20:47.414Z
DENTALKART-SM,VASA DENTICITY,NSE EQ,436.25,6.15,1.43,424,443.75,424,430.1,3750,3750,,,,,,,,,,,,50,NEUTRAL,kite:2026-05-08,2026-05-08T12:20:47.414Z
DESTINY-SM,DESTINY LOGISTICS & I,NSE EQ,105.9,0,0,0,105.9,105.9,105.9,0,0,,,,,,,,,,,,50,NEUTRAL,kite:2026-05-08,2026-05-08T12:20:47.414Z
DEVIT,DEV INFO TECHNOLOGY,NSE EQ,30.64,-0.34,-1.1,30.71,31.48,30.5,30.98,85654,85654,,,,,,,,,,,53.16,50,NEUTRAL,kite:2026-05-08,2026-05-08T12:20:47.414Z
DEVX,DEV ACCELERATOR,NSE EQ,41.69,-0.61,-1.44,42,42.8,41.21,42.3,118233,118233,,,,,,,,,,,52.62,50,NEUTRAL,kite:2026-05-08,2026-05-08T12:20:47.414Z
DEVYANI,Devyani International Limited,NSE EQ,118.47,-0.42,-0.35,119.11,119.7,116.55,118.89,1832842,1832842,191,91.55,,115.51,115.38,122.69,139.45,55.32,4.91,0.29,46.5,66,BUY,kite:2026-05-08,2026-05-08T12:20:47.414Z
DGCONTENT,DIGICONTENT,NSE EQ,32.4,0.76,2.4,32.49,34.3,31.67,31.64,8831,8831,,,,,,,,,,,61.43,50,NEUTRAL,kite:2026-05-08,2026-05-08T12:20:47.414Z
DHAMPURSUG,DHAMPUR SUGAR MILLS,NSE EQ,151.25,-2.44,-1.59,153.7,154.89,151,153.69,405820,405820,,,,,,,,,,,36.93,50,NEUTRAL,kite:2026-05-08,2026-05-08T12:20:47.414Z
DHANBANK,DHANLAXMI BANK,NSE EQ,32.16,-0.04,-0.12,32.5,33.22,32.09,32.2,2084967,2084967,,,,,,,,,,,47.26,50,NEUTRAL,kite:2026-05-08,2026-05-08T12:20:47.414Z
DHANLAXMI-SM,DHANLAXMI CROP SCIENCE L,NSE EQ,35.95,0.15,0.42,37,37,35,35.8,6000,6000,,,,,,,,,,,,50,NEUTRAL,kite:2026-05-08,2026-05-08T12:20:47.414Z
DHANUKA,DHANUKA AGRITECH,NSE EQ,1100,5.7,0.52,1086.1,1105,1083,1094.3,28998,28998,,,,,,,,,,,53.87,50,NEUTRAL,kite:2026-05-08,2026-05-08T12:20:47.414Z
DHARARAIL-SM,DHARA RAIL PROJECTS,NSE EQ,134.55,4.85,3.74,129.05,137.75,129,129.7,76000,76000,,,,,,,,,,,,54,NEUTRAL,kite:2026-05-08,2026-05-08T12:20:47.414Z
DHARIWAL-ST,DHARIWALCORP,NSE EQ,37.9,0.85,2.29,37.85,38,35.2,37.05,63000,63000,,,,,,,,,,,,50,NEUTRAL,kite:2026-05-08,2026-05-08T12:20:47.414Z
DHARMAJ,DHARMAJ CROP GUARD,NSE EQ,269.5,-6.95,-2.51,277.5,278.05,260.1,276.45,82895,82895,,,,,,,,,,,44.06,50,NEUTRAL,kite:2026-05-08,2026-05-08T12:20:47.414Z
DHRUV-BE,DHRUV CONSULTANCY SER,NSE EQ,31.42,-1.65,-4.99,33.07,33.07,31.42,33.07,29223,29223,,,,,,,,,,,,46,NEUTRAL,kite:2026-05-08,2026-05-08T12:20:47.414Z
DHTL-SM,DOCMODE HEALTH TECH,NSE EQ,44.1,0,0,0,44.1,44.1,44.1,0,0,,,,,,,,,,,,50,NEUTRAL,kite:2026-05-08,2026-05-08T12:20:47.414Z
DHUNINV,DHUNSERI INVESTMENTS,NSE EQ,953.3,-1.45,-0.15,962.9,964.5,937.9,954.75,387,387,,,,,,,,,,,67.18,50,NEUTRAL,kite:2026-05-08,2026-05-08T12:20:47.414Z
DIACABS,DIAMOND POWER INFRA,NSE EQ,172.85,2.95,1.74,171,184.75,168.45,169.9,14765497,14765497,,,,,,,,,,,23.06,50,NEUTRAL,kite:2026-05-08,2026-05-08T12:20:47.414Z
DIAMINESQ,DIAMINES & CHEMICALS,NSE EQ,279.35,2.95,1.07,276.4,282.25,270.5,276.4,6084,6084,,,,,,,,,,,55.11,50,NEUTRAL,kite:2026-05-08,2026-05-08T12:20:47.414Z
DIAMONDYD,PRATAAP SNACKS,NSE EQ,1009.15,-0.3,-0.03,994.3,1020,989.35,1009.45,16922,16922,,,,,,,,,,,53.43,50,NEUTRAL,kite:2026-05-08,2026-05-08T12:20:47.414Z
DICIND,DIC INDIA,NSE EQ,548.3,-5.7,-1.03,557,557,536,554,409,409,,,,,,,,,,,84.6,50,NEUTRAL,kite:2026-05-08,2026-05-08T12:20:47.414Z
DIFFNKG,DIFFUSION ENGINEERS,NSE EQ,316.45,0.7,0.22,315.75,320.95,309.15,315.75,88880,88880,,,,,,,,,,,48.47,50,NEUTRAL,kite:2026-05-08,2026-05-08T12:20:47.414Z
DIGIDRIVE,DIGIDRIVE DISTRIBUTORS L,NSE EQ,22.8,0.03,0.13,22.77,23.84,22.45,22.77,39397,39397,,,,,,,,,,,94.65,50,NEUTRAL,kite:2026-05-08,2026-05-08T12:20:47.414Z
DIGIKORE-SM,DIGIKORE STUDIOS,NSE EQ,69.95,-2.4,-3.32,73.3,73.3,69.4,72.35,42400,42400,,,,,,,,,,,,46,NEUTRAL,kite:2026-05-08,2026-05-08T12:20:47.414Z
DIGISPICE-BE,DIGISPICE TECHNOLOGIES LT,NSE EQ,21.02,-0.1,-0.47,21.54,21.54,20.55,21.12,30216,30216,,,,,,,,,,,,50,NEUTRAL,kite:2026-05-08,2026-05-08T12:20:47.414Z
DIGITIDE,DIGITIDE SOLUTIONS,NSE EQ,99.75,-1.08,-1.07,100.83,102.25,99,100.83,169039,169039,,,,,,,,,,,51.32,50,NEUTRAL,kite:2026-05-08,2026-05-08T12:20:47.414Z
DIGJAMLMTD,DIGJAM,NSE EQ,48.1,1.74,3.75,46.36,48.49,45.82,46.36,22429,22429,,,,,,,,,,,61.01,54,NEUTRAL,kite:2026-05-08,2026-05-08T12:20:47.414Z
DIRL-SM,DHANUKA INFRA REALTY,NSE EQ,12.3,0.5,4.24,11.3,12.35,11.3,11.8,24000,24000,,,,,,,,,,,,54,NEUTRAL,kite:2026-05-08,2026-05-08T12:20:47.414Z
DISAQ,DISA INDIA,NSE EQ,12268,42,0.34,12499,12499,12175,12226,77,77,,,,,,,,,,,64.94,50,NEUTRAL,kite:2026-05-08,2026-05-08T12:20:47.414Z
DISHTV-BE,DISH TV INDIA,NSE EQ,3.86,0.12,3.21,3.74,3.92,3.71,3.74,3376482,3376482,,,,,,,,,,,,54,NEUTRAL,kite:2026-05-08,2026-05-08T12:20:47.414Z
DIVGIITTS,DIVGI TORQTRANSFER SYST L,NSE EQ,741,13.8,1.9,719.95,750,717.35,727.2,18078,18078,,,,,,,,,,,58.2,50,NEUTRAL,kite:2026-05-08,2026-05-08T12:20:47.414Z
DIVIDEND,MIRAE ASSET BSE 500 DIVIDEND LEADERS 50 ETF,NSE EQ,36.89,-0.1,-0.27,36.87,37.01,36.78,36.99,50789,50789,,,,,,,,,,,88.35,50,NEUTRAL,kite:2026-05-08,2026-05-08T12:20:47.414Z
DIVINEHIRA-ST,DIVINE HIRA JEWELLERS,NSE EQ,330,3,0.92,325,330,325,327,6400,6400,,,,,,,,,,,,50,NEUTRAL,kite:2026-05-08,2026-05-08T12:20:47.414Z
DIVISLAB,Divi's Laboratories Limited,NSE EQ,6710.5,8,0.12,6700,6759,6675,6702.5,155071,155071,7071.5,5636.5,,6437.87,6304.12,6291.07,6332.09,73.49,121.83,0.54,47.95,54,NEUTRAL,kite:2026-05-08,2026-05-08T12:20:47.414Z
DIVOPPBEES,NIPPON INDIA ETF NIFTY DIVIDEND OPPORTUNITIES 50,NSE EQ,79.73,-0.59,-0.73,81.5,81.5,79.5,80.32,42378,42378,,,,,,,,,,,70.56,50,NEUTRAL,kite:2026-05-08,2026-05-08T12:20:47.414Z
DIVYADHAN-ST,DIVYADHAN RECYCLING IND L,NSE EQ,34.5,0,0,0,35,34.5,34.5,0,0,,,,,,,,,,,,50,NEUTRAL,kite:2026-05-08,2026-05-08T12:20:47.414Z
DIXON,DIXON TECHNO (INDIA),NSE EQ,10803,-245,-2.22,11040,11265,10580,11048,817765,817765,,,,,,,,,,,30.72,50,NEUTRAL,kite:2026-05-08,2026-05-08T12:20:47.414Z
DJML-BE,DJ MEDIAPRINT & LOG,NSE EQ,97.92,-0.54,-0.55,98.46,98.5,96,98.46,38224,38224,,,,,,,,,,,,50,NEUTRAL,kite:2026-05-08,2026-05-08T12:20:47.414Z
DKEGL-SM,D K ENTERPRISES GLOBAL L,NSE EQ,77.95,0,0,0,77.95,77.95,77.95,0,0,,,,,,,,,,,,50,NEUTRAL,kite:2026-05-08,2026-05-08T12:20:47.414Z
DLF,DLF Limited,NSE EQ,608.25,-10.6,-1.71,617.1,619.95,606,618.85,3094759,3094759,886.8,489.4,,592.35,591.39,619.23,677.18,57.59,14.81,0.89,42.8,66,BUY,kite:2026-05-08,2026-05-08T12:20:47.414Z
DLINKINDIA,D-LINK INDIA,NSE EQ,466.75,1.05,0.23,468,478.35,460.55,465.7,237011,237011,,,,,,,,,,,43.7,50,NEUTRAL,kite:2026-05-08,2026-05-08T12:20:47.414Z
DMART,Avenue Supermarts Limited,NSE EQ,4402.1,15.6,0.36,4410.2,4448,4382.4,4386.5,266657,266657,4949.5,3529,,4424.97,4256.84,4138.63,4164.58,51.22,100.8,0.52,48.32,50,NEUTRAL,kite:2026-05-08,2026-05-08T12:20:47.414Z
DMCC,DMCC SPECIALITY CHEMICALS,NSE EQ,320.25,7.85,2.51,315.4,332.9,315.4,312.4,232532,232532,,,,,,,,,,,49.2,50,NEUTRAL,kite:2026-05-08,2026-05-08T12:20:47.414Z
DNAMEDIA,DILIGENT MEDIA CORP,NSE EQ,2.95,-0.03,-1.01,2.98,3.04,2.89,2.98,53665,53665,,,,,,,,,,,91.7,50,NEUTRAL,kite:2026-05-08,2026-05-08T12:20:47.414Z
DODLA,DODLA DAIRY,NSE EQ,1127.3,-13.3,-1.17,1119.4,1153.9,1115.5,1140.6,25963,25963,,,,,,,,,,,51.62,50,NEUTRAL,kite:2026-05-08,2026-05-08T12:20:47.414Z
DOLATALGO,DOLAT ALGOTECH,NSE EQ,78.94,1.96,2.55,77.1,81.5,76.25,76.98,625830,625830,,,,,,,,,,,33.81,50,NEUTRAL,kite:2026-05-08,2026-05-08T12:20:47.414Z
DOLLAR,DOLLAR INDUSTRIES,NSE EQ,293.4,-6.9,-2.3,302,302.65,292,300.3,105108,105108,,,,,,,,,,,67.42,50,NEUTRAL,kite:2026-05-08,2026-05-08T12:20:47.414Z
DOLLEX-SM,DOLLEX AGROTECH,NSE EQ,31.4,-0.45,-1.41,31.45,31.6,31,31.85,24000,24000,,,,,,,,,,,,50,NEUTRAL,kite:2026-05-08,2026-05-08T12:20:47.414Z
DOLPHIN,DOLPHIN OFF ENT (IND) L,NSE EQ,422.55,-5.35,-1.25,426.5,428.15,420,427.9,7116,7116,,,,,,,,,,,56.76,50,NEUTRAL,kite:2026-05-08,2026-05-08T12:20:47.414Z
DOMS,DOMS INDUSTRIES,NSE EQ,2342.2,-14.6,-0.62,2354,2372.8,2325,2356.8,24528,24528,,,,,,,,,,,47,50,NEUTRAL,kite:2026-05-08,2026-05-08T12:20:47.414Z
DONEAR,DONEAR IND.,NSE EQ,93.51,0.65,0.7,94.75,94.75,92.37,92.86,11906,11906,,,,,,,,,,,53.52,50,NEUTRAL,kite:2026-05-08,2026-05-08T12:20:47.414Z
DPABHUSHAN,D. P. ABHUSHAN,NSE EQ,1105.6,22.4,2.07,1072.5,1115,1072.5,1083.2,14420,14420,,,,,,,,,,,52.71,50,NEUTRAL,kite:2026-05-08,2026-05-08T12:20:47.414Z
DPEL-SM,DIVINE POWER ENERGY,NSE EQ,520.45,9.85,1.93,510.6,525,508,510.6,46500,46500,,,,,,,,,,,,50,NEUTRAL,kite:2026-05-08,2026-05-08T12:20:47.414Z
DPSCLTD,DPSC,NSE EQ,10.29,-0.13,-1.25,10.54,10.54,10.1,10.42,179084,179084,,,,,,,,,,,79.72,50,NEUTRAL,kite:2026-05-08,2026-05-08T12:20:47.414Z
DPWIRES,D P WIRES,NSE EQ,182.71,-1.42,-0.77,184.9,184.9,180.32,184.13,9848,9848,,,,,,,,,,,57.63,50,NEUTRAL,kite:2026-05-08,2026-05-08T12:20:47.414Z
DRAGARWQ,DR. AGARWAL'S EYE HOSP L,NSE EQ,5104,31.1,0.61,5040,5142.8,5017.1,5072.9,525,525,,,,,,,,,,,58.67,50,NEUTRAL,kite:2026-05-08,2026-05-08T12:20:47.414Z
DRCSYSTEMS,DRC SYSTEMS INDIA,NSE EQ,15.13,0,0,15.37,15.37,14.97,15.13,197466,197466,,,,,,,,,,,95.24,50,NEUTRAL,kite:2026-05-08,2026-05-08T12:20:47.414Z
DREAMFOLKS,DREAMFOLKS SERVICES,NSE EQ,83.18,-0.67,-0.8,84.6,84.6,82,83.85,68441,68441,,,,,,,,,,,52.98,50,NEUTRAL,kite:2026-05-08,2026-05-08T12:20:47.414Z
DREDGECORP,DREDGING CORP OF INDIA,NSE EQ,953.5,-10.8,-1.12,960,965.65,947.05,964.3,84457,84457,,,,,,,,,,,46.9,50,NEUTRAL,kite:2026-05-08,2026-05-08T12:20:47.414Z
DRONE-ST,DRONE DESTINATION,NSE EQ,48.85,0.65,1.35,48.1,50.6,48,48.2,51500,51500,,,,,,,,,,,,50,NEUTRAL,kite:2026-05-08,2026-05-08T12:20:47.414Z
DRREDDY,Dr. Reddy's Laboratories Limited,NSE EQ,1293.9,-13.7,-1.05,1303.5,1310.2,1290,1307.6,964903,964903,1379.7,1138.5,,1287.98,1274.22,1266.29,1264.64,52.21,33.85,0.32,43.77,62,BUY,kite:2026-05-08,2026-05-08T12:20:47.414Z
DRSCARGO-SM,DRS CARGO MOVERS,NSE EQ,21.8,0,0,0,21.8,21.8,21.8,0,0,,,,,,,,,,,,50,NEUTRAL,kite:2026-05-08,2026-05-08T12:20:47.414Z
DRSDILIP-ST,DRS DILIP ROADLINES,NSE EQ,113.55,0,0,0,113.55,113.55,113.55,0,0,,,,,,,,,,,,50,NEUTRAL,kite:2026-05-08,2026-05-08T12:20:47.414Z
DSFCL,DCM SHRIRAM FINE CHEM,NSE EQ,29,-1.1,-3.65,31.3,31.35,28.71,30.1,221332,221332,,,,,,,,,,,64.58,46,NEUTRAL,kite:2026-05-08,2026-05-08T12:20:47.414Z
DSSL,DYNACONS SYS & SOLN,NSE EQ,1304.8,-60.1,-4.4,1358.2,1379.5,1289.5,1364.9,108376,108376,,,,,,,,,,,40.06,46,NEUTRAL,kite:2026-05-08,2026-05-08T12:20:47.414Z
DTIL,DHUNSERI TEA & IND.,NSE EQ,151.86,0.8,0.53,153.99,154,150.31,151.06,3598,3598,,,,,,,,,,,64.95,50,NEUTRAL,kite:2026-05-08,2026-05-08T12:20:47.414Z
DTL-SM,DIENSTEN TECH,NSE EQ,124,-2.05,-1.63,124,124,124,126.05,1200,1200,,,,,,,,,,,,50,NEUTRAL,kite:2026-05-08,2026-05-08T12:20:47.414Z
DUCOL-SM,DUCOL ORGS AND COLOURS LT,NSE EQ,116.55,1.85,1.61,112.55,117.4,110,114.7,6400,6400,,,,,,,,,,,,50,NEUTRAL,kite:2026-05-08,2026-05-08T12:20:47.414Z
DUCON-BE,DUCON INFRATECHNOLOGIES L,NSE EQ,3.39,0.08,2.42,3.37,3.4,3.27,3.31,207820,207820,,,,,,,,,,,,50,NEUTRAL,kite:2026-05-08,2026-05-08T12:20:47.414Z
DUGLOBAL-ST,DUDIGITAL GLOBAL,NSE EQ,43.5,0.35,0.81,41,43.75,41,43.15,157500,157500,,,,,,,,,,,,50,NEUTRAL,kite:2026-05-08,2026-05-08T12:20:47.414Z
DURLAX-ST,DURLAX TOP SURFACE,NSE EQ,51.1,1.2,2.4,50,51.3,49.3,49.9,96000,96000,,,,,,,,,,,,50,NEUTRAL,kite:2026-05-08,2026-05-08T12:20:47.414Z
DVL,DHUNSERI VENTURES,NSE EQ,260.39,2.94,1.14,257.45,266.39,257.2,257.45,19152,19152,,,,,,,,,,,64.45,50,NEUTRAL,kite:2026-05-08,2026-05-08T12:20:47.414Z
DWARKESH,DWARIKESH SUGAR IND,NSE EQ,46.99,-1.6,-3.29,48.64,49.07,46.86,48.59,2072994,2072994,,,,,,,,,,,43.26,46,NEUTRAL,kite:2026-05-08,2026-05-08T12:20:47.414Z
DYCL,DYNAMIC CABLES,NSE EQ,421.9,5.85,1.41,416.05,425.85,414.95,416.05,362583,362583,,,,,,,,,,,60.17,50,NEUTRAL,kite:2026-05-08,2026-05-08T12:20:47.414Z
DYNAMATECH,DYNAMATIC TECHNOLOGIES,NSE EQ,12530,125,1.01,12449,12875,12275,12405,32379,32379,,,,,,,,,,,27.74,50,NEUTRAL,kite:2026-05-08,2026-05-08T12:20:47.414Z
DYNAMIC-SM,DYNAMIC SRVCS & SEC,NSE EQ,120.2,-5.4,-4.3,126,126,119,125.6,7500,7500,,,,,,,,,,,,46,NEUTRAL,kite:2026-05-08,2026-05-08T12:20:47.414Z
DYNPRO,DYNEMIC PRODUCTS,NSE EQ,238.02,0.09,0.04,235.32,243.4,234.74,237.93,14670,14670,,,,,,,,,,,64.59,50,NEUTRAL,kite:2026-05-08,2026-05-08T12:20:47.414Z
E2E-BE,E2E NETWORKS,NSE EQ,3434.5,157.1,4.79,3370,3441.2,3201,3277.4,168808,168808,,,,,,,,,,,,54,NEUTRAL,kite:2026-05-08,2026-05-08T12:20:47.414Z
E2ERAIL-SM,E TO E TRANS INFRA,NSE EQ,306.3,-9.1,-2.89,320.8,336,301,315.4,604000,604000,,,,,,,,,,,,50,NEUTRAL,kite:2026-05-08,2026-05-08T12:20:47.414Z
EASEMYTRIP,EASY TRIP PLANNERS,NSE EQ,7.96,-0.06,-0.75,7.98,8.04,7.91,8.02,7321659,7321659,,,,,,,,,,,44.22,50,NEUTRAL,kite:2026-05-08,2026-05-08T12:20:47.414Z
EASTSILK-BE,EASTERN SILK INDUSTRIES L,NSE EQ,59.78,-1.22,-2,61,61,59.78,61,243,243,,,,,,,,,,,,50,NEUTRAL,kite:2026-05-08,2026-05-08T12:20:47.414Z
EBANKNIFTY,EDELWEISS NIFTY BANK ETF,NSE EQ,55.7,-0.51,-0.91,56.15,56.15,55.5,56.21,4644,4644,,,,,,,,,,,100,50,NEUTRAL,kite:2026-05-08,2026-05-08T12:20:47.414Z
EBBETF0430,BHARAT BOND ETF - APRIL 2030,NSE EQ,1573.29,2.21,0.14,1578,1578,1548.96,1571.08,34540,34540,,,,,,,,,,,88.52,50,NEUTRAL,kite:2026-05-08,2026-05-08T12:20:47.414Z
EBBETF0431,BHARAT BOND ETF - APRIL 2031,NSE EQ,1402.99,0.23,0.02,1395.75,1409.95,1395.75,1402.76,2837,2837,,,,,,,,,,,67.75,50,NEUTRAL,kite:2026-05-08,2026-05-08T12:20:47.414Z
EBBETF0433,BHARAT BOND ETF - APRIL 2033,NSE EQ,1274.77,1.32,0.1,1293.81,1293.81,1273.7,1273.45,4169,4169,,,,,,,,,,,94.36,50,NEUTRAL,kite:2026-05-08,2026-05-08T12:20:47.414Z
EBGNG,GNG ELECTRONICS,NSE EQ,421.25,-20.45,-4.63,447.25,453,417.35,441.7,534995,534995,,,,,,,,,,,52.13,46,NEUTRAL,kite:2026-05-08,2026-05-08T12:20:47.414Z
ECAPINSURE,EDELWEISS BSE CAPITAL MARKETS & INSURANCE ETF,NSE EQ,24.95,0.16,0.65,24.91,25.27,24.79,24.79,61397,61397,,,,,,,,,,,74.9,50,NEUTRAL,kite:2026-05-08,2026-05-08T12:20:47.414Z
ECLERX,ECLERX SERVICES,NSE EQ,1668.7,75,4.71,1590,1692.4,1589.2,1593.7,661747,661747,,,,,,,,,,,40.77,54,NEUTRAL,kite:2026-05-08,2026-05-08T12:20:47.414Z
ECOLINE-SM,ECOLINE EXIM,NSE EQ,135.4,-6.85,-4.82,142.9,147,133,142.25,132000,132000,,,,,,,,,,,,46,NEUTRAL,kite:2026-05-08,2026-05-08T12:20:47.414Z
ECOSMOBLTY,ECOS (INDIA) MOB & HOSP L,NSE EQ,147.83,4.09,2.85,142.75,153.9,142.24,143.74,604866,604866,,,,,,,,,,,35.25,50,NEUTRAL,kite:2026-05-08,2026-05-08T12:20:47.414Z
EDELWEISS,EDELWEISS FIN SERV,NSE EQ,125.14,5.18,4.32,119,126.38,118.25,119.96,9124446,9124446,,,,,,,,,,,41.91,54,NEUTRAL,kite:2026-05-08,2026-05-08T12:20:47.414Z
EEPL-SM,EPPELTONE ENGINEERS,NSE EQ,112.5,-2.3,-2,114,114,111,114.8,13000,13000,,,,,,,,,,,,50,NEUTRAL,kite:2026-05-08,2026-05-08T12:20:47.414Z
EFACTOR-SM,E FACTOR EXPERIENCES,NSE EQ,245,-3,-1.21,247,247,235.1,248,2800,2800,,,,,,,,,,,,50,NEUTRAL,kite:2026-05-08,2026-05-08T12:20:47.414Z
EFCIL,EFC (I),NSE EQ,189.87,-3.9,-2.01,194.28,195.4,188.31,193.77,736311,736311,,,,,,,,,,,58.15,50,NEUTRAL,kite:2026-05-08,2026-05-08T12:20:47.414Z
EFFWA-SM,EFFWA INFRA & RESEARCH L,NSE EQ,271.3,-3.65,-1.33,274.95,279.15,269.75,274.95,12400,12400,,,,,,,,,,,,50,NEUTRAL,kite:2026-05-08,2026-05-08T12:20:47.414Z
EFORCE-ST,ELECTRO FORCE (INDIA),NSE EQ,26.9,-0.1,-0.37,27,27,26.85,27,7200,7200,,,,,,,,,,,,50,NEUTRAL,kite:2026-05-08,2026-05-08T12:20:47.414Z
EGOLD,EDELWEISS GOLD ETF,NSE EQ,150.85,0,0,154.6,154.6,149.1,150.85,472716,472716,,,,,,,,,,,85.1,50,NEUTRAL,kite:2026-05-08,2026-05-08T12:20:47.414Z
EICHERMOT,Eicher Motors Limited,NSE EQ,7302.5,-25,-0.34,7299.5,7370,7228,7327.5,259522,259522,8230,5219.5,,7191.81,7191.81,7147.53,6769.89,55.15,169.74,0.46,45.18,54,NEUTRAL,kite:2026-05-08,2026-05-08T12:20:47.414Z
EIDPARRY,EID PARRY INDIA,NSE EQ,834.3,-13.05,-1.54,847.95,852.85,831.85,847.35,237610,237610,,,,,,,,,,,57.38,50,NEUTRAL,kite:2026-05-08,2026-05-08T12:20:47.414Z
EIEL,ENVIRO INFRA ENGINEERS L,NSE EQ,217.18,-2.15,-0.98,220,221.66,215.3,219.33,1155978,1155978,,,,,,,,,,,38.48,50,NEUTRAL,kite:2026-05-08,2026-05-08T12:20:47.414Z
EIFFL,EURO (I) FRESH FOODS,NSE EQ,247.42,-0.08,-0.03,245.07,250.19,243,247.5,135757,135757,,,,,,,,,,,92.7,50,NEUTRAL,kite:2026-05-08,2026-05-08T12:20:47.414Z
EIHAHOTELS,EIH ASSOCIATED HOTELS - OBEROI HOTELS,NSE EQ,332.95,-2.15,-0.64,332.6,337.1,331,335.1,14608,14608,,,,,,,,,,,39.33,50,NEUTRAL,kite:2026-05-08,2026-05-08T12:20:47.414Z
EIHOTEL,EIH - OBEROI HOTELS,NSE EQ,335.4,0.45,0.13,337,337.05,332.7,334.95,85499,85499,,,,,,,,,,,47.13,50,NEUTRAL,kite:2026-05-08,2026-05-08T12:20:47.414Z
EIMCOELECO,EIMCO ELECON (INDIA),NSE EQ,1578.2,-29.6,-1.84,1607.8,1609.9,1569.7,1607.8,11435,11435,,,,,,,,,,,58.81,50,NEUTRAL,kite:2026-05-08,2026-05-08T12:20:47.414Z
EKC,EVEREST KANTO CYLINDERLTD,NSE EQ,124.14,0.56,0.45,123.68,125,121.01,123.58,292170,292170,,,,,,,,,,,50.09,50,NEUTRAL,kite:2026-05-08,2026-05-08T12:20:47.414Z
ELANTAS,ELANTAS BECK INDIA,NSE EQ,10024.5,295.5,3.04,9725.5,10150,9725.5,9729,515,515,,,,,,,,,,,80.78,54,NEUTRAL,kite:2026-05-08,2026-05-08T12:20:47.414Z
ELCIDIN,ELCID INVESTMENTS,NSE EQ,123600,-500,-0.4,122770,124100,122770,124100,7,7,,,,,,,,,,,85.71,50,NEUTRAL,kite:2026-05-08,2026-05-08T12:20:47.414Z
ELDEHSG,ELDECO HSG & IND,NSE EQ,859.55,-8.9,-1.02,869,874.8,836.3,868.45,1175,1175,,,,,,,,,,,88.34,50,NEUTRAL,kite:2026-05-08,2026-05-08T12:20:47.414Z
ELECON,ELECON ENG. CO.,NSE EQ,557.65,-5,-0.89,564.1,566.85,554.05,562.65,809818,809818,,,,,,,,,,,58.62,50,NEUTRAL,kite:2026-05-08,2026-05-08T12:20:47.414Z
ELECTCAST,ELECTROSTEEL CASTINGS,NSE EQ,92.29,0.94,1.03,91.8,93.4,90.25,91.35,2987755,2987755,,,,,,,,,,,34.55,50,NEUTRAL,kite:2026-05-08,2026-05-08T12:20:47.414Z
ELECTHERM,ELECTROTHERM (I),NSE EQ,758.5,-29.25,-3.71,791.7,793.4,751.1,787.75,12865,12865,,,,,,,,,,,57.16,46,NEUTRAL,kite:2026-05-08,2026-05-08T12:20:47.414Z
ELGIEQUIP,ELGI EQUIPMENTS,NSE EQ,559.1,-3.25,-0.58,561.25,571.8,556.35,562.35,368477,368477,,,,,,,,,,,43.87,50,NEUTRAL,kite:2026-05-08,2026-05-08T12:20:47.414Z
ELGIRUBCO,ELGI RUBBER CO.,NSE EQ,53.69,-1.56,-2.82,53.1,56,52.9,55.25,57629,57629,,,,,,,,,,,52.1,50,NEUTRAL,kite:2026-05-08,2026-05-08T12:20:47.414Z
ELGNZ-SM,ELEGANZ INTERIORS,NSE EQ,81.25,-0.2,-0.25,81.2,81.45,78,81.45,8000,8000,,,,,,,,,,,,50,NEUTRAL,kite:2026-05-08,2026-05-08T12:20:47.414Z
ELIN,ELIN ELECTRONICS,NSE EQ,131.59,1.34,1.03,130.25,133.99,127.25,130.25,194591,194591,,,,,,,,,,,39.74,50,NEUTRAL,kite:2026-05-08,2026-05-08T12:20:47.414Z
ELITECON,ELITECON INTERNATIONAL L,NSE EQ,36.79,0.43,1.18,36.19,38.17,36.16,36.36,2083043,2083043,,,,,,,,,,,39.04,50,NEUTRAL,kite:2026-05-08,2026-05-08T12:20:47.414Z
ELLEN,ELLENBARRIE INDUS GASES L,NSE EQ,284.55,-7,-2.4,291,294.8,282,291.55,1136523,1136523,,,,,,,,,,,58.75,50,NEUTRAL,kite:2026-05-08,2026-05-08T12:20:47.414Z
ELM250,EDELWEISS NIFTY LARGEMIDCAP 250 ETF,NSE EQ,16.5,-0.05,-0.3,16.63,16.63,16.39,16.55,1357173,1357173,,,,,,,,,,,92.09,50,NEUTRAL,kite:2026-05-08,2026-05-08T12:20:47.414Z
ELPROINTL,ELPRO INTERNATIONAL,NSE EQ,143.96,15.96,12.47,127.1,151,126.11,128,1533256,1533256,,,,,,,,,,,58.54,54,NEUTRAL,kite:2026-05-08,2026-05-08T12:20:47.414Z
EMAMILTD,Emami Limited,NSE EQ,456.95,2.55,0.56,456.85,459.5,449.6,454.4,284568,284568,648.85,385.5,,447.65,448.93,468.84,508.61,57.63,12.95,0.53,49.12,54,NEUTRAL,kite:2026-05-08,2026-05-08T12:20:47.414Z
EMAMIPAP,EMAMI PAPER MILLS,NSE EQ,81.46,-0.26,-0.32,80.22,82,80.22,81.72,8908,8908,,,,,,,,,,,60.34,50,NEUTRAL,kite:2026-05-08,2026-05-08T12:20:47.414Z
EMAMIREAL-BE,EMAMI REALTY,NSE EQ,105.26,-4.57,-4.16,112,115.3,104.34,109.83,171885,171885,,,,,,,,,,,,46,NEUTRAL,kite:2026-05-08,2026-05-08T12:20:47.414Z
EMAPARTNER-SM,EMA PARTNERS INDIA,NSE EQ,91.9,1.7,1.88,90.2,93.75,89.1,90.2,11000,11000,,,,,,,,,,,,50,NEUTRAL,kite:2026-05-08,2026-05-08T12:20:47.414Z
EMBASSY-RR,EMBASSY OFFICE PARKS REIT,NSE EQ,421.52,0.41,0.1,423.4,423.4,418.21,421.11,773641,773641,,,,,,,,,,,,50,NEUTRAL,kite:2026-05-08,2026-05-08T12:20:47.414Z
EMBDL,EMBASSY DEVELOPMENTS,NSE EQ,69.98,0.02,0.03,71,72.8,66.64,69.96,11802635,11802635,,,,,,,,,,,45.54,50,NEUTRAL,kite:2026-05-08,2026-05-08T12:20:47.414Z
EMCURE,EMCURE PHARMACEUTICALS L,NSE EQ,1643,-21.8,-1.31,1675,1675,1630,1664.8,263230,263230,,,,,,,,,,,42.64,50,NEUTRAL,kite:2026-05-08,2026-05-08T12:20:47.414Z
EMIL,ELECTRONICS MART IND,NSE EQ,119.23,-1.98,-1.63,122.15,124.38,118.73,121.21,629512,629512,,,,,,,,,,,35.4,50,NEUTRAL,kite:2026-05-08,2026-05-08T12:20:47.414Z
EMKAY,EMKAY GLOBAL FIN SERV,NSE EQ,227.3,-11.9,-4.97,239.39,239.39,225.5,239.2,40521,40521,,,,,,,,,,,60.39,46,NEUTRAL,kite:2026-05-08,2026-05-08T12:20:47.414Z
EMKAYTOOLS-SM,EMKAY TAP & CUT. TOOL,NSE EQ,113.05,7.1,6.7,107,114.95,107,105.95,1950,1950,,,,,,,,,,,,54,NEUTRAL,kite:2026-05-08,2026-05-08T12:20:47.414Z
EMMBI,EMMBI INDUSTRIES,NSE EQ,82.84,-2.75,-3.21,86.01,86.01,81.59,85.59,13743,13743,,,,,,,,,,,57.82,46,NEUTRAL,kite:2026-05-08,2026-05-08T12:20:47.414Z
EMMIL-SM,ENERGY MISSION MACH IND L,NSE EQ,150,-3,-1.96,150.3,154.9,150,153,7500,7500,,,,,,,,,,,,50,NEUTRAL,kite:2026-05-08,2026-05-08T12:20:47.414Z
EMMVEE,EMMVEE PHOTOVOLTAIC PWR L,NSE EQ,267.8,2.9,1.09,263.75,272.8,261.1,264.9,6230836,6230836,,,,,,,,,,,44.97,50,NEUTRAL,kite:2026-05-08,2026-05-08T12:20:47.414Z
EMPOWER-BE,EMPOWER INDIA,NSE EQ,2.46,0.11,4.68,2.46,2.46,2.46,2.35,6047793,6047793,,,,,,,,,,,,54,NEUTRAL,kite:2026-05-08,2026-05-08T12:20:47.414Z
EMSLIMITED,EMS,NSE EQ,363.7,-5.6,-1.52,368,369.4,363.05,369.3,139592,139592,,,,,,,,,,,44.02,50,NEUTRAL,kite:2026-05-08,2026-05-08T12:20:47.414Z
EMUDHRA,EMUDHRA,NSE EQ,519.45,-17.05,-3.18,536.5,537.95,518.2,536.5,158756,158756,,,,,,,,,,,55.83,46,NEUTRAL,kite:2026-05-08,2026-05-08T12:20:47.414Z
EMULTIMQ,EDELWEISS NIFTY500 MULTICAP MOMENTUM QUALITY 50 ETF,NSE EQ,43.11,-0.13,-0.3,43.24,43.35,43.04,43.24,38391,38391,,,,,,,,,,,94.81,50,NEUTRAL,kite:2026-05-08,2026-05-08T12:20:47.414Z
ENCOMPAS-SM,ENCOMPASS DESIGN INDIA L,NSE EQ,263.95,7.85,3.07,259,269.85,258,256.1,57200,57200,,,,,,,,,,,,54,NEUTRAL,kite:2026-05-08,2026-05-08T12:20:47.414Z
ENDURANCE,ENDURANCE TECHNO.,NSE EQ,2528.9,-7.3,-0.29,2530,2569.8,2506.2,2536.2,138984,138984,,,,,,,,,,,52.41,50,NEUTRAL,kite:2026-05-08,2026-05-08T12:20:47.414Z
ENERGY,MIRAE ASSET NIFTY ENERGY ETF,NSE EQ,40.93,-0.4,-0.97,41.49,41.78,40.77,41.33,723002,723002,,,,,,,,,,,70.14,50,NEUTRAL,kite:2026-05-08,2026-05-08T12:20:47.414Z
ENERGYDEV,ENERGY DEVE. CO.LTD,NSE EQ,17.34,-0.34,-1.92,18.3,18.3,17.1,17.68,55986,55986,,,,,,,,,,,71.3,50,NEUTRAL,kite:2026-05-08,2026-05-08T12:20:47.414Z
ENFUSE-SM,ENFUSE SOLUTIONS,NSE EQ,196,-10,-4.85,200,200,196,206,1800,1800,,,,,,,,,,,,46,NEUTRAL,kite:2026-05-08,2026-05-08T12:20:47.414Z
ENGINERSIN,ENGINEERS INDIA,NSE EQ,256.45,-4.9,-1.87,261.1,263,256,261.35,2288709,2288709,,,,,,,,,,,42.45,50,NEUTRAL,kite:2026-05-08,2026-05-08T12:20:47.414Z
ENIFTY,EDELWEISS NIFTY 50 ETF,NSE EQ,24.25,-0.09,-0.37,24.94,24.94,24.15,24.34,23025,23025,,,,,,,,,,,99.99,50,NEUTRAL,kite:2026-05-08,2026-05-08T12:20:47.414Z
ENIL,ENTERTAIN NET. IND.,NSE EQ,122.6,1.22,1.01,121.8,124.9,120.15,121.38,6763,6763,,,,,,,,,,,74.73,50,NEUTRAL,kite:2026-05-08,2026-05-08T12:20:47.414Z
ENRIN,SIEMENS ENERGY INDIA,NSE EQ,3183.2,43.7,1.39,3152.2,3260.7,3152.2,3139.5,513010,513010,,,,,,,,,,,52.52,50,NEUTRAL,kite:2026-05-08,2026-05-08T12:20:47.414Z
ENSER-ST,ENSER COMMUNICATIONS,NSE EQ,16.05,0.4,2.56,15.1,16.4,15.1,15.65,70000,70000,,,,,,,,,,,,50,NEUTRAL,kite:2026-05-08,2026-05-08T12:20:47.414Z
ENTERO,ENTERO HEALTHCARE SOLU L,NSE EQ,1224.6,-41.1,-3.25,1274,1284,1216,1265.7,219649,219649,,,,,,,,,,,82.65,46,NEUTRAL,kite:2026-05-08,2026-05-08T12:20:47.414Z
ENVIRO-SM,ENVIROTECH SYSTEMS,NSE EQ,114.7,1.95,1.73,113.3,114.7,110.35,112.75,10000,10000,,,,,,,,,,,,50,NEUTRAL,kite:2026-05-08,2026-05-08T12:20:47.414Z
EPACK,EPACK DURABLE,NSE EQ,263.5,-11.5,-4.18,275,275,262.55,275,853301,853301,,,,,,,,,,,45.57,46,NEUTRAL,kite:2026-05-08,2026-05-08T12:20:47.414Z
EPACKPEB,EPACK PREFAB TECHN,NSE EQ,207.6,-5.51,-2.59,214.89,217,206,213.11,507737,507737,,,,,,,,,,,51.38,50,NEUTRAL,kite:2026-05-08,2026-05-08T12:20:47.414Z
EPIGRAL,EPIGRAL,NSE EQ,1327.1,-42.7,-3.12,1365,1382.9,1324,1369.8,52831,52831,,,,,,,,,,,50.52,46,NEUTRAL,kite:2026-05-08,2026-05-08T12:20:47.414Z
EPL,EPL,NSE EQ,238.76,4.4,1.88,233,245.45,232.79,234.36,1634661,1634661,,,,,,,,,,,43.7,50,NEUTRAL,kite:2026-05-08,2026-05-08T12:20:47.414Z
EPWINDIA-ST,EPW INDIA,NSE EQ,146.9,0,0,0,146.9,142.1,146.9,0,0,,,,,,,,,,,,50,NEUTRAL,kite:2026-05-08,2026-05-08T12:20:47.414Z
EQUAL200,MIRAE ASSET BSE 200 EQUAL WEIGHT ETF,NSE EQ,13.67,-0.02,-0.15,13.68,13.69,13.61,13.69,201178,201178,,,,,,,,,,,99.17,50,NEUTRAL,kite:2026-05-08,2026-05-08T12:20:47.414Z
EQUAL50,MIRAE ASSET NIFTY50 EQUAL WEIGHT ETF,NSE EQ,330.99,-0.01,0,330.96,331.42,329.63,331,24249,24249,,,,,,,,,,,98.07,50,NEUTRAL,kite:2026-05-08,2026-05-08T12:20:47.414Z
EQUAL50ADD,DSP NIFTY 50 EQUAL WEIGHT ETF,NSE EQ,341.12,0.48,0.14,340.64,343.9,339.6,340.64,861720,861720,,,,,,,,,,,99.36,50,NEUTRAL,kite:2026-05-08,2026-05-08T12:20:47.414Z
EQUIPPP-BE,EQUIPPP SOC IMP TECH,NSE EQ,16.28,-0.3,-1.81,16.5,17.3,15.77,16.58,26950,26950,,,,,,,,,,,,50,NEUTRAL,kite:2026-05-08,2026-05-08T12:20:47.414Z
EQUITASBNK,EQUITAS SMALL FIN BNK,NSE EQ,72.45,-0.83,-1.13,72.8,73.71,72.18,73.28,2735211,2735211,,,,,,,,,,,46.61,50,NEUTRAL,kite:2026-05-08,2026-05-08T12:20:47.414Z
ERIS,ERIS LIFESCIENCES,NSE EQ,1386.1,2.9,0.21,1383,1410,1381.6,1383.2,49771,49771,,,,,,,,,,,34.66,50,NEUTRAL,kite:2026-05-08,2026-05-08T12:20:47.414Z
ESABINDIA,ESAB INDIA,NSE EQ,6936,-150,-2.12,7033,7173,6879.5,7086,5091,5091,,,,,,,,,,,40.78,50,NEUTRAL,kite:2026-05-08,2026-05-08T12:20:47.414Z
ESAFSFB,ESAF SMALL FINANCE BANK L,NSE EQ,29.51,1.99,7.23,27.6,29.94,27.41,27.52,2983740,2983740,,,,,,,,,,,43.17,54,NEUTRAL,kite:2026-05-08,2026-05-08T12:20:47.414Z
ESCONET-ST,ESCONET TECHNOLOGIES,NSE EQ,148.55,-2.35,-1.56,153.95,155,145.05,150.9,9200,9200,,,,,,,,,,,,50,NEUTRAL,kite:2026-05-08,2026-05-08T12:20:47.414Z
ESCORTS,ESCORTS KUBOTA,NSE EQ,3146.6,-199.3,-5.96,3345.9,3345.9,3137.5,3345.9,379151,379151,,,,,,,,,,,51.6,46,NEUTRAL,kite:2026-05-08,2026-05-08T12:20:47.414Z
ESENSEX,EDELWEISS BSE SENSEX ETF,NSE EQ,77.37,-0.66,-0.85,77.56,77.66,77.29,78.03,2053,2053,,,,,,,,,,,96.98,50,NEUTRAL,kite:2026-05-08,2026-05-08T12:20:47.414Z
ESFL-ST,ESSEN SPECIALITY FILMS L,NSE EQ,128.4,-3.1,-2.36,131.1,131.1,128,131.5,11160,11160,,,,,,,,,,,,50,NEUTRAL,kite:2026-05-08,2026-05-08T12:20:47.414Z
ESG,MIRAE ASSET NIFTY 100 ESG SECTOR LEADERS ETF,NSE EQ,41.44,-0.15,-0.36,41.59,41.59,41.26,41.59,14917,14917,,,,,,,,,,,95.81,50,NEUTRAL,kite:2026-05-08,2026-05-08T12:20:47.414Z
ESILVER,EDELWEISS SILVER ETF,NSE EQ,250.53,1.33,0.53,250.7,252.6,247.82,249.2,86748,86748,,,,,,,,,,,40.26,50,NEUTRAL,kite:2026-05-08,2026-05-08T12:20:47.414Z
ESPRIT-SM,ESPRIT STONES,NSE EQ,72,2,2.86,72,72,72,70,3200,3200,,,,,,,,,,,,50,NEUTRAL,kite:2026-05-08,2026-05-08T12:20:47.414Z
ESSARSHPNG,ESSAR SHIPPING,NSE EQ,25.55,-0.11,-0.43,25.81,26.19,25.35,25.66,747453,747453,,,,,,,,,,,59.57,50,NEUTRAL,kite:2026-05-08,2026-05-08T12:20:47.414Z
ESSENTIA,INTEGRA ESSENTIA,NSE EQ,1.72,0.05,2.99,1.7,1.76,1.6,1.67,11254608,11254608,,,,,,,,,,,51.59,50,NEUTRAL,kite:2026-05-08,2026-05-08T12:20:47.414Z
ESTER,ESTER INDUSTRIES,NSE EQ,102.6,3.79,3.84,98.8,105.94,97.51,98.81,989443,989443,,,,,,,,,,,52.04,54,NEUTRAL,kite:2026-05-08,2026-05-08T12:20:47.414Z
ETERNAL,ETERNAL - ZOMATO,NSE EQ,256.39,-1.03,-0.4,255.81,257.4,252.6,257.42,17618369,17618369,,,,,,,,,,,41.89,50,NEUTRAL,kite:2026-05-08,2026-05-08T12:20:47.414Z
ETHOSLTD,ETHOS,NSE EQ,2404.6,17.6,0.74,2399,2437.6,2344.2,2387,23567,23567,,,,,,,,,,,52.15,50,NEUTRAL,kite:2026-05-08,2026-05-08T12:20:47.414Z
ETL-SM,EMKAY TOOLS,NSE EQ,1024,-4,-0.39,1024,1024,1024,1028,150,150,,,,,,,,,,,,50,NEUTRAL,kite:2026-05-08,2026-05-08T12:20:47.414Z
ETML-SM,EMERALD TYRE MANUF,NSE EQ,85,1.3,1.55,84,85,83.7,83.7,4800,4800,,,,,,,,,,,,50,NEUTRAL,kite:2026-05-08,2026-05-08T12:20:47.414Z
EUREKAFORB,EUREKA FORBES,NSE EQ,513.4,-4,-0.77,517.4,517.4,508.6,517.4,69010,69010,,,,,,,,,,,56.31,50,NEUTRAL,kite:2026-05-08,2026-05-08T12:20:47.414Z
EUROBOND,EURO PANEL PRODUCTS,NSE EQ,175.45,5.2,3.05,171,178.38,165,170.25,5090,5090,,,,,,,,,,,88.31,54,NEUTRAL,kite:2026-05-08,2026-05-08T12:20:47.414Z
EUROPRATIK,EURO PRATIK SALES,NSE EQ,277.6,-0.15,-0.05,277,279.75,274.35,277.75,188615,188615,,,,,,,,,,,17.19,50,NEUTRAL,kite:2026-05-08,2026-05-08T12:20:47.414Z
EUROTEXIND,EUROTEX INDUSTRIES,NSE EQ,17.06,0.24,1.43,15.8,17.85,15.5,16.82,2362,2362,,,,,,,,,,,48.26,50,NEUTRAL,kite:2026-05-08,2026-05-08T12:20:47.414Z
EVEREADY,EVEREADY INDS. IND.,NSE EQ,331.1,-4.6,-1.37,335.6,335.6,329.1,335.7,73754,73754,,,,,,,,,,,44.69,50,NEUTRAL,kite:2026-05-08,2026-05-08T12:20:47.414Z
EVERESTIND,EVEREST INDUSTRIES,NSE EQ,407.85,-6.7,-1.62,418,428,406.1,414.55,17514,17514,,,,,,,,,,,52.32,50,NEUTRAL,kite:2026-05-08,2026-05-08T12:20:47.414Z
EVINDIA,MIRAE ASSET NIFTY EV AND NEW AGE AUTOMOTIVE ETF,NSE EQ,31.22,0.13,0.42,31.24,31.28,30.96,31.09,214622,214622,,,,,,,,,,,64.79,50,NEUTRAL,kite:2026-05-08,2026-05-08T12:20:47.414Z
EXCELINDUS,EXCEL INDUSTRIES,NSE EQ,1024.55,-13.05,-1.26,1044,1056.05,1015,1037.6,15213,15213,,,,,,,,,,,66.23,50,NEUTRAL,kite:2026-05-08,2026-05-08T12:20:47.414Z
EXCELLENT-ST,EXCELLENT WIRES N PACK L,NSE EQ,133.95,2.4,1.82,0,133.95,133.95,131.55,1600,1600,,,,,,,,,,,,50,NEUTRAL,kite:2026-05-08,2026-05-08T12:20:47.414Z
EXCELSOFT,EXCELSOFT TECHNOLOGIES L,NSE EQ,93.02,0.69,0.75,92.9,96.45,91.06,92.33,1159646,1159646,,,,,,,,,,,37.6,50,NEUTRAL,kite:2026-05-08,2026-05-08T12:20:47.414Z
EXICOM,EXICOM TELE SYSTEMS,NSE EQ,119.35,-3.34,-2.72,121.9,123.14,118.5,122.69,243098,243098,,,,,,,,,,,42.78,50,NEUTRAL,kite:2026-05-08,2026-05-08T12:20:47.414Z
EXIDEIND,Exide Industries Limited,NSE EQ,362.25,-2.2,-0.6,366,366.8,360.35,364.45,3429012,3429012,431,287,,347.11,336.05,340.34,357.91,63.59,14.08,0.73,59.87,66,BUY,kite:2026-05-08,2026-05-08T12:20:47.414Z
EXIMROUTES-SM,EXIM ROUTES,NSE EQ,129.45,-6.85,-5.03,126.65,133,126.65,136.3,28800,28800,,,,,,,,,,,,46,NEUTRAL,kite:2026-05-08,2026-05-08T12:20:47.414Z
EXPLEOSOL,EXPLEO SOLUTIONS,NSE EQ,842.5,7.2,0.86,842,851.3,834.95,835.3,17789,17789,,,,,,,,,,,62.33,50,NEUTRAL,kite:2026-05-08,2026-05-08T12:20:47.414Z
EXXARO,EXXARO TILES,NSE EQ,6.92,-0.02,-0.29,6.94,7.05,6.83,6.94,72778,72778,,,,,,,,,,,74.52,50,NEUTRAL,kite:2026-05-08,2026-05-08T12:20:47.414Z
FABTECH,FABTECH TECHNOLOGIES,NSE EQ,162.95,-2.16,-1.31,165.01,165.07,161.5,165.11,110926,110926,,,,,,,,,,,42.3,50,NEUTRAL,kite:2026-05-08,2026-05-08T12:20:47.414Z
FACT,FACT,NSE EQ,904.6,-12.45,-1.36,923.4,933.9,902.1,917.05,220830,220830,,,,,,,,,,,34.17,50,NEUTRAL,kite:2026-05-08,2026-05-08T12:20:47.414Z
FAIRCHEMOR,FAIRCHEM ORGANICS,NSE EQ,619.4,-6.2,-0.99,630.05,630.3,616.1,625.6,17762,17762,,,,,,,,,,,74.23,50,NEUTRAL,kite:2026-05-08,2026-05-08T12:20:47.414Z
FALCONTECH-SM,FALCON TECHNOPROJ IND,NSE EQ,13.7,-0.25,-1.79,15.1,15.1,13.1,13.95,28800,28800,,,,,,,,,,,,50,NEUTRAL,kite:2026-05-08,2026-05-08T12:20:47.414Z
FAZE3Q-BE,FAZE THREE,NSE EQ,453.5,-3.6,-0.79,449,464.5,449,457.1,3670,3670,,,,,,,,,,,,50,NEUTRAL,kite:2026-05-08,2026-05-08T12:20:47.414Z
FCL,FINEOTEX CHEMICAL,NSE EQ,28.15,0.4,1.44,27.75,28.87,27.4,27.75,11216853,11216853,,,,,,,,,,,40.24,50,NEUTRAL,kite:2026-05-08,2026-05-08T12:20:47.414Z
FCSSOFT-BE,FCS SOFTWARE SOLN.,NSE EQ,1.69,0.01,0.6,1.68,1.7,1.66,1.68,965245,965245,,,,,,,,,,,,50,NEUTRAL,kite:2026-05-08,2026-05-08T12:20:47.414Z
FDC,FDC,NSE EQ,380.2,4.65,1.24,376.5,388.65,374.6,375.55,130703,130703,,,,,,,,,,,48.7,50,NEUTRAL,kite:2026-05-08,2026-05-08T12:20:47.414Z
FEDDERSHOL,FEDDERS HOLDING,NSE EQ,34.72,0.28,0.81,34.44,35.3,33.97,34.44,364928,364928,,,,,,,,,,,61.32,50,NEUTRAL,kite:2026-05-08,2026-05-08T12:20:47.414Z
FEDERALBNK,The Federal Bank Limited,NSE EQ,297.25,0.2,0.07,297,298.45,291.45,297.05,6129346,6129346,302,183.6,,289.61,283.71,273.95,249.64,61.95,7.19,0.78,48.39,66,BUY,kite:2026-05-08,2026-05-08T12:20:47.414Z
FEDFINA,FEDBANK FINANCIAL SER L,NSE EQ,147.38,-4.1,-2.71,151.7,151.92,143.5,151.48,1442507,1442507,,,,,,,,,,,52.56,50,NEUTRAL,kite:2026-05-08,2026-05-08T12:20:47.414Z
FEL-BZ,FUTURE ENTERPRISES,NSE EQ,0.46,0,0,0.47,0.47,0.46,0.46,263521,263521,,,,,,,,,,,,50,NEUTRAL,kite:2026-05-08,2026-05-08T12:20:47.414Z
FELDVR-BZ,FUTURE ENTERPRISES,NSE EQ,2.93,-0.07,-2.33,2.99,3.13,2.87,3,4622,4622,,,,,,,,,,,,50,NEUTRAL,kite:2026-05-08,2026-05-08T12:20:47.414Z
FELIX-SM,FELIX INDUSTRIES,NSE EQ,214.85,-1.5,-0.69,223,223,212,216.35,30500,30500,,,,,,,,,,,,50,NEUTRAL,kite:2026-05-08,2026-05-08T12:20:47.414Z
FERMENTA,FERMENTA BIOTECH,NSE EQ,288.65,-11.7,-3.9,300.6,302.95,285,300.35,17413,17413,,,,,,,,,,,58.21,46,NEUTRAL,kite:2026-05-08,2026-05-08T12:20:47.414Z
FIBERWEB-BE,FIBERWEB INDIA,NSE EQ,37.6,0.3,0.8,36.3,37.99,36,37.3,13824,13824,,,,,,,,,,,,50,NEUTRAL,kite:2026-05-08,2026-05-08T12:20:47.414Z
FIDEL-SM,FIDEL SOFTECH,NSE EQ,195,5,2.63,191,195,191,190,5000,5000,,,,,,,,,,,,50,NEUTRAL,kite:2026-05-08,2026-05-08T12:20:47.414Z
FIEMIND,FIEM INDUSTRIES,NSE EQ,2267,5.6,0.25,2273.6,2325,2260,2261.4,136339,136339,,,,,,,,,,,67.67,50,NEUTRAL,kite:2026-05-08,2026-05-08T12:20:47.414Z
FILATEX,FILATEX INDIA,NSE EQ,44.59,-0.73,-1.61,45.2,45.51,43.98,45.32,705322,705322,,,,,,,,,,,47.24,50,NEUTRAL,kite:2026-05-08,2026-05-08T12:20:47.414Z
FILATFASH-BE,FILATEX FASHIONS,NSE EQ,0.27,0.01,3.85,0.27,0.27,0.27,0.26,13302232,13302232,,,,,,,,,,,,54,NEUTRAL,kite:2026-05-08,2026-05-08T12:20:47.414Z
FINBUD-SM,FINBUD FINANCIAL SERV,NSE EQ,127,-2.75,-2.12,133.5,133.5,127,129.75,51000,51000,,,,,,,,,,,,50,NEUTRAL,kite:2026-05-08,2026-05-08T12:20:47.414Z
FINCABLES,FINOLEX CABLES,NSE EQ,1141.3,53.4,4.91,1097,1172.8,1093.75,1087.9,1953206,1953206,,,,,,,,,,,31.49,54,NEUTRAL,kite:2026-05-08,2026-05-08T12:20:47.414Z
FINEORG,FINE ORGANIC IND.,NSE EQ,4653.9,-4.9,-0.11,4661,4815.9,4612,4658.8,12494,12494,,,,,,,,,,,52.63,50,NEUTRAL,kite:2026-05-08,2026-05-08T12:20:47.414Z
FINKURVE,FINKURVE FINANCIAL SERV L,NSE EQ,69.28,-2.79,-3.87,72.08,73.18,67.5,72.07,74920,74920,,,,,,,,,,,82,46,NEUTRAL,kite:2026-05-08,2026-05-08T12:20:47.414Z
FINOPB,FINO PAYMENTS BANK,NSE EQ,132.41,-3.84,-2.82,136,137.2,131.7,136.25,242253,242253,,,,,,,,,,,51.83,50,NEUTRAL,kite:2026-05-08,2026-05-08T12:20:47.414Z
FINPIPE,FINOLEX INDUSTRIES,NSE EQ,177.85,0.43,0.24,177.25,180.48,177.19,177.42,371269,371269,,,,,,,,,,,55.91,50,NEUTRAL,kite:2026-05-08,2026-05-08T12:20:47.414Z
FIRSTCRY,BRAINBEES SOLUTIONS,NSE EQ,235.28,-3.43,-1.44,239.5,239.5,234.15,238.71,624823,624823,,,,,,,,,,,36.75,50,NEUTRAL,kite:2026-05-08,2026-05-08T12:20:47.414Z
FISCHER,FISCHER MEDICAL VENTURE L,NSE EQ,37.39,-0.33,-0.87,37.72,37.74,37.06,37.72,1015433,1015433,,,,,,,,,,,23.78,50,NEUTRAL,kite:2026-05-08,2026-05-08T12:20:47.414Z
FIVESTAR,FIVE-STAR BUS FIN,NSE EQ,462.25,-11,-2.32,474.8,476.65,460.1,473.25,676271,676271,,,,,,,,,,,43.23,50,NEUTRAL,kite:2026-05-08,2026-05-08T12:20:47.414Z
FLAIR,FLAIR WRITING INDUST,NSE EQ,337.55,4.5,1.35,333.05,345,333.05,333.05,260627,260627,,,,,,,,,,,43.49,50,NEUTRAL,kite:2026-05-08,2026-05-08T12:20:47.414Z
FLEXIADD,DSP NIFTY500 FLEXICAP QUALITY 30 ETF,NSE EQ,9.94,0.05,0.51,9.94,9.97,9.89,9.89,119454,119454,,,,,,,,,,,92.42,50,NEUTRAL,kite:2026-05-08,2026-05-08T12:20:47.414Z
FLEXITUFF,FLEXITUFF VENTURES INT L,NSE EQ,7,-0.1,-1.41,7.35,7.35,6.77,7.1,25569,25569,,,,,,,,,,,71.75,50,NEUTRAL,kite:2026-05-08,2026-05-08T12:20:47.414Z
FLFL-BZ,FUT LIFESTYLE FASH,NSE EQ,1.78,0.08,4.71,1.78,1.78,1.63,1.7,147482,147482,,,,,,,,,,,,54,NEUTRAL,kite:2026-05-08,2026-05-08T12:20:47.414Z
FLUOROCHEM,GUJARAT FLUOROCHEM,NSE EQ,3769.1,-29.3,-0.77,3790,3826.2,3740,3798.4,78743,78743,,,,,,,,,,,54.17,50,NEUTRAL,kite:2026-05-08,2026-05-08T12:20:47.414Z
FLYSBS-SM,FLYSBS AVIATION,NSE EQ,448.4,-8.15,-1.79,458.8,458.8,445,456.55,15200,15200,,,,,,,,,,,,50,NEUTRAL,kite:2026-05-08,2026-05-08T12:20:47.414Z
FMGOETZE,FEDERAL-MOGUL GOETZE (IND,NSE EQ,475.25,-0.3,-0.06,475.55,483.3,470.05,475.55,47000,47000,,,,,,,,,,,51.69,50,NEUTRAL,kite:2026-05-08,2026-05-08T12:20:47.414Z
FMNL,FUTURE MKT NETWORKS,NSE EQ,9.94,0.46,4.85,9.48,10.2,9.48,9.48,66131,66131,,,,,,,,,,,86.82,54,NEUTRAL,kite:2026-05-08,2026-05-08T12:20:47.414Z
FOCE-SM,FOCE INDIA,NSE EQ,558,0,0,556,559.9,556,558,2880,2880,,,,,,,,,,,,50,NEUTRAL,kite:2026-05-08,2026-05-08T12:20:47.414Z
FOCUS,FOCUS LIGHTG & FIXTRS,NSE EQ,86.27,0.49,0.57,85.9,87.5,84.82,85.78,81631,81631,,,,,,,,,,,44.47,50,NEUTRAL,kite:2026-05-08,2026-05-08T12:20:47.414Z
FONEBOX-SM,FONEBOX RETAIL,NSE EQ,65.05,0,0,0,77.25,65.05,65.05,0,0,,,,,,,,,,,,50,NEUTRAL,kite:2026-05-08,2026-05-08T12:20:47.414Z
FOODSIN,FOODS & INNS,NSE EQ,62.86,-1.16,-1.81,64.02,64.09,62.21,64.02,68410,68410,,,,,,,,,,,61.68,50,NEUTRAL,kite:2026-05-08,2026-05-08T12:20:47.414Z
FORCAS-SM,FORCAS STUDIO,NSE EQ,103.1,0,0,0,103.15,103,103.1,0,0,,,,,,,,,,,,50,NEUTRAL,kite:2026-05-08,2026-05-08T12:20:47.414Z
FORCEMOT,FORCE MOTORS,NSE EQ,20877,175,0.85,20696,21180,20415,20702,123886,123886,,,,,,,,,,,27.95,50,NEUTRAL,kite:2026-05-08,2026-05-08T12:20:47.414Z
FORGEAUTO-SM,FORGE AUTO INTERNATION L,NSE EQ,92.3,2.3,2.56,87,94,87,90,8400,8400,,,,,,,,,,,,50,NEUTRAL,kite:2026-05-08,2026-05-08T12:20:47.414Z
FORTIS,Fortis Healthcare Limited,NSE EQ,952.35,4.65,0.49,949.4,966.7,947,947.7,2211990,2211990,1104.3,646.7,,920.23,896.26,892.22,882.37,64.84,21.9,1.75,53.27,72,BUY,kite:2026-05-08,2026-05-08T12:20:47.414Z
FOSECOIND,FOSECO INDIA,NSE EQ,5051.6,94.7,1.91,4956.9,5094.9,4885.6,4956.9,4171,4171,,,,,,,,,,,55.43,50,NEUTRAL,kite:2026-05-08,2026-05-08T12:20:47.414Z
FRACTAL,FRACTAL ANALYTICS,NSE EQ,1071.55,-30,-2.72,1108.4,1115,1065,1101.55,632524,632524,,,,,,,,,,,36.42,50,NEUTRAL,kite:2026-05-08,2026-05-08T12:20:47.414Z
FRESHARA-ST,FRESHARA AGRO EXPORTS,NSE EQ,208.25,-2.8,-1.33,207.05,211.9,205.45,211.05,11400,11400,,,,,,,,,,,,50,NEUTRAL,kite:2026-05-08,2026-05-08T12:20:47.414Z
FROG-SM,FROG INNOVATIONS,NSE EQ,189.7,31.6,19.99,161.5,189.7,158.4,158.1,70400,70400,,,,,,,,,,,,54,NEUTRAL,kite:2026-05-08,2026-05-08T12:20:47.414Z
FRONTSP,FRONTIER SPRINGS,NSE EQ,1740.4,159,10.05,1581.4,1869,1581.4,1581.4,126500,126500,,,,,,,,,,,40.55,54,NEUTRAL,kite:2026-05-08,2026-05-08T12:20:47.414Z
FSL,FIRSTSOURCE SOLU.,NSE EQ,274.26,39.08,16.62,235.18,280.85,234.01,235.18,85477453,85477453,,,,,,,,,,,6.61,54,NEUTRAL,kite:2026-05-08,2026-05-08T12:20:47.414Z
FUSION,FUSION FINANCE,NSE EQ,216.55,-4.91,-2.22,219.6,219.97,206.26,221.46,600295,600295,,,,,,,,,,,55.13,50,NEUTRAL,kite:2026-05-08,2026-05-08T12:20:47.414Z
FWSTC-SM,FLYWINGS SIMULAT T C,NSE EQ,173,-6,-3.35,179,179,173,179,1800,1800,,,,,,,,,,,,46,NEUTRAL,kite:2026-05-08,2026-05-08T12:20:47.414Z
GABRIEL,GABRIEL INDIA,NSE EQ,1131.9,5.3,0.47,1131,1154,1125,1126.6,392268,392268,,,,,,,,,,,46.72,50,NEUTRAL,kite:2026-05-08,2026-05-08T12:20:47.414Z
GAEL,GUJARAT AMBUJA EXPORTS LT,NSE EQ,166.46,3.38,2.07,163.95,168.95,162.62,163.08,2368945,2368945,,,,,,,,,,,53.73,50,NEUTRAL,kite:2026-05-08,2026-05-08T12:20:47.414Z
GAIL,GAIL (India) Limited,NSE EQ,166.49,-0.77,-0.46,167.4,168.09,165.9,167.26,3887936,3887936,202.79,134.36,,161.74,158.98,161.8,169.23,64.7,3,0.38,50.46,66,BUY,kite:2026-05-08,2026-05-08T12:20:47.414Z
GAJANAND-SM,GAJANAND INTERNATIONAL L,NSE EQ,8.3,-0.35,-4.05,8.35,8.35,8.3,8.65,6000,6000,,,,,,,,,,,,46,NEUTRAL,kite:2026-05-08,2026-05-08T12:20:47.414Z
GALAPREC,GALA PRECISION ENG,NSE EQ,857,45,5.54,824.9,872,808.35,812,80188,80188,,,,,,,,,,,37.71,54,NEUTRAL,kite:2026-05-08,2026-05-08T12:20:47.414Z
GALAXYSURF,GALAXY SURFACTANTS,NSE EQ,1920.7,-3.2,-0.17,1920,1934,1910,1923.9,7223,7223,,,,,,,,,,,56.06,50,NEUTRAL,kite:2026-05-08,2026-05-08T12:20:47.414Z
GALLANTT,GALLANTT ISPAT,NSE EQ,869.25,2.75,0.32,870.7,889.2,850.65,866.5,539972,539972,,,,,,,,,,,23.03,50,NEUTRAL,kite:2026-05-08,2026-05-08T12:20:47.414Z
GANDHAR,GANDHAR OIL REFINE IND L,NSE EQ,151.45,-1.55,-1.01,153,159.4,150.15,153,746507,746507,,,,,,,,,,,27.58,50,NEUTRAL,kite:2026-05-08,2026-05-08T12:20:47.414Z
GANDHITUBE,GANDHI SPL. TUBES,NSE EQ,875,11.45,1.33,860,882,859.6,863.55,3440,3440,,,,,,,,,,,75.78,50,NEUTRAL,kite:2026-05-08,2026-05-08T12:20:47.414Z
GANECOS,GANESHA ECOSPHERE,NSE EQ,1063.6,29.4,2.84,1045,1109,1045,1034.2,379364,379364,,,,,,,,,,,41.87,50,NEUTRAL,kite:2026-05-08,2026-05-08T12:20:47.414Z
GANESHBE,GANESH BENZOPLAST,NSE EQ,95.34,-5.64,-5.59,101.88,101.99,94.61,100.98,417809,417809,,,,,,,,,,,59.79,46,NEUTRAL,kite:2026-05-08,2026-05-08T12:20:47.414Z
GANESHCP,GANESH CONSUMER PRODUCT L,NSE EQ,219.22,8.81,4.19,208.79,227,206.04,210.41,263067,263067,,,,,,,,,,,39.15,54,NEUTRAL,kite:2026-05-08,2026-05-08T12:20:47.414Z
GANESHHOU,GANESH HOUSING,NSE EQ,714.35,16.2,2.32,695,736.3,690,698.15,124388,124388,,,,,,,,,,,36.85,50,NEUTRAL,kite:2026-05-08,2026-05-08T12:20:47.414Z
GANESHIN-ST,GANESH INFRAWORLD,NSE EQ,82.45,-0.05,-0.06,82.05,83.1,80.75,82.5,52000,52000,,,,,,,,,,,,50,NEUTRAL,kite:2026-05-08,2026-05-08T12:20:47.414Z
GANGABATH-ST,GANGA BATH FITTINGS,NSE EQ,24.15,-0.3,-1.23,23.5,24.15,23.5,24.45,6000,6000,,,,,,,,,,,,50,NEUTRAL,kite:2026-05-08,2026-05-08T12:20:47.414Z
GANGAFORGE,GANGA FORGING,NSE EQ,2.61,-0.04,-1.51,2.65,2.68,2.58,2.65,395606,395606,,,,,,,,,,,68.87,50,NEUTRAL,kite:2026-05-08,2026-05-08T12:20:47.414Z
GANGESSECU,GANGES SECURITIES,NSE EQ,130.01,1.23,0.96,128.7,133,126.3,128.78,2055,2055,,,,,,,,,,,50.36,50,NEUTRAL,kite:2026-05-08,2026-05-08T12:20:47.414Z
GARFIBRES,GARWARE TECH FIBRES,NSE EQ,641.15,-31.3,-4.65,677.85,685.6,630.15,672.45,308268,308268,,,,,,,,,,,28.65,46,NEUTRAL,kite:2026-05-08,2026-05-08T12:20:47.414Z
GARUDA,GARUDA CONSTRUCT N ENG L,NSE EQ,199.44,-2.2,-1.09,201.63,203.5,198.1,201.64,988830,988830,,,,,,,,,,,42.08,50,NEUTRAL,kite:2026-05-08,2026-05-08T12:20:47.414Z
GATECH,GACM TECHNOLOGIES,NSE EQ,0.51,0.03,6.25,0.48,0.54,0.48,0.48,7341935,7341935,,,,,,,,,,,68.23,54,NEUTRAL,kite:2026-05-08,2026-05-08T12:20:47.414Z
GATECHDVR,GACM TECHNOLOGIES,NSE EQ,0.5,0.01,2.04,0.49,0.51,0.49,0.49,656707,656707,,,,,,,,,,,71.06,50,NEUTRAL,kite:2026-05-08,2026-05-08T12:20:47.414Z
GATEWAY,GATEWAY DISTRIPARKS,NSE EQ,59.96,-0.32,-0.53,60,61.72,59.2,60.28,1579619,1579619,,,,,,,,,,,55.6,50,NEUTRAL,kite:2026-05-08,2026-05-08T12:20:47.414Z
GAUDIUMIVF-BE,GAUDIUM IVF N WOMEN H L,NSE EQ,117.27,-2.75,-2.29,118.16,121.89,115.51,120.02,184513,184513,,,,,,,,,,,,50,NEUTRAL,kite:2026-05-08,2026-05-08T12:20:47.414Z
GAYAHWS,GAYATRI HIGHWAYS,NSE EQ,2.47,0.1,4.22,2.43,2.48,2.37,2.37,618523,618523,,,,,,,,,,,73.29,54,NEUTRAL,kite:2026-05-08,2026-05-08T12:20:47.414Z
GAYAPROJ-BE,GAYATRI PROJECTS,NSE EQ,19.15,-0.37,-1.9,19.78,19.78,18.65,19.52,781665,781665,,,,,,,,,,,,50,NEUTRAL,kite:2026-05-08,2026-05-08T12:20:47.414Z
GCHOTELS-SM,GRAND CONTINENT HOTELS L,NSE EQ,104,-1.9,-1.79,105,107.75,104,105.9,15600,15600,,,,,,,,,,,,50,NEUTRAL,kite:2026-05-08,2026-05-08T12:20:47.414Z
GCSL,GRETEX CORPORATE SERVICES,NSE EQ,377.95,-6.7,-1.74,395.5,397.95,370.6,384.65,779712,779712,,,,,,,,,,,41.43,50,NEUTRAL,kite:2026-05-08,2026-05-08T12:20:47.414Z
GEECEE,GEECEE VENTURES,NSE EQ,298.2,-3.25,-1.08,305.05,308.1,291.5,301.45,6482,6482,,,,,,,,,,,43,50,NEUTRAL,kite:2026-05-08,2026-05-08T12:20:47.414Z
GEEKAYWIRE,GEEKAY WIRES,NSE EQ,27.97,0.39,1.41,28,28.74,27.25,27.58,179617,179617,,,,,,,,,,,43.18,50,NEUTRAL,kite:2026-05-08,2026-05-08T12:20:47.414Z
GEMAROMA-BE,GEM AROMATICS,NSE EQ,166.06,-0.46,-0.28,165.01,168.8,164.5,166.52,26176,26176,,,,,,,,,,,,50,NEUTRAL,kite:2026-05-08,2026-05-08T12:20:47.414Z
GENCON,GENERIC ENG CONS PROJ,NSE EQ,40.24,-0.84,-2.04,41.08,41.08,40.05,41.08,30825,30825,,,,,,,,,,,74.09,50,NEUTRAL,kite:2026-05-08,2026-05-08T12:20:47.414Z
GENESYS,GENESYS INTL CORPN,NSE EQ,263.3,-9,-3.31,271.9,271.9,261.15,272.3,223305,223305,,,,,,,,,,,50.61,46,NEUTRAL,kite:2026-05-08,2026-05-08T12:20:47.414Z
GENUSPAPER,GENUS P&B,NSE EQ,13.22,0.01,0.08,13.34,13.45,13,13.21,101458,101458,,,,,,,,,,,76.8,50,NEUTRAL,kite:2026-05-08,2026-05-08T12:20:47.414Z
GENUSPOWER,GENUS POWER INFRASTRU,NSE EQ,326.85,-5.15,-1.55,333,335.3,322.85,332,652595,652595,,,,,,,,,,,44.65,50,NEUTRAL,kite:2026-05-08,2026-05-08T12:20:47.414Z
GEOJITFSL,GEOJIT FINANCIAL SER L,NSE EQ,71.43,3,4.38,68.77,72.23,68.43,68.43,1216268,1216268,,,,,,,,,,,54.95,54,NEUTRAL,kite:2026-05-08,2026-05-08T12:20:47.414Z
GESHIP,THE GE SHPG.LTD,NSE EQ,1588.3,35.9,2.31,1557.4,1618.9,1538,1552.4,1104209,1104209,,,,,,,,,,,34.59,50,NEUTRAL,kite:2026-05-08,2026-05-08T12:20:47.414Z
GFLLIMITED,GFL,NSE EQ,50.57,2.01,4.14,49.53,53,48.67,48.56,229925,229925,,,,,,,,,,,45.71,54,NEUTRAL,kite:2026-05-08,2026-05-08T12:20:47.414Z
GGBL-SM,GANESH GREEN BHARAT,NSE EQ,347,11.5,3.43,335.5,351.3,335,335.5,31800,31800,,,,,,,,,,,,54,NEUTRAL,kite:2026-05-08,2026-05-08T12:20:47.414Z
GHCL,GHCL,NSE EQ,510.9,-16.1,-3.06,527,527,508.1,527,181509,181509,,,,,,,,,,,62.02,46,NEUTRAL,kite:2026-05-08,2026-05-08T12:20:47.414Z
GHCLTEXTIL,GHCL TEXTILES,NSE EQ,91.47,-1.66,-1.78,92,94.53,91.1,93.13,244897,244897,,,,,,,,,,,55.18,50,NEUTRAL,kite:2026-05-08,2026-05-08T12:20:47.414Z
GICHSGFIN,GIC HOUSING FINANCE,NSE EQ,153.82,-3.51,-2.23,158.35,158.35,153.1,157.33,100833,100833,,,,,,,,,,,64.07,50,NEUTRAL,kite:2026-05-08,2026-05-08T12:20:47.414Z
GICL,GLOBE INTL CARRIERS,NSE EQ,40.84,0,0,41.05,41.19,40.8,40.84,521144,521144,,,,,,,,,,,50.43,50,NEUTRAL,kite:2026-05-08,2026-05-08T12:20:47.414Z
GICRE,GENERAL INS CORP OF INDIA,NSE EQ,395.25,-4.1,-1.03,399,401.5,394,399.35,295637,295637,,,,,,,,,,,47.74,50,NEUTRAL,kite:2026-05-08,2026-05-08T12:20:47.414Z
GILLANDERS,GILLANDERS ARBUTHNOT,NSE EQ,106.77,-1.53,-1.41,108,110.8,106.1,108.3,3386,3386,,,,,,,,,,,75.46,50,NEUTRAL,kite:2026-05-08,2026-05-08T12:20:47.414Z
GILLETTE,GILLETTE INDIA,NSE EQ,8148,215.5,2.72,7999,8195,7942.5,7932.5,59383,59383,,,,,,,,,,,74.38,50,NEUTRAL,kite:2026-05-08,2026-05-08T12:20:47.414Z
GILT10BETA,UTI NIFTY 10 YR BENCHMARK G-SEC ETF,NSE EQ,25.8,-0.5,-1.9,26.43,26.49,25.73,26.3,508,508,,,,,,,,,,,64.17,50,NEUTRAL,kite:2026-05-08,2026-05-08T12:20:47.414Z
GILT5BETA,UTI NIFTY 5 YR BENCHMARK G-SEC ETF,NSE EQ,65.8,0.97,1.5,65.15,65.82,65.15,64.83,245,245,,,,,,,,,,,100,50,NEUTRAL,kite:2026-05-08,2026-05-08T12:20:47.414Z
GILT5YBEES,NIPPON INDIA ETF NIFTY 5 YR BENCHMARK G-SEC,NSE EQ,64.52,-0.03,-0.05,64.78,64.78,64.43,64.55,262552,262552,,,,,,,,,,,68.47,50,NEUTRAL,kite:2026-05-08,2026-05-08T12:20:47.414Z
GINNIFILA,GINNI FILAMENTS,NSE EQ,44.85,-1.36,-2.94,46.19,46.71,44.3,46.21,141372,141372,,,,,,,,,,,69.16,50,NEUTRAL,kite:2026-05-08,2026-05-08T12:20:47.414Z
GIPCL,GUJ IND POW CO.,NSE EQ,157.01,-1.6,-1.01,159,160,156.15,158.61,230550,230550,,,,,,,,,,,55,50,NEUTRAL,kite:2026-05-08,2026-05-08T12:20:47.414Z
GIRIRAJ-ST,GIRIRAJ CIVIL DEVP,NSE EQ,185,0,0,0,187,185,185,0,0,,,,,,,,,,,,50,NEUTRAL,kite:2026-05-08,2026-05-08T12:20:47.414Z
GJL-ST,GROVER JEWELLS,NSE EQ,147.25,-7.75,-5,147.25,147.25,147.25,155,800,800,,,,,,,,,,,,46,NEUTRAL,kite:2026-05-08,2026-05-08T12:20:47.414Z
GKENERGY,GK ENERGY,NSE EQ,127.57,-7.24,-5.37,135.5,135.8,126.5,134.81,1682075,1682075,,,,,,,,,,,54.86,46,NEUTRAL,kite:2026-05-08,2026-05-08T12:20:47.414Z
GKSL,GUJARAT KIDNEY N SUP SP L,NSE EQ,139.99,9.23,7.06,130,140.5,130,130.76,1617061,1617061,,,,,,,,,,,34.33,54,NEUTRAL,kite:2026-05-08,2026-05-08T12:20:47.414Z
GKWLIMITED,GKW,NSE EQ,1763.8,-31.6,-1.76,1792,1792,1754,1795.4,272,272,,,,,,,,,,,77.21,50,NEUTRAL,kite:2026-05-08,2026-05-08T12:20:47.414Z
GLAND,Gland Pharma Limited,NSE EQ,1904.4,33.8,1.81,1870.9,1922.7,1866.2,1870.6,272307,272307,2131,1384.4,,1784.09,1758.57,1760.04,1780.86,66.29,55.13,2.17,71.44,72,BUY,kite:2026-05-08,2026-05-08T12:20:47.414Z
GLAXO,GLAXOSMITHKLINE PHARMA LT,NSE EQ,2476.9,-4.4,-0.18,2481.3,2504.9,2441,2481.3,68013,68013,,,,,,,,,,,57.79,50,NEUTRAL,kite:2026-05-08,2026-05-08T12:20:47.414Z
GLENMARK,GLENMARK PHARMACEUTICALS,NSE EQ,2366.4,-5.2,-0.22,2350,2384.9,2315.8,2371.6,702435,702435,,,,,,,,,,,40.69,50,NEUTRAL,kite:2026-05-08,2026-05-08T12:20:47.414Z
GLFL-BE,GUJARAT LEASE FINANCING L,NSE EQ,7.14,0.14,2,0,7.14,7,7,7400,7400,,,,,,,,,,,,50,NEUTRAL,kite:2026-05-08,2026-05-08T12:20:47.414Z
GLOBAL,GLOBAL EDUCATION,NSE EQ,119.95,3.45,2.96,118.9,121.9,114.3,116.5,276581,276581,,,,,,,,,,,58.29,50,NEUTRAL,kite:2026-05-08,2026-05-08T12:20:47.414Z
GLOBALE-BE,GLOBALE TESSILE,NSE EQ,14,0,0,14,14.5,14,14,2655,2655,,,,,,,,,,,,50,NEUTRAL,kite:2026-05-08,2026-05-08T12:20:47.414Z
GLOBALPET-SM,GLOBAL PET INDUSTRIES,NSE EQ,136,0.3,0.22,134.5,138.95,134.5,135.7,5250,5250,,,,,,,,,,,,50,NEUTRAL,kite:2026-05-08,2026-05-08T12:20:47.414Z
GLOBALVECT,GLOBAL VEC HELICORP,NSE EQ,184.52,-3.36,-1.79,187.88,187.89,179.25,187.88,14321,14321,,,,,,,,,,,49.72,50,NEUTRAL,kite:2026-05-08,2026-05-08T12:20:47.414Z
GLOBE,GLOBE ENTERPRISE (I),NSE EQ,2.48,-0.06,-2.36,2.53,2.57,2.39,2.54,915567,915567,,,,,,,,,,,63.54,50,NEUTRAL,kite:2026-05-08,2026-05-08T12:20:47.414Z
GLOBECIVIL-BE,GLOBE CIVIL PROJECTS,NSE EQ,48.6,-0.4,-0.82,48.5,50,48,49,40100,40100,,,,,,,,,,,,50,NEUTRAL,kite:2026-05-08,2026-05-08T12:20:47.414Z
GLOBUSSPR,GLOBUS SPIRITS,NSE EQ,997.1,-129.7,-11.51,1115,1115,989.5,1126.8,961301,961301,,,,,,,,,,,40.47,46,NEUTRAL,kite:2026-05-08,2026-05-08T12:20:47.414Z
GLOSTERLTD,GLOSTER,NSE EQ,665.25,-3.45,-0.52,652.2,673.5,652.2,668.7,4565,4565,,,,,,,,,,,64.23,50,NEUTRAL,kite:2026-05-08,2026-05-08T12:20:47.414Z
GLOTTIS,GLOTTIS,NSE EQ,61.19,3.25,5.61,58,62.95,58,57.94,505673,505673,,,,,,,,,,,50.5,54,NEUTRAL,kite:2026-05-08,2026-05-08T12:20:47.414Z
GMBREW,G M BREWERIES,NSE EQ,967.8,-2.2,-0.23,970,975,965.25,970,40667,40667,,,,,,,,,,,49.38,50,NEUTRAL,kite:2026-05-08,2026-05-08T12:20:47.414Z
GMDCLTD,GUJARAT MINERAL DEV CORP,NSE EQ,684.7,-19,-2.7,704.45,707.45,682.2,703.7,2412337,2412337,,,,,,,,,,,44.34,50,NEUTRAL,kite:2026-05-08,2026-05-08T12:20:47.414Z
GML-SM,GALAXY MEDICARE,NSE EQ,19.8,0.65,3.39,19.15,19.85,19.15,19.15,6000,6000,,,,,,,,,,,,54,NEUTRAL,kite:2026-05-08,2026-05-08T12:20:47.414Z
GMMPFAUDLR,GMM PFAUDLER,NSE EQ,894.1,-20.8,-2.27,905.75,918.45,888.55,914.9,89336,89336,,,,,,,,,,,63.75,50,NEUTRAL,kite:2026-05-08,2026-05-08T12:20:47.414Z
GMRAIRPORT,GMR AIRPORTS,NSE EQ,101.32,0.66,0.66,100.66,101.79,100,100.66,19610249,19610249,,,,,,,,,,,52.57,50,NEUTRAL,kite:2026-05-08,2026-05-08T12:20:47.414Z
GMRP&UI,GMR POW AND URBAN INFRA L,NSE EQ,108.29,-2.54,-2.29,109.72,110.78,107.61,110.83,1843094,1843094,,,,,,,,,,,69.62,50,NEUTRAL,kite:2026-05-08,2026-05-08T12:20:47.414Z
GNA,GNA AXLES,NSE EQ,405.55,-35.4,-8.03,446,446,386.95,440.95,702232,702232,,,,,,,,,,,33.2,46,NEUTRAL,kite:2026-05-08,2026-05-08T12:20:47.414Z
GNFC,GUJ NAR VAL FER & CHEM L,NSE EQ,496.15,-5,-1,502,506.7,492.9,501.15,364536,364536,,,,,,,,,,,42.16,50,NEUTRAL,kite:2026-05-08,2026-05-08T12:20:47.414Z
GNRL,GUJARAT NATURAL RES L,NSE EQ,99.98,-2.75,-2.68,103.99,103.99,98.5,102.73,45217,45217,,,,,,,,,,,52.78,50,NEUTRAL,kite:2026-05-08,2026-05-08T12:20:47.414Z
GOACARBON,GOA CARBON,NSE EQ,424.85,39.05,10.12,424,448,415.25,385.8,359409,359409,,,,,,,,,,,23.52,54,NEUTRAL,kite:2026-05-08,2026-05-08T12:20:47.414Z
GOCLCORP,GOCL CORPORATION,NSE EQ,329.6,-2.6,-0.78,332.2,332.4,326.1,332.2,21909,21909,,,,,,,,,,,46.58,50,NEUTRAL,kite:2026-05-08,2026-05-08T12:20:47.414Z
GOCOLORS,GO FASHION INDIA,NSE EQ,293.15,7.95,2.79,285.2,294.95,281.5,285.2,124924,124924,,,,,,,,,,,49.22,50,NEUTRAL,kite:2026-05-08,2026-05-08T12:20:47.414Z
GODAVARIB,GODAVARI BIOREFINERIES L,NSE EQ,313,3.6,1.16,310,314.05,307.4,309.4,145345,145345,,,,,,,,,,,48.81,50,NEUTRAL,kite:2026-05-08,2026-05-08T12:20:47.414Z
GODFRYPHLP,GODFREY PHILLIPS INDIA LT,NSE EQ,2424.8,84.4,3.61,2334,2484.7,2328.3,2340.4,1761466,1761466,,,,,,,,,,,25.59,54,NEUTRAL,kite:2026-05-08,2026-05-08T12:20:47.414Z
GODIGIT,GO DIGIT GENERAL INS,NSE EQ,314.35,-1.05,-0.33,315.4,320.9,312.45,315.4,227304,227304,,,,,,,,,,,55.83,50,NEUTRAL,kite:2026-05-08,2026-05-08T12:20:47.414Z
GODREJAGRO,GODREJ AGROVET,NSE EQ,591.2,4.8,0.82,586.4,601,580.9,586.4,545639,545639,,,,,,,,,,,47.49,50,NEUTRAL,kite:2026-05-08,2026-05-08T12:20:47.414Z
GODREJCP,Godrej Consumer Products Limited,NSE EQ,1042.4,5.8,0.56,1038.1,1049.8,1026.9,1036.6,2088081,2088081,1309,967.05,,1076.74,1092.71,1120.43,1154.67,41.78,33.47,1.36,57.91,34,SELL,kite:2026-05-08,2026-05-08T12:20:47.414Z
GODREJIND,GODREJ INDUSTRIES,NSE EQ,1218.25,-8.6,-0.7,1241,1260.65,1185.25,1226.85,1622649,1622649,,,,,,,,,,,12.03,50,NEUTRAL,kite:2026-05-08,2026-05-08T12:20:47.414Z
GODREJPROP,Godrej Properties Limited,NSE EQ,1873.6,-5,-0.27,1869.9,1889.2,1847,1878.6,760692,760692,2506.5,1434,,1802.05,1758.69,1806.79,1941.2,60.88,60.7,0.67,36.45,66,BUY,kite:2026-05-08,2026-05-08T12:20:47.414Z
GOKEX,GOKALDAS EXPORTS,NSE EQ,732.45,4.7,0.65,731,752.75,724.15,727.75,692015,692015,,,,,,,,,,,34.62,50,NEUTRAL,kite:2026-05-08,2026-05-08T12:20:47.414Z
GOKUL,GOKUL REFOILS & SOLV,NSE EQ,39.64,0,0,39.64,40.5,39.02,39.64,43629,43629,,,,,,,,,,,34.96,50,NEUTRAL,kite:2026-05-08,2026-05-08T12:20:47.414Z
GOKULAGRO,GOKUL AGRO RESOURCES,NSE EQ,238.74,1.74,0.73,238.03,244.7,236.55,237,597722,597722,,,,,,,,,,,53.19,50,NEUTRAL,kite:2026-05-08,2026-05-08T12:20:47.414Z
GOLD1,KOTAK GOLD ETF,NSE EQ,125.46,-0.19,-0.15,125.5,125.86,124.54,125.65,1768210,1768210,,,,,,,,,,,60.5,50,NEUTRAL,kite:2026-05-08,2026-05-08T12:20:47.414Z
GOLD360,360 ONE GOLD ETF,NSE EQ,146.55,-0.9,-0.61,146.4,151,145.55,147.45,42560,42560,,,,,,,,,,,46.78,50,NEUTRAL,kite:2026-05-08,2026-05-08T12:20:47.414Z
GOLDADD,DSP GOLD ETF,NSE EQ,146.12,0.04,0.03,146.24,146.58,145.67,146.08,336975,336975,,,,,,,,,,,59.39,50,NEUTRAL,kite:2026-05-08,2026-05-08T12:20:47.414Z
GOLDBEES,NIPPON INDIA ETF GOLD BEES,NSE EQ,124.31,-0.16,-0.13,124.55,124.72,124,124.47,23188221,23188221,,,,,,,,,,,52.86,50,NEUTRAL,kite:2026-05-08,2026-05-08T12:20:47.414Z
GOLDBND,BANDHAN GOLD ETF,NSE EQ,151.62,1.27,0.84,150.13,153.49,149.49,150.35,5260,5260,,,,,,,,,,,49.09,50,NEUTRAL,kite:2026-05-08,2026-05-08T12:20:47.414Z
GOLDCASE,ZERODHA GOLD ETF,NSE EQ,23.66,-0.02,-0.08,23.75,24.39,23.61,23.68,7975931,7975931,,,,,,,,,,,40.64,50,NEUTRAL,kite:2026-05-08,2026-05-08T12:20:47.414Z
GOLDENTOBC-BZ,GOLDEN TOBACCO,NSE EQ,27.7,-0.16,-0.57,27.86,28.35,26.5,27.86,14862,14862,,,,,,,,,,,,50,NEUTRAL,kite:2026-05-08,2026-05-08T12:20:47.414Z
GOLDETF,MIRAE ASSET GOLD ETF,NSE EQ,145.9,-0.22,-0.15,146.27,146.35,145.64,146.12,705400,705400,,,,,,,,,,,33.48,50,NEUTRAL,kite:2026-05-08,2026-05-08T12:20:47.414Z
GOLDIAM,GOLDIAM INTERNATIONAL,NSE EQ,435.95,18.6,4.46,418.7,448.65,418.7,417.35,1958141,1958141,,,,,,,,,,,36.23,54,NEUTRAL,kite:2026-05-08,2026-05-08T12:20:47.414Z
GOLDKART-SM,GOLDKART JEWELS,NSE EQ,181,0,0,0,182,181,181,0,0,,,,,,,,,,,,50,NEUTRAL,kite:2026-05-08,2026-05-08T12:20:47.414Z
GOLDSTAR-ST,GOLDSTAR POWER,NSE EQ,7.15,0.15,2.14,7.15,7.15,7.15,7,11250,11250,,,,,,,,,,,,50,NEUTRAL,kite:2026-05-08,2026-05-08T12:20:47.414Z
GOLDTECH,AION-TECH SOLUTIONS,NSE EQ,43.18,0.66,1.55,41.2,43.8,41.2,42.52,58298,58298,,,,,,,,,,,69.1,50,NEUTRAL,kite:2026-05-08,2026-05-08T12:20:47.414Z
GOODLUCK,GOODLUCK INDIA,NSE EQ,1427.6,22.5,1.6,1409.8,1475,1409.8,1405.1,457748,457748,,,,,,,,,,,45.16,50,NEUTRAL,kite:2026-05-08,2026-05-08T12:20:47.414Z
GOODYEAR,GOODYEAR INDIA,NSE EQ,784.65,-1.65,-0.21,789.8,796.95,782.2,786.3,4041,4041,,,,,,,,,,,63.87,50,NEUTRAL,kite:2026-05-08,2026-05-08T12:20:47.414Z
GOPAL,GOPAL SNACKS,NSE EQ,333,-0.6,-0.18,330,343,326.2,333.6,242825,242825,,,,,,,,,,,46.41,50,NEUTRAL,kite:2026-05-08,2026-05-08T12:20:47.414Z
GOYALALUM,GOYAL ALUMINIUMS,NSE EQ,7.11,0.02,0.28,7.19,7.2,7,7.09,84861,84861,,,,,,,,,,,64.88,50,NEUTRAL,kite:2026-05-08,2026-05-08T12:20:47.414Z
GOYALSALT-SM,GOYAL SALT,NSE EQ,128,3.5,2.81,124,128,124,124.5,8400,8400,,,,,,,,,,,,50,NEUTRAL,kite:2026-05-08,2026-05-08T12:20:47.414Z
GPECO-SM,GP ECO SOLUTIONS INDIA L,NSE EQ,365,-10.55,-2.81,371,377.5,364.95,375.55,32200,32200,,,,,,,,,,,,50,NEUTRAL,kite:2026-05-08,2026-05-08T12:20:47.414Z
GPIL,GODAWARI POW & ISP,NSE EQ,294.35,-10,-3.29,304.35,305,292.1,304.35,2311010,2311010,,,,,,,,,,,49.27,46,NEUTRAL,kite:2026-05-08,2026-05-08T12:20:47.414Z
GPPL,GUJARAT PIPAVAV PORT,NSE EQ,158.9,-1.82,-1.13,160.85,160.85,158.29,160.72,854249,854249,,,,,,,,,,,64.38,50,NEUTRAL,kite:2026-05-08,2026-05-08T12:20:47.414Z
GPTHEALTH,GPT HEALTHCARE,NSE EQ,144.12,1.65,1.16,143.5,147.28,141.68,142.47,157821,157821,,,,,,,,,,,49.47,50,NEUTRAL,kite:2026-05-08,2026-05-08T12:20:47.414Z
GPTINFRA,GPT INFRAPROJECTS,NSE EQ,117.62,-0.03,-0.03,117.14,121,116.2,117.65,251786,251786,,,,,,,,,,,59.04,50,NEUTRAL,kite:2026-05-08,2026-05-08T12:20:47.414Z
GRADIENTE-BE,GRADIENTE INFOTAINMENT L,NSE EQ,8.93,-0.48,-5.1,9.4,9.4,8.93,9.41,38047,38047,,,,,,,,,,,,46,NEUTRAL,kite:2026-05-08,2026-05-08T12:20:47.414Z
GRANDOAK,GRAND OAK CANYONS DIST L,NSE EQ,29.15,-2.48,-7.84,30.95,31.34,28.8,31.63,9037,9037,,,,,,,,,,,40.89,46,NEUTRAL,kite:2026-05-08,2026-05-08T12:20:47.414Z
GRANULES,GRANULES INDIA,NSE EQ,752.95,9.45,1.27,738,761.4,738,743.5,989643,989643,,,,,,,,,,,49.45,50,NEUTRAL,kite:2026-05-08,2026-05-08T12:20:47.414Z
GRAPHISAD-ST,GRAPHISADS,NSE EQ,36.35,1.65,4.76,34.65,36.4,34.65,34.7,3600,3600,,,,,,,,,,,,54,NEUTRAL,kite:2026-05-08,2026-05-08T12:20:47.414Z
GRAPHITE,GRAPHITE INDIA,NSE EQ,751.75,23.2,3.18,727.9,764.7,725.55,728.55,3574767,3574767,,,,,,,,,,,27.94,54,NEUTRAL,kite:2026-05-08,2026-05-08T12:20:47.414Z
GRASIM,Grasim Industries Limited,NSE EQ,2968.6,8,0.27,2960.6,2980.4,2932.1,2960.6,505248,505248,2980.4,2502.5,,2814.09,2771.2,2770.09,2764.44,73.28,58.01,0.62,48.63,54,NEUTRAL,kite:2026-05-08,2026-05-08T12:20:47.414Z
GRAUWEIL,GRAUER & WEIL IND,NSE EQ,70.14,0.1,0.14,70.5,70.74,69.06,70.04,122758,122758,,,,,,,,,,,75.31,50,NEUTRAL,kite:2026-05-08,2026-05-08T12:20:47.414Z
GRAVISSHO,GRAVISS HOSPITALITY,NSE EQ,27.59,0.21,0.77,27.93,27.93,27.17,27.38,4105,4105,,,,,,,,,,,75.42,50,NEUTRAL,kite:2026-05-08,2026-05-08T12:20:47.414Z
GRAVITA,GRAVITA INDIA,NSE EQ,1763,-35.9,-2,1725,1818.9,1706.6,1798.9,670475,670475,,,,,,,,,,,40.3,50,NEUTRAL,kite:2026-05-08,2026-05-08T12:20:47.414Z
GRCL-SM,GAYATRI RUBB AND CHEM,NSE EQ,536.5,24.95,4.88,530,537.1,515,511.55,12000,12000,,,,,,,,,,,,54,NEUTRAL,kite:2026-05-08,2026-05-08T12:20:47.414Z
GREAVESCOT,GREAVES COTTON,NSE EQ,171.36,3.35,1.99,168,173.94,166.8,168.01,1441876,1441876,,,,,,,,,,,37.53,50,NEUTRAL,kite:2026-05-08,2026-05-08T12:20:47.414Z
GREENCHEF-SM,GREENCHEF APPLIANCES,NSE EQ,55.1,2.6,4.95,54.7,55.1,54.45,52.5,14400,14400,,,,,,,,,,,,54,NEUTRAL,kite:2026-05-08,2026-05-08T12:20:47.414Z
GREENLAM,GREENLAM INDUSTRIES,NSE EQ,225.42,-2.58,-1.13,227.3,229.5,223,228,393379,393379,,,,,,,,,,,90.15,50,NEUTRAL,kite:2026-05-08,2026-05-08T12:20:47.414Z
GREENLEAF-SM,GREENLEAF ENVIROTECH,NSE EQ,86.7,3.6,4.33,86.95,87.25,84,83.1,32000,32000,,,,,,,,,,,,54,NEUTRAL,kite:2026-05-08,2026-05-08T12:20:47.414Z
GREENPANEL,GREENPANEL INDUSTRIES,NSE EQ,225.44,-4.61,-2,230.05,236.89,224,230.05,197309,197309,,,,,,,,,,,53.53,50,NEUTRAL,kite:2026-05-08,2026-05-08T12:20:47.414Z
GREENPLY,GREENPLY INDUSTRIES,NSE EQ,272.85,6.2,2.33,265.4,285,265.4,266.65,1149140,1149140,,,,,,,,,,,33.14,50,NEUTRAL,kite:2026-05-08,2026-05-08T12:20:47.414Z
GREENPOWER,ORIENT GREEN POWER CO,NSE EQ,12.1,-0.17,-1.39,12.26,12.39,12.01,12.27,5344936,5344936,,,,,,,,,,,45.78,50,NEUTRAL,kite:2026-05-08,2026-05-08T12:20:47.414Z
GRETEX-ST,GRETEX INDUSTRIES,NSE EQ,289,0,0,0,289,289,289,0,0,,,,,,,,,,,,50,NEUTRAL,kite:2026-05-08,2026-05-08T12:20:47.414Z
GRINDWELL,Grindwell Norton Limited,NSE EQ,1684.8,25.4,1.53,1655.4,1735.8,1655.4,1659.4,81885,81885,1884,1329,,1594.36,1564.2,1569.42,1599.03,65.54,55.04,0.97,44.16,66,BUY,kite:2026-05-08,2026-05-08T12:20:47.414Z
GRINFRA,G R INFRAPROJECTS,NSE EQ,979.9,-18.9,-1.89,1004,1004,975.2,998.8,36690,36690,,,,,,,,,,,43.38,50,NEUTRAL,kite:2026-05-08,2026-05-08T12:20:47.414Z
GRMOVER,GRM OVERSEAS,NSE EQ,160.92,-3.62,-2.2,166,166.8,159.01,164.54,2469164,2469164,,,,,,,,,,,20.97,50,NEUTRAL,kite:2026-05-08,2026-05-08T12:20:47.414Z
GROBTEA,THE GROB TEA COMPANY,NSE EQ,926.25,-16.8,-1.78,947.75,947.75,925,943.05,68,68,,,,,,,,,,,76.47,50,NEUTRAL,kite:2026-05-08,2026-05-08T12:20:47.414Z
GROWW,BILLIONBRAINS GARAGE VN L,NSE EQ,204.59,-3.44,-1.65,208.1,210.2,204,208.03,16913949,16913949,,,,,,,,,,,40.33,50,NEUTRAL,kite:2026-05-08,2026-05-08T12:20:47.414Z
GROWWCAPM,GROWW NIFTY CAPITAL MARKETS ETF,NSE EQ,11.69,0.09,0.78,11.6,12.22,11.44,11.6,1043564,1043564,,,,,,,,,,,73.26,50,NEUTRAL,kite:2026-05-08,2026-05-08T12:20:47.414Z
GROWWCHEM,GROWW NIFTY CHEMICALS ETF,NSE EQ,29.7,0.21,0.71,29.49,30.95,29.49,29.49,122440,122440,,,,,,,,,,,89.57,50,NEUTRAL,kite:2026-05-08,2026-05-08T12:20:47.414Z
GROWWDEFNC,GROWW NIFTY INDIA DEFENCE ETF,NSE EQ,94.13,0.4,0.43,94.43,95,93.05,93.73,687912,687912,,,,,,,,,,,62.82,50,NEUTRAL,kite:2026-05-08,2026-05-08T12:20:47.414Z
GROWWEV,GROWW NIFTY EV & NEW AGE AUTOMOTIVE ETF,NSE EQ,31.13,0.17,0.55,31.19,31.21,30.79,30.96,241542,241542,,,,,,,,,,,69.07,50,NEUTRAL,kite:2026-05-08,2026-05-08T12:20:47.414Z
GROWWGOLD,GROWW GOLD ETF,NSE EQ,14.68,-0.02,-0.14,14.71,14.73,14.65,14.7,1500314,1500314,,,,,,,,,,,39.55,50,NEUTRAL,kite:2026-05-08,2026-05-08T12:20:47.414Z
GROWWHOSPI,GROWWAMC - GROWWHOSPI,NSE EQ,50.28,0.47,0.94,50.05,50.38,49.2,49.81,262553,262553,,,,,,,,,,,77.61,50,NEUTRAL,kite:2026-05-08,2026-05-08T12:20:47.414Z
GROWWLIQID,GROWW NIFTY 1D RATE LIQUID ETF,NSE EQ,108.98,0.04,0.04,108.99,108.99,108.98,108.94,120479,120479,,,,,,,,,,,67.96,50,NEUTRAL,kite:2026-05-08,2026-05-08T12:20:47.414Z
GROWWLOVOL,GROWW NIFTY 500 LOW VOLATILITY 50 ETF,NSE EQ,10.48,-0.02,-0.19,10.51,10.52,10.41,10.5,6034,6034,,,,,,,,,,,87.72,50,NEUTRAL,kite:2026-05-08,2026-05-08T12:20:47.414Z
GROWWMC150,GROWW NIFTY MIDCAP 150 ETF,NSE EQ,227.72,-0.92,-0.4,224.07,229.55,224.07,228.64,1396,1396,,,,,,,,,,,86.03,50,NEUTRAL,kite:2026-05-08,2026-05-08T12:20:47.414Z
GROWWMETAL,GROWW NIFTY METAL ETF,NSE EQ,12.42,-0.11,-0.88,12.53,12.59,12.35,12.53,638469,638469,,,,,,,,,,,50.3,50,NEUTRAL,kite:2026-05-08,2026-05-08T12:20:47.414Z
GROWWMOM50,GROWW NIFTY 500 MOMENTUM 50 ETF,NSE EQ,10.73,-0.03,-0.28,11.02,11.02,10.53,10.76,162455,162455,,,,,,,,,,,62.11,50,NEUTRAL,kite:2026-05-08,2026-05-08T12:20:47.414Z
GROWWN200,GROWW NIFTY 200 ETF,NSE EQ,11.3,-0.04,-0.35,11.48,11.48,11.2,11.34,51169,51169,,,,,,,,,,,90.17,50,NEUTRAL,kite:2026-05-08,2026-05-08T12:20:47.414Z
GROWWNET,GROWW NIFTY INDIA INTERNET ETF,NSE EQ,9.25,-0.08,-0.86,9.3,9.4,9.22,9.33,399313,399313,,,,,,,,,,,54.37,50,NEUTRAL,kite:2026-05-08,2026-05-08T12:20:47.414Z
GROWWNIFTY,GROWW NIFTY 50 ETF,NSE EQ,9.72,-0.04,-0.41,9.92,9.92,9.65,9.76,544937,544937,,,,,,,,,,,78.97,50,NEUTRAL,kite:2026-05-08,2026-05-08T12:20:47.414Z
GROWWNXT50,GROWW NIFTY NEXT 50 ETF,NSE EQ,71.87,-0.17,-0.24,72.04,72.04,71.42,72.04,12960,12960,,,,,,,,,,,95.86,50,NEUTRAL,kite:2026-05-08,2026-05-08T12:20:47.414Z
GROWWPOWER,GROWW BSE POWER ETF,NSE EQ,12.51,-0.02,-0.16,12.68,12.68,12.42,12.53,5669844,5669844,,,,,,,,,,,70.03,50,NEUTRAL,kite:2026-05-08,2026-05-08T12:20:47.414Z
GROWWPSE,GROWWAMC - GROWWPSE,NSE EQ,107.11,-1.17,-1.08,106.3,108.26,106.15,108.28,1400,1400,,,,,,,,,,,55.93,50,NEUTRAL,kite:2026-05-08,2026-05-08T12:20:47.414Z
GROWWPSUBK,GROWWAMC - GROWWPSUBK,NSE EQ,83.97,-2.44,-2.82,87.18,87.18,83.4,86.41,22711,22711,,,,,,,,,,,77.27,50,NEUTRAL,kite:2026-05-08,2026-05-08T12:20:47.414Z
GROWWRAIL,GROWW NIFTY INDIA RAILWAYS PSU ETF,NSE EQ,33.45,-0.18,-0.54,33.79,34.47,33.38,33.63,367564,367564,,,,,,,,,,,70.55,50,NEUTRAL,kite:2026-05-08,2026-05-08T12:20:47.414Z
GROWWRLTY,GROWW NIFTY REALTY ETF,NSE EQ,9.2,-0.06,-0.65,9.4,9.4,9.18,9.26,304585,304585,,,,,,,,,,,65.05,50,NEUTRAL,kite:2026-05-08,2026-05-08T12:20:47.414Z
GROWWSC250,GROWW NIFTY SMALLCAP 250 ETF,NSE EQ,10.06,0.01,0.1,10.3,10.3,10.02,10.05,259877,259877,,,,,,,,,,,85.13,50,NEUTRAL,kite:2026-05-08,2026-05-08T12:20:47.414Z
GROWWSLVR,GROWW SILVER ETF,NSE EQ,24.6,0.08,0.33,24.73,24.75,24.37,24.52,2835143,2835143,,,,,,,,,,,34.78,50,NEUTRAL,kite:2026-05-08,2026-05-08T12:20:47.414Z
GRPLTD,GRP,NSE EQ,1895.3,-1,-0.05,1919.5,1919.5,1880,1896.3,537,537,,,,,,,,,,,67.78,50,NEUTRAL,kite:2026-05-08,2026-05-08T12:20:47.414Z
GRSE,GARDEN REACH SHIP&ENG,NSE EQ,3051.3,-42.5,-1.37,3101.1,3129.8,3035,3093.8,1371456,1371456,,,,,,,,,,,28.66,50,NEUTRAL,kite:2026-05-08,2026-05-08T12:20:47.414Z
GRWRHITECH,GARWARE HI-TECH FILMS,NSE EQ,5290.3,-161.1,-2.96,5425.1,5434,5225,5451.4,97162,97162,,,,,,,,,,,38.11,50,NEUTRAL,kite:2026-05-08,2026-05-08T12:20:47.414Z
GSEC10ABSL,ADITYA BIRLA SUN LIFE CRISIL 10 YEAR GILT ETF,NSE EQ,111.1,0,0,0,111.1,109.47,111.1,0,0,,,,,,,,,,,,50,NEUTRAL,kite:2026-05-08,2026-05-08T12:20:47.414Z
GSEC10YEAR,MIRAE ASSET NIFTY 8-13 YR G-SEC ETF,NSE EQ,29.75,-0.25,-0.83,29.98,29.98,29.6,30,2243,2243,,,,,,,,,,,80.21,50,NEUTRAL,kite:2026-05-08,2026-05-08T12:20:47.414Z
GSFC,GUJ STATE FERT & CHEM,NSE EQ,175.95,-1.76,-0.99,177.71,178.6,175.31,177.71,401523,401523,,,,,,,,,,,49.72,50,NEUTRAL,kite:2026-05-08,2026-05-08T12:20:47.414Z
GSLSU,GLOBAL SURFACES,NSE EQ,59.32,1.12,1.92,58,59.88,57.73,58.2,24985,24985,,,,,,,,,,,34.15,50,NEUTRAL,kite:2026-05-08,2026-05-08T12:20:47.414Z
GSMFOILS-SM,GSM FOILS,NSE EQ,205,-2.7,-1.3,205.2,210.8,204.6,207.7,36500,36500,,,,,,,,,,,,50,NEUTRAL,kite:2026-05-08,2026-05-08T12:20:47.414Z
GSPCROP,GSP CROP SCIENCE,NSE EQ,421.55,-10.25,-2.37,430,450,415.75,431.8,329270,329270,,,,,,,,,,,24.19,50,NEUTRAL,kite:2026-05-08,2026-05-08T12:20:47.414Z
GSPL,GUJARAT STATE PETRO,NSE EQ,288.95,-7.8,-2.63,297.35,299.7,287.2,296.75,1517698,1517698,,,,,,,,,,,70.37,50,NEUTRAL,kite:2026-05-08,2026-05-08T12:20:47.414Z
GSS-BE,GSS INFOTECH,NSE EQ,13.9,-0.58,-4.01,14.77,14.77,13.86,14.48,94735,94735,,,,,,,,,,,,46,NEUTRAL,kite:2026-05-08,2026-05-08T12:20:47.414Z
GSTL-ST,GLOBESECURE TECHNO,NSE EQ,24.5,-1.25,-4.85,24.5,24.5,24.5,25.75,6000,6000,,,,,,,,,,,,46,NEUTRAL,kite:2026-05-08,2026-05-08T12:20:47.414Z
GTECJAINX,G-TEC JAINX EDUCATION,NSE EQ,19.86,0.21,1.07,19.88,20.88,19.21,19.65,2465,2465,,,,,,,,,,,47.34,50,NEUTRAL,kite:2026-05-08,2026-05-08T12:20:47.414Z
GTL-BE,GTL,NSE EQ,7.94,0.23,2.98,7.51,8.09,7.51,7.71,596846,596846,,,,,,,,,,,,50,NEUTRAL,kite:2026-05-08,2026-05-08T12:20:47.414Z
GTLINFRA,GTL INFRA.LTD,NSE EQ,1.38,-0.03,-2.13,1.44,1.45,1.36,1.41,121330902,121330902,,,,,,,,,,,41.41,50,NEUTRAL,kite:2026-05-08,2026-05-08T12:20:47.414Z
GTPL,GTPL HATHWAY,NSE EQ,69.25,0.52,0.76,68.73,71.02,68.5,68.73,62172,62172,,,,,,,,,,,43.93,50,NEUTRAL,kite:2026-05-08,2026-05-08T12:20:47.414Z
GUFICBIO,GUFIC BIOSCIENCES,NSE EQ,302.45,3.4,1.14,299.7,307,294.3,299.05,431852,431852,,,,,,,,,,,65.82,50,NEUTRAL,kite:2026-05-08,2026-05-08T12:20:47.414Z
GUJALKALI,GUJARAT ALKALIES & CHEM,NSE EQ,746.55,-43.95,-5.56,795.5,800.25,728.65,790.5,312471,312471,,,,,,,,,,,28.95,46,NEUTRAL,kite:2026-05-08,2026-05-08T12:20:47.414Z
GUJAPOLLO,GUJ. APOLLO IND.,NSE EQ,431.45,-5.35,-1.22,445,446.4,430.15,436.8,10375,10375,,,,,,,,,,,65.51,50,NEUTRAL,kite:2026-05-08,2026-05-08T12:20:47.414Z
GUJGASLTD,GUJARAT GAS,NSE EQ,396.45,-12.5,-3.06,408.9,408.9,393.5,408.95,385335,385335,,,,,,,,,,,47.19,46,NEUTRAL,kite:2026-05-08,2026-05-08T12:20:47.414Z
GUJRAFFIA,GUJARAT RAFFIA INDUST,NSE EQ,39.64,-0.71,-1.76,40.55,41.19,39.62,40.35,2563,2563,,,,,,,,,,,84.51,50,NEUTRAL,kite:2026-05-08,2026-05-08T12:20:47.414Z
GUJTHEM,GUJARAT THEMIS BIOSYN,NSE EQ,398.5,-0.65,-0.16,399.15,412.45,390.25,399.15,132933,132933,,,,,,,,,,,41.29,50,NEUTRAL,kite:2026-05-08,2026-05-08T12:20:47.414Z
GULFOILLUB,GULF OIL LUB. IND.,NSE EQ,1000.8,-5.95,-0.59,1006.75,1006.75,987.2,1006.75,40854,40854,,,,,,,,,,,57.88,50,NEUTRAL,kite:2026-05-08,2026-05-08T12:20:47.414Z
GULFPETRO,GP PETROLEUMS,NSE EQ,35.55,0.21,0.59,36,36,34.5,35.34,87835,87835,,,,,,,,,,,67.31,50,NEUTRAL,kite:2026-05-08,2026-05-08T12:20:47.414Z
GULPOLY,GULSHAN POLYOLS,NSE EQ,187.53,-0.59,-0.31,187,195.8,186.24,188.12,420931,420931,,,,,,,,,,,42.72,50,NEUTRAL,kite:2026-05-08,2026-05-08T12:20:47.414Z
GURUNANAK-SM,GURUNANAK AGRICULTUR IN L,NSE EQ,44.6,-2.3,-4.9,47.7,49.2,44.6,46.9,107200,107200,,,,,,,,,,,,46,NEUTRAL,kite:2026-05-08,2026-05-08T12:20:47.414Z
GVKPIL-BE,GVK POW. & INFRA,NSE EQ,3.51,-0.07,-1.96,3.65,3.65,3.51,3.58,1714121,1714121,,,,,,,,,,,,50,NEUTRAL,kite:2026-05-08,2026-05-08T12:20:47.414Z
GVPIL-BE,GE POWER INDIA,NSE EQ,646.35,-21.3,-3.19,667.65,677.4,635,667.65,196909,196909,,,,,,,,,,,,46,NEUTRAL,kite:2026-05-08,2026-05-08T12:20:47.414Z
GVPTECH,GVP INFOTECH,NSE EQ,6.97,-0.07,-0.99,7.04,7.15,6.9,7.04,65253,65253,,,,,,,,,,,56.94,50,NEUTRAL,kite:2026-05-08,2026-05-08T12:20:47.414Z
GVPTECHPP-E1,GVPTECH RE.1 PPD UP,NSE EQ,3.08,0.03,0.98,3.08,3.15,2.8,3.05,1223,1223,,,,,,,,,,,,50,NEUTRAL,kite:2026-05-08,2026-05-08T12:20:47.414Z
GVT&D,GE VERNOVA T&D INDIA,NSE EQ,4625.5,-142.7,-2.99,4780,4849,4610.4,4768.2,516589,516589,,,,,,,,,,,57.39,50,NEUTRAL,kite:2026-05-08,2026-05-08T12:20:47.414Z
HAL,Hindustan Aeronautics Limited,NSE EQ,4788.1,6,0.13,4794,4836.3,4733,4782.1,1674686,1674686,5165,3479.1,,4399.22,4234.15,4259.65,4422.23,78.64,111.83,1.44,54.21,54,NEUTRAL,kite:2026-05-08,2026-05-08T12:20:47.414Z
HALDER,HALDER VENTURE,NSE EQ,234.31,-3.71,-1.56,238.02,239.99,233,238.02,414,414,,,,,,,,,,,98.79,50,NEUTRAL,kite:2026-05-08,2026-05-08T12:20:47.414Z
HALDYNGL,HALDYN GLASS,NSE EQ,114.49,2.92,2.62,112,119.9,110.81,111.57,252288,252288,,,,,,,,,,,45.53,50,NEUTRAL,kite:2026-05-08,2026-05-08T12:20:47.414Z
HALEOSLABS,HALEOS LABS,NSE EQ,1643.3,27.3,1.69,1616,1679,1570,1616,2588,2588,,,,,,,,,,,82.38,50,NEUTRAL,kite:2026-05-08,2026-05-08T12:20:47.414Z
HAPPSTMNDS,HAPPIEST MINDS TECHNO,NSE EQ,390.55,2.3,0.59,387.55,394.7,382.2,388.25,1051985,1051985,,,,,,,,,,,34.07,50,NEUTRAL,kite:2026-05-08,2026-05-08T12:20:47.414Z
HAPPYFORGE,HAPPY FORGINGS,NSE EQ,1443.6,31.4,2.22,1429.4,1462,1415.5,1412.2,114418,114418,,,,,,,,,,,52.09,50,NEUTRAL,kite:2026-05-08,2026-05-08T12:20:47.414Z
HARDWYN,HARDWYN INDIA,NSE EQ,24.55,0.62,2.59,23.94,25.04,23.94,23.93,4787329,4787329,,,,,,,,,,,15.52,50,NEUTRAL,kite:2026-05-08,2026-05-08T12:20:47.414Z
HARIOMPIPE,HARIOM PIPE INDUSTRIES L,NSE EQ,341.1,13.95,4.26,327.1,350,316.35,327.15,506390,506390,,,,,,,,,,,41.27,54,NEUTRAL,kite:2026-05-08,2026-05-08T12:20:47.414Z
HARRMALAYA,HARRISON MALAYALAM,NSE EQ,224.17,1.59,0.71,228.75,228.75,222,222.58,13271,13271,,,,,,,,,,,81.38,50,NEUTRAL,kite:2026-05-08,2026-05-08T12:20:47.414Z
HARSHA,HARSHA ENGINEERS INT,NSE EQ,426.1,-12.65,-2.88,435,452.5,420.25,438.75,1068698,1068698,,,,,,,,,,,51.24,50,NEUTRAL,kite:2026-05-08,2026-05-08T12:20:47.414Z
HATHWAY,HATHWAY CABLE & DATACOM,NSE EQ,11.08,-0.11,-0.98,11.08,11.16,11.02,11.19,1143377,1143377,,,,,,,,,,,54.04,50,NEUTRAL,kite:2026-05-08,2026-05-08T12:20:47.414Z
HATSUN,HATSUN AGRO PRODUCT,NSE EQ,988.85,4.3,0.44,984.6,994.4,969.8,984.55,19428,19428,,,,,,,,,,,46.97,50,NEUTRAL,kite:2026-05-08,2026-05-08T12:20:47.414Z
HAVELLS,Havells India Limited,NSE EQ,1255.2,-13.7,-1.08,1268.9,1274.7,1252,1268.9,606893,606893,1623.7,1142.5,,1264.65,1291.1,1335.36,1409.27,46.95,29.13,0.41,57.48,38,SELL,kite:2026-05-08,2026-05-08T12:20:47.414Z
HAVISHA-BE,SRI HAVISHA HOSP & INFR L,NSE EQ,1.57,0.06,3.97,1.58,1.58,1.53,1.51,12957,12957,,,,,,,,,,,,54,NEUTRAL,kite:2026-05-08,2026-05-08T12:20:47.414Z
HAWKINCOOK,HAWKINS COOKERS,NSE EQ,7494.5,77.5,1.04,7415,7500,7381,7417,427,427,,,,,,,,,,,64.4,50,NEUTRAL,kite:2026-05-08,2026-05-08T12:20:47.414Z
HBESD,H B ESTATE DEVELOPERS L,NSE EQ,79.48,-4.58,-5.45,83,87.99,77,84.06,8352,8352,,,,,,,,,,,65.74,46,NEUTRAL,kite:2026-05-08,2026-05-08T12:20:47.414Z
HBLENGINE,HBL ENGINEERING,NSE EQ,848.15,-0.05,-0.01,848,859.5,841,848.2,1164465,1164465,,,,,,,,,,,38.1,50,NEUTRAL,kite:2026-05-08,2026-05-08T12:20:47.414Z
HBS500INAV-RL,HBS500INAV-RL,NSE EQ,5.35,0,0,5.1,5.45,5.1,5.35,0,0,,,,,,,,,,,,50,NEUTRAL,kite:2026-05-08,2026-05-08T12:20:47.414Z
HBSL-BE,HB STOCKHOLDINGS,NSE EQ,64.83,1.76,2.79,65,66.22,64,63.07,5706,5706,,,,,,,,,,,,50,NEUTRAL,kite:2026-05-08,2026-05-08T12:20:47.414Z
HCC,HINDUSTAN CONSTRUCTION CO,NSE EQ,23.3,-1.05,-4.31,24.28,24.34,23.05,24.35,34092199,34092199,,,,,,,,,,,44.85,46,NEUTRAL,kite:2026-05-08,2026-05-08T12:20:47.414Z
HCG,HEALTHCARE GLOB. ENT.,NSE EQ,603.8,-10.25,-1.67,610,625.8,601.45,614.05,114468,114468,,,,,,,,,,,56.71,50,NEUTRAL,kite:2026-05-08,2026-05-08T12:20:47.414Z
HCL-INSYS,HCL INFOSYSTEMS,NSE EQ,12.23,0.01,0.08,12.32,12.38,12.21,12.22,159301,159301,,,,,,,,,,,71.62,50,NEUTRAL,kite:2026-05-08,2026-05-08T12:20:47.414Z
HCLTECH,HCL Technologies Limited,NSE EQ,1198.4,15,1.27,1179.8,1202.8,1176.8,1183.4,2813749,2813749,1780.1,1176.8,,1263.11,1347.72,1426.03,1482.01,31.34,29.01,0.49,51.59,34,SELL,kite:2026-05-08,2026-05-08T12:20:47.414Z
HDBFS,HDB FINANCIAL SERVICES L,NSE EQ,699.65,-0.9,-0.13,700.5,705,696,700.55,348150,348150,,,,,,,,,,,60.13,50,NEUTRAL,kite:2026-05-08,2026-05-08T12:20:47.414Z
HDFCAMC,HDFC Asset Management Company Limited,NSE EQ,2854,19.4,0.68,2820,2872.4,2815.3,2834.6,1044961,1044961,2967.25,2087.5,,2724.02,2644.39,2628.33,2633.81,64.9,69.92,0.9,72.05,66,BUY,kite:2026-05-08,2026-05-08T12:20:47.414Z
HDFCBANK,HDFC Bank Limited,NSE EQ,780.85,-15.2,-1.91,784,788.75,777.2,796.05,38016841,38016841,1020.5,726.65,,788.14,816.05,860.34,908.14,45.71,16.49,1.02,66.82,38,SELL,kite:2026-05-08,2026-05-08T12:20:47.414Z
HDFCBSE500,HDFC BSE 500 ETF,NSE EQ,37.09,0.03,0.08,37.44,37.44,36.52,37.06,15240,15240,,,,,,,,,,,82.09,50,NEUTRAL,kite:2026-05-08,2026-05-08T12:20:47.414Z
HDFCGOLD,HDFC GOLD ETF,NSE EQ,128.5,-0.06,-0.05,128.83,128.83,128.05,128.56,9131514,9131514,,,,,,,,,,,64.86,50,NEUTRAL,kite:2026-05-08,2026-05-08T12:20:47.414Z
HDFCGROWTH,HDFC NIFTY GROWTH SECTORS 15 ETF,NSE EQ,116.47,0.92,0.8,116.12,118,115.5,115.55,103318,103318,,,,,,,,,,,84.51,50,NEUTRAL,kite:2026-05-08,2026-05-08T12:20:47.414Z
HDFCLIFE,HDFC Life Insurance Company Limited,NSE EQ,621.7,-3.7,-0.59,625.5,628,618.3,625.4,2352588,2352588,820.75,555.1,,605.57,629.11,665.09,704.59,55.32,14.95,0.34,52.69,54,NEUTRAL,kite:2026-05-08,2026-05-08T12:20:47.414Z
HDFCLOWVOL,HDFC NIFTY100 LOW VOLATILITY 30 ETF,NSE EQ,20.46,-0.01,-0.05,20.47,20.51,20.29,20.47,14440,14440,,,,,,,,,,,88.86,50,NEUTRAL,kite:2026-05-08,2026-05-08T12:20:47.414Z
HDFCMID150,HDFC NIFTY MIDCAP 150 ETF,NSE EQ,23.04,0,0,23.61,23.61,22.94,23.04,374126,374126,,,,,,,,,,,59.78,50,NEUTRAL,kite:2026-05-08,2026-05-08T12:20:47.414Z
HDFCMOMENT,HDFC NIFTY200 MOMENTUM 30 ETF,NSE EQ,31.46,-0.17,-0.54,30.83,31.73,30.83,31.63,119912,119912,,,,,,,,,,,69.55,50,NEUTRAL,kite:2026-05-08,2026-05-08T12:20:47.414Z
HDFCNEXT50,HDFC NIFTY NEXT 50 ETF,NSE EQ,72.9,-0.31,-0.42,75.04,75.04,72.5,73.21,73722,73722,,,,,,,,,,,76.93,50,NEUTRAL,kite:2026-05-08,2026-05-08T12:20:47.414Z
HDFCNIF100,HDFC NIFTY 100 ETF,NSE EQ,25.97,-0.13,-0.5,26.05,26.09,25.88,26.1,26769,26769,,,,,,,,,,,79.16,50,NEUTRAL,kite:2026-05-08,2026-05-08T12:20:47.414Z
HDFCNIFBAN,HDFC NIFTY BANKING ETF,NSE EQ,56.78,-0.59,-1.03,57.38,57.38,56.55,57.37,1128488,1128488,,,,,,,,,,,98.42,50,NEUTRAL,kite:2026-05-08,2026-05-08T12:20:47.414Z
HDFCNIFIT,HDFC NIFTY IT ETF,NSE EQ,31.26,0.34,1.1,31.34,31.34,30.92,30.92,183219,183219,,,,,,,,,,,37,50,NEUTRAL,kite:2026-05-08,2026-05-08T12:20:47.414Z
HDFCNIFTY,HDFC NIFTY 50 ETF,NSE EQ,271.06,-1.39,-0.51,272.44,272.45,270.5,272.45,113697,113697,,,,,,,,,,,88.13,50,NEUTRAL,kite:2026-05-08,2026-05-08T12:20:47.414Z
HDFCPSUBK,HDFC NIFTY PSU BANK ETF,NSE EQ,84.41,-2.75,-3.16,86.84,86.87,83.98,87.16,95481,95481,,,,,,,,,,,76.51,46,NEUTRAL,kite:2026-05-08,2026-05-08T12:20:47.414Z
HDFCPVTBAN,HDFC NIFTY PRIVATE BANK ETF,NSE EQ,27.02,-0.3,-1.1,26.63,27.41,26.63,27.32,140563,140563,,,,,,,,,,,81.11,50,NEUTRAL,kite:2026-05-08,2026-05-08T12:20:47.414Z
HDFCQUAL,HDFC NIFTY100 QUALITY 30 ETF,NSE EQ,58.21,0.17,0.29,58.29,58.38,58,58.04,6120,6120,,,,,,,,,,,83.94,50,NEUTRAL,kite:2026-05-08,2026-05-08T12:20:47.414Z
HDFCSENSEX,HDFC BSE SENSEX ETF,NSE EQ,87.34,-0.29,-0.33,89.8,89.8,87.07,87.63,35287,35287,,,,,,,,,,,70.11,50,NEUTRAL,kite:2026-05-08,2026-05-08T12:20:47.414Z
HDFCSILVER,HDFC SILVER ETF,NSE EQ,240.22,0.71,0.3,240.54,241.89,238.1,239.51,4710063,4710063,,,,,,,,,,,30.59,50,NEUTRAL,kite:2026-05-08,2026-05-08T12:20:47.414Z
HDFCSML250,HDFC NIFTY SMALLCAP 250 ETF,NSE EQ,175.53,-0.42,-0.24,176.71,176.72,175.05,175.95,1772862,1772862,,,,,,,,,,,67.15,50,NEUTRAL,kite:2026-05-08,2026-05-08T12:20:47.414Z
HDFCVALUE,HDFC NIFTY50 VALUE 20 ETF,NSE EQ,128.64,-1.2,-0.92,129.31,131,128.38,129.84,3308,3308,,,,,,,,,,,82.32,50,NEUTRAL,kite:2026-05-08,2026-05-08T12:20:47.414Z
HDIL-BZ,HOUSING DEV & INFRA,NSE EQ,2.06,0,0,2.01,2.08,2,2.06,80505,80505,,,,,,,,,,,,50,NEUTRAL,kite:2026-05-08,2026-05-08T12:20:47.414Z
HEADSUP,HEADS UP VENTURES,NSE EQ,7.81,0.06,0.77,7.95,7.95,7.6,7.75,7765,7765,,,,,,,,,,,84.06,50,NEUTRAL,kite:2026-05-08,2026-05-08T12:20:47.414Z
HEALTHADD,DSP NIFTY HEALTHCARE ETF,NSE EQ,155.75,0.69,0.44,155.83,156.68,155.06,155.06,2392,2392,,,,,,,,,,,94.94,50,NEUTRAL,kite:2026-05-08,2026-05-08T12:20:47.414Z
HEALTHCARE,MIRAEAMC - HEALTHCARE,NSE EQ,19.83,0.05,0.25,19.87,19.94,19.72,19.78,110203,110203,,,,,,,,,,,59.58,50,NEUTRAL,kite:2026-05-08,2026-05-08T12:20:47.414Z
HEALTHX,HEALTH X PLATFORM,NSE EQ,300.55,10.6,3.66,284.05,306,284.05,289.95,24639,24639,,,,,,,,,,,64.16,54,NEUTRAL,kite:2026-05-08,2026-05-08T12:20:47.414Z
HEALTHY,ADITYA BIRLA SUN LIFE NIFTY HEALTHCARE ETF,NSE EQ,15.83,0.05,0.32,15.38,15.92,15.38,15.78,737745,737745,,,,,,,,,,,61.83,50,NEUTRAL,kite:2026-05-08,2026-05-08T12:20:47.414Z
HECPROJECT,HEC INFRA PROJECTS,NSE EQ,124.47,-2.02,-1.6,127.9,127.9,123,126.49,14672,14672,,,,,,,,,,,43.12,50,NEUTRAL,kite:2026-05-08,2026-05-08T12:20:47.414Z
HEG,HEG,NSE EQ,597.7,3.55,0.6,595,609.5,591.3,594.15,1499643,1499643,,,,,,,,,,,23.6,50,NEUTRAL,kite:2026-05-08,2026-05-08T12:20:47.414Z
HEIDELBERG,HEIDELBERGCEMENT (I),NSE EQ,162.01,-1.03,-0.63,162.8,164,161.61,163.04,54106,54106,,,,,,,,,,,74.67,50,NEUTRAL,kite:2026-05-08,2026-05-08T12:20:47.414Z
HEMIPROP,HEMISPHERE PROP IND,NSE EQ,154.21,7.1,4.83,148.2,158.9,147.1,147.11,4164410,4164410,,,,,,,,,,,40.67,54,NEUTRAL,kite:2026-05-08,2026-05-08T12:20:47.414Z
HERANBA,HERANBA INDUSTRIES,NSE EQ,222.24,-2.96,-1.31,227.8,230,220.35,225.2,58395,58395,,,,,,,,,,,54.38,50,NEUTRAL,kite:2026-05-08,2026-05-08T12:20:47.414Z
HERITGFOOD,HERITAGE FOODS,NSE EQ,362.6,-2.15,-0.59,361.05,365.2,359,364.75,186399,186399,,,,,,,,,,,54.37,50,NEUTRAL,kite:2026-05-08,2026-05-08T12:20:47.414Z
HEROMOTOCO,Hero MotoCorp Limited,NSE EQ,5322,-21,-0.39,5341,5398.5,5265,5343,558660,558660,6388.5,3735,,5182.53,5280.82,5364.7,5192.17,56.19,169.19,0.76,43.23,54,NEUTRAL,kite:2026-05-08,2026-05-08T12:20:47.414Z
HESTERBIO,HESTER BIOSCIENCES,NSE EQ,1646.3,8.3,0.51,1626,1667.3,1625,1638,3001,3001,,,,,,,,,,,66.21,50,NEUTRAL,kite:2026-05-08,2026-05-08T12:20:47.414Z
HEXATRADEX,HEXA TRADEX,NSE EQ,168.22,0.74,0.44,172,172,167.1,167.48,2578,2578,,,,,,,,,,,84.25,50,NEUTRAL,kite:2026-05-08,2026-05-08T12:20:47.414Z
HEXT,HEXAWARE TECHNOLOGIES,NSE EQ,485.7,25.15,5.46,467.6,487.5,461.1,460.55,1694671,1694671,,,,,,,,,,,50.4,54,NEUTRAL,kite:2026-05-08,2026-05-08T12:20:47.414Z
HFCL,HFCL,NSE EQ,141.15,-5.09,-3.48,146,146.95,137.8,146.24,71352732,71352732,,,,,,,,,,,29.86,46,NEUTRAL,kite:2026-05-08,2026-05-08T12:20:47.414Z
HGINFRA,H.G.INFRA ENGINEERING,NSE EQ,626.65,-2.25,-0.36,627.95,636.95,622.1,628.9,114167,114167,,,,,,,,,,,51.86,50,NEUTRAL,kite:2026-05-08,2026-05-08T12:20:47.414Z
HGM,HANDSON GBL MNGMNT,NSE EQ,61.42,0.14,0.23,61,62.99,60.5,61.28,3865,3865,,,,,,,,,,,67.09,50,NEUTRAL,kite:2026-05-08,2026-05-08T12:20:47.414Z
HGS,HINDUJA GLOBAL SOLS.,NSE EQ,446,24,5.69,422,448.6,419.55,422,84802,84802,,,,,,,,,,,45.34,54,NEUTRAL,kite:2026-05-08,2026-05-08T12:20:47.414Z
HIGREEN-SM,HI GREEN CARBON,NSE EQ,144.7,7.95,5.81,138,145,138,136.75,47200,47200,,,,,,,,,,,,54,NEUTRAL,kite:2026-05-08,2026-05-08T12:20:47.414Z
HIKAL,HIKAL,NSE EQ,210.75,-2.15,-1.01,212.95,218,210.09,212.9,344225,344225,,,,,,,,,,,42.54,50,NEUTRAL,kite:2026-05-08,2026-05-08T12:20:47.414Z
HILINFRA-BE,HIGHWAY INFRASTRUCTURE L,NSE EQ,53.34,0.62,1.18,52.7,53.99,50.75,52.72,64159,64159,,,,,,,,,,,,50,NEUTRAL,kite:2026-05-08,2026-05-08T12:20:47.414Z
HILTON,HILTON METAL FORGING,NSE EQ,23.62,-0.47,-1.95,24.5,24.5,23.38,24.09,261911,261911,,,,,,,,,,,60.49,50,NEUTRAL,kite:2026-05-08,2026-05-08T12:20:47.414Z
HIMATSEIDE,HIMATSINGKA SEIDE,NSE EQ,85.48,-1.38,-1.59,87.4,88.2,85.37,86.86,1373248,1373248,,,,,,,,,,,64.38,50,NEUTRAL,kite:2026-05-08,2026-05-08T12:20:47.414Z
HINDALCO,Hindalco Industries Limited,NSE EQ,1044.4,-11.3,-1.07,1048.4,1058,1035.3,1055.7,3065690,3065690,1080,603.75,,1027.95,985.55,939.07,852.11,58.66,24.07,0.58,58.91,66,BUY,kite:2026-05-08,2026-05-08T12:20:47.414Z
HINDCOMPOS,HINDUSTAN COMPOSITES,NSE EQ,462.25,-9.15,-1.94,476,477,456.1,471.4,7300,7300,,,,,,,,,,,36.68,50,NEUTRAL,kite:2026-05-08,2026-05-08T12:20:47.414Z
HINDCON-BE,HINDCON CHEMICALS,NSE EQ,23.85,0.5,2.14,23.35,24,23.22,23.35,27948,27948,,,,,,,,,,,,50,NEUTRAL,kite:2026-05-08,2026-05-08T12:20:47.414Z
HINDCOPPER,Hindustan Copper Limited,NSE EQ,569.2,0.6,0.11,570,575,559.1,568.6,5071226,5071226,760.05,198,,544.85,535.29,506.84,419.7,60.01,18.13,0.97,28.76,66,BUY,kite:2026-05-08,2026-05-08T12:20:47.414Z
HINDOILEXP,HINDUSTAN OIL EXPLORATION,NSE EQ,164.19,-0.02,-0.01,165,168.74,162.2,164.21,868289,868289,,,,,,,,,,,40.86,50,NEUTRAL,kite:2026-05-08,2026-05-08T12:20:47.414Z
HINDPETRO,HINDUSTAN PETROLEUM CORP,NSE EQ,387,-9.5,-2.4,393.5,395.1,385,396.5,7720086,7720086,,,,,,,,,,,59.71,50,NEUTRAL,kite:2026-05-08,2026-05-08T12:20:47.414Z
HINDUNILVR,Hindustan Unilever Limited,NSE EQ,2287.7,15.5,0.68,2272.2,2297.3,2256,2272.2,1104526,1104526,2750,2022.5,,2265.88,2250.13,2283.75,2347.09,54.28,62.35,0.49,58.01,62,BUY,kite:2026-05-08,2026-05-08T12:20:47.414Z
HINDWAREAP,HINDWARE HME INOVATON,NSE EQ,236.13,-8.49,-3.47,245,245,233.7,244.62,87346,87346,,,,,,,,,,,64.59,46,NEUTRAL,kite:2026-05-08,2026-05-08T12:20:47.414Z
HINDZINC,Hindustan Zinc Limited,NSE EQ,635.1,-1.45,-0.23,634.75,642.5,629.15,636.55,3564594,3564594,733,398,,601.55,586.8,574.62,530.2,65.07,17.9,0.54,41.73,66,BUY,kite:2026-05-08,2026-05-08T12:20:47.414Z
HIRECT,HIND RECTIFIER,NSE EQ,935.2,-13.25,-1.4,948.4,956.9,930.1,948.45,64688,64688,,,,,,,,,,,52.03,50,NEUTRAL,kite:2026-05-08,2026-05-08T12:20:47.414Z
HISARMETAL,HISAR METAL IND.,NSE EQ,155.55,-3.1,-1.95,158.65,159.55,151.4,158.65,2279,2279,,,,,,,,,,,68.19,50,NEUTRAL,kite:2026-05-08,2026-05-08T12:20:47.414Z
HITECH,HI-TECH PIPES,NSE EQ,90.59,-1.24,-1.35,91.83,92.54,90.1,91.83,771135,771135,,,,,,,,,,,52.35,50,NEUTRAL,kite:2026-05-08,2026-05-08T12:20:47.414Z
HITECHCORP,HITECH CORPORATION,NSE EQ,140.6,-7.01,-4.75,146.3,151.5,139.05,147.61,37324,37324,,,,,,,,,,,51.44,46,NEUTRAL,kite:2026-05-08,2026-05-08T12:20:47.414Z
HITECHGEAR-BE,THE HI-TECH GEARS,NSE EQ,614,-0.8,-0.13,613,614,596.1,614.8,573,573,,,,,,,,,,,,50,NEUTRAL,kite:2026-05-08,2026-05-08T12:20:47.414Z
HLEGLAS,HLE GLASCOAT,NSE EQ,352.65,-6.2,-1.73,356.4,362.5,350.1,358.85,85158,85158,,,,,,,,,,,57.72,50,NEUTRAL,kite:2026-05-08,2026-05-08T12:20:47.414Z
HLVLTD,HLV,NSE EQ,9.05,0.16,1.8,8.99,9.25,8.88,8.89,342216,342216,,,,,,,,,,,67.37,50,NEUTRAL,kite:2026-05-08,2026-05-08T12:20:47.414Z
HMAAGRO,HMA AGRO INDUSTRIES,NSE EQ,24.57,-0.08,-0.32,24.87,24.87,24.33,24.65,165852,165852,,,,,,,,,,,59.51,50,NEUTRAL,kite:2026-05-08,2026-05-08T12:20:47.414Z
HMT-BZ,HMT -,NSE EQ,61.13,-0.92,-1.48,60.1,63.8,60.1,62.05,20664,20664,,,,,,,,,,,,50,NEUTRAL,kite:2026-05-08,2026-05-08T12:20:47.414Z
HMVL,HINDUSTAN MEDIA VENT,NSE EQ,66.54,-0.07,-0.11,67.49,67.5,65.61,66.61,1869,1869,,,,,,,,,,,70.36,50,NEUTRAL,kite:2026-05-08,2026-05-08T12:20:47.414Z
HNDFDS,HINDUSTAN FOODS,NSE EQ,545.1,-2.55,-0.47,546.15,547.95,535.05,547.65,40579,40579,,,,,,,,,,,55.43,50,NEUTRAL,kite:2026-05-08,2026-05-08T12:20:47.414Z
HNGSNGBEES,NIPPON INDIA ETF HANG SENG BEES,NSE EQ,528.92,-2.64,-0.5,533.12,533.12,525,531.56,107432,107432,,,,,,,,,,,56,50,NEUTRAL,kite:2026-05-08,2026-05-08T12:20:47.414Z
HOACFOODS-SM,HOAC FOODS INDIA,NSE EQ,508.65,24.2,5,508.65,508.65,490,484.45,3375,3375,,,,,,,,,,,,54,NEUTRAL,kite:2026-05-08,2026-05-08T12:20:47.414Z
HOLMARC-SM,HOLMARC OPTO MECHATRO L,NSE EQ,102.6,0.95,0.93,99.65,102.6,99.65,101.65,5250,5250,,,,,,,,,,,,50,NEUTRAL,kite:2026-05-08,2026-05-08T12:20:47.414Z
HOMEFIRST,HOME FIRST FIN CO IND,NSE EQ,1200.3,-17.2,-1.41,1215,1215.6,1190,1217.5,148116,148116,,,,,,,,,,,47.62,50,NEUTRAL,kite:2026-05-08,2026-05-08T12:20:47.414Z
HOMESFY-SM,HOMESFY REALTY,NSE EQ,120.05,5.7,4.98,118.3,120.05,114.4,114.35,4200,4200,,,,,,,,,,,,54,NEUTRAL,kite:2026-05-08,2026-05-08T12:20:47.414Z
HONASA,HONASA CONSUMER - MAMAEARTH,NSE EQ,359.25,4.65,1.31,357.9,362.8,352.45,354.6,917487,917487,,,,,,,,,,,54.96,50,NEUTRAL,kite:2026-05-08,2026-05-08T12:20:47.414Z
HONAUT,HONEYWELL AUTOMATION IND,NSE EQ,30170,-435,-1.42,30650,30885,30110,30605,2514,2514,,,,,,,,,,,53.26,50,NEUTRAL,kite:2026-05-08,2026-05-08T12:20:47.414Z
HONDAPOWER,HONDA I POWER PRODUCT,NSE EQ,2297.6,-16.7,-0.72,2315,2325.8,2290,2314.3,1697,1697,,,,,,,,,,,52.92,50,NEUTRAL,kite:2026-05-08,2026-05-08T12:20:47.414Z
HPAL,HP ADHESIVES,NSE EQ,43.8,3.51,8.71,40.29,44.25,39.3,40.29,260021,260021,,,,,,,,,,,57.59,54,NEUTRAL,kite:2026-05-08,2026-05-08T12:20:47.414Z
HPIL,HINDPRAKASH INDUSTRY,NSE EQ,137.77,-1.67,-1.2,139.03,142.25,137.41,139.44,1799,1799,,,,,,,,,,,67.93,50,NEUTRAL,kite:2026-05-08,2026-05-08T12:20:47.414Z
HPL,HPL ELECTRIC & POWER,NSE EQ,387.95,3.55,0.92,386.3,393.55,376.2,384.4,475807,475807,,,,,,,,,,,38.26,50,NEUTRAL,kite:2026-05-08,2026-05-08T12:20:47.414Z
HPTL-SM,HP TELECOM INDIA,NSE EQ,263,0,0,0,263,262.95,263,0,0,,,,,,,,,,,,50,NEUTRAL,kite:2026-05-08,2026-05-08T12:20:47.414Z
HRHNEXT-SM,HRH NEXT SERVICES,NSE EQ,30.25,0,0,0,32.5,30.25,30.25,0,0,,,,,,,,,,,,50,NEUTRAL,kite:2026-05-08,2026-05-08T12:20:47.414Z
HSBCGOLD,HSBCAMC - HSBCGOLD,NSE EQ,130.85,0.22,0.17,131.28,132,129,130.63,1300,1300,,,,,,,,,,,74.08,50,NEUTRAL,kite:2026-05-08,2026-05-08T12:20:47.414Z
HSCL,HIMADRI SPECIALITY CHEM L,NSE EQ,637.65,22.75,3.7,618,646.9,611.1,614.9,12389012,12389012,,,,,,,,,,,11.35,54,NEUTRAL,kite:2026-05-08,2026-05-08T12:20:47.414Z
HSM250INAV-RL,HSM250INAV-RL,NSE EQ,1,0,0,1,1,0.9,1,0,0,,,,,,,,,,,,50,NEUTRAL,kite:2026-05-08,2026-05-08T12:20:47.414Z
HTMEDIA,HT MEDIA,NSE EQ,22.39,0.1,0.45,22.14,22.55,21.55,22.29,59320,59320,,,,,,,,,,,75.67,50,NEUTRAL,kite:2026-05-08,2026-05-08T12:20:47.414Z
HUBTOWN,HUBTOWN,NSE EQ,226.51,7.85,3.59,219,228,216.45,218.66,1704770,1704770,,,,,,,,,,,50.64,54,NEUTRAL,kite:2026-05-08,2026-05-08T12:20:47.414Z
HUDCO,HSG & URBAN DEV CORPN,NSE EQ,231.98,3.97,1.74,226.8,235.5,225.36,228.01,8461676,8461676,,,,,,,,,,,34.06,50,NEUTRAL,kite:2026-05-08,2026-05-08T12:20:47.414Z
HUHTAMAKI,HUHTAMAKI INDIA,NSE EQ,181.83,-4.54,-2.44,184.48,185.8,181,186.37,218585,218585,,,,,,,,,,,60.69,50,NEUTRAL,kite:2026-05-08,2026-05-08T12:20:47.414Z
HVAX-SM,HVAX TECHNOLOGIES,NSE EQ,805,-38.75,-4.59,805,805,805,843.75,300,300,,,,,,,,,,,,46,NEUTRAL,kite:2026-05-08,2026-05-08T12:20:47.414Z
HYBRIDFIN,HYBRID FINANCIAL SERVICE,NSE EQ,19.64,0,0,19.65,21.4,19.18,19.64,21074,21074,,,,,,,,,,,48.16,50,NEUTRAL,kite:2026-05-08,2026-05-08T12:20:47.414Z
HYUNDAI,HYUNDAI MOTOR INDIA,NSE EQ,1852.8,17,0.93,1844,1863.9,1830,1835.8,846450,846450,,,,,,,,,,,41,50,NEUTRAL,kite:2026-05-08,2026-05-08T12:20:47.414Z
IBLFL-SM,IBL FINANCE,NSE EQ,63.65,-3.35,-5,63.65,63.65,63.65,67,24000,24000,,,,,,,,,,,,46,NEUTRAL,kite:2026-05-08,2026-05-08T12:20:47.414Z
IBULLSLTD,INDIABULLS,NSE EQ,19.93,-0.07,-0.35,20.08,21,19.8,20,25431240,25431240,,,,,,,,,,,56.15,50,NEUTRAL,kite:2026-05-08,2026-05-08T12:20:47.414Z
ICDSLTD-BE,ICDSLTD,NSE EQ,47,0.1,0.21,44.65,47,44.61,46.9,523,523,,,,,,,,,,,,50,NEUTRAL,kite:2026-05-08,2026-05-08T12:20:47.414Z
ICEMAKE,ICE MAKE REFRIGERAT,NSE EQ,794,0.25,0.03,790.6,822,788.05,793.75,40726,40726,,,,,,,,,,,41.76,50,NEUTRAL,kite:2026-05-08,2026-05-08T12:20:47.414Z
ICICIAMC,ICICI PRUDENTIAL AMC,NSE EQ,3233.1,-68.6,-2.08,3301.7,3306,3216,3301.7,187466,187466,,,,,,,,,,,56.09,50,NEUTRAL,kite:2026-05-08,2026-05-08T12:20:47.414Z
ICICIB22,BHARAT 22 ETF,NSE EQ,122.91,-1.41,-1.13,124.74,124.74,122.65,124.32,524033,524033,,,,,,,,,,,74.54,50,NEUTRAL,kite:2026-05-08,2026-05-08T12:20:47.414Z
ICICIBANK,ICICI Bank Limited,NSE EQ,1264.8,-14.2,-1.11,1279.6,1279.6,1261.2,1279,11137424,11137424,1500,1187.6,,1290.84,1307.74,1331.26,1363.45,42.79,23.57,0.59,68.01,34,SELL,kite:2026-05-08,2026-05-08T12:20:47.414Z
ICICIGI,ICICI Lombard General Insurance Company Limited,NSE EQ,1828,-22.2,-1.2,1858,1861.2,1792.3,1850.2,1151253,1151253,2068.7,1629.5,,1799.12,1816.81,1849.79,1881.85,55.38,45.32,1.82,72.73,48,NEUTRAL,kite:2026-05-08,2026-05-08T12:20:47.414Z
ICICIPRULI,ICICI Prudential Life Insurance Company Limited,NSE EQ,567.25,4.35,0.77,565.95,572,557.85,562.9,1641427,1641427,706.8,491.45,,542.29,562.82,587.24,602.23,60,15.23,0.9,57.16,54,NEUTRAL,kite:2026-05-08,2026-05-08T12:20:47.414Z
ICIL,INDO COUNT INDUSTRIES,NSE EQ,306,14.9,5.12,290,311.85,290,291.1,1215194,1215194,,,,,,,,,,,32.5,54,NEUTRAL,kite:2026-05-08,2026-05-08T12:20:47.414Z
ICRA,ICRA,NSE EQ,5456,48.5,0.9,5474.5,5480,5390,5407.5,3466,3466,,,,,,,,,,,59.49,50,NEUTRAL,kite:2026-05-08,2026-05-08T12:20:47.414Z
IDBI,IDBI BANK,NSE EQ,74.72,-1.04,-1.37,75.5,75.68,74.52,75.76,4127892,4127892,,,,,,,,,,,54.25,50,NEUTRAL,kite:2026-05-08,2026-05-08T12:20:47.414Z
IDEA,Vodafone Idea Limited,NSE EQ,11.24,0.01,0.09,11.17,11.44,11.01,11.23,552801225,552801225,12.8,6.12,,10.21,10,9.97,9.16,75.63,0.42,1.26,21.98,54,NEUTRAL,kite:2026-05-08,2026-05-08T12:20:47.414Z
IDEAFORGE,IDEAFORGE TECHNO,NSE EQ,814.15,21.9,2.76,795,832,758.45,792.25,2928289,2928289,,,,,,,,,,,19.46,50,NEUTRAL,kite:2026-05-08,2026-05-08T12:20:47.414Z
IDEALTECHO-SM,IDEAL TECHNOPLAST IND,NSE EQ,187.05,0,0,0,187.05,187,187.05,0,0,,,,,,,,,,,,50,NEUTRAL,kite:2026-05-08,2026-05-08T12:20:47.414Z
IDENTICAL-ST,IDENTICAL BRAINS STUDIO L,NSE EQ,18.9,0.9,5,18.9,18.9,18.9,18,6000,6000,,,,,,,,,,,,54,NEUTRAL,kite:2026-05-08,2026-05-08T12:20:47.414Z
IDFCFIRSTB,IDFC First Bank Limited,NSE EQ,71.27,0.88,1.25,70.39,71.45,69.91,70.39,21083557,21083557,87,58.08,,68.57,69.35,72,72.24,60.96,1.67,0.97,42.41,54,NEUTRAL,kite:2026-05-08,2026-05-08T12:20:47.414Z
IDFNIFTYET,BANDHAN NIFTY 50 ETF,NSE EQ,265.75,-1.67,-0.62,266.49,266.49,265.17,267.42,1823,1823,,,,,,,,,,,77.13,50,NEUTRAL,kite:2026-05-08,2026-05-08T12:20:47.414Z
IEML-SM,INDIAN EMULSIFIERS,NSE EQ,82,-0.8,-0.97,82,83,79.5,82.8,15000,15000,,,,,,,,,,,,50,NEUTRAL,kite:2026-05-08,2026-05-08T12:20:47.414Z
IEX,Indian Energy Exchange Limited,NSE EQ,134.12,0.31,0.23,134.15,134.82,132.6,133.81,5502299,5502299,215.4,114.6,,127.94,126.99,130.58,142.93,63.41,3.06,0.62,40.85,66,BUY,kite:2026-05-08,2026-05-08T12:20:47.414Z
IFBAGRO,IFB AGRO INDUSTRIES,NSE EQ,1097.8,20.25,1.88,1079,1134.05,1079,1077.55,39806,39806,,,,,,,,,,,33.21,50,NEUTRAL,kite:2026-05-08,2026-05-08T12:20:47.414Z
IFBIND,IFB INDUSTRIES,NSE EQ,1188.6,-21.2,-1.75,1213.9,1213.9,1181.5,1209.8,42819,42819,,,,,,,,,,,66.62,50,NEUTRAL,kite:2026-05-08,2026-05-08T12:20:47.414Z
IFCI,IFCI,NSE EQ,64.45,0.57,0.89,64.25,66,63.75,63.88,49212170,49212170,,,,,,,,,,,26.86,50,NEUTRAL,kite:2026-05-08,2026-05-08T12:20:47.414Z
IFGLEXPOR,IFGL REFRACTORIES,NSE EQ,189.32,1.09,0.58,188.23,192,185,188.23,47872,47872,,,,,,,,,,,49.67,50,NEUTRAL,kite:2026-05-08,2026-05-08T12:20:47.414Z
IGARASHI,IGARASHI MOTORS INDIA,NSE EQ,435.5,37.95,9.55,399.7,442.3,398.5,397.55,934692,934692,,,,,,,,,,,30.17,54,NEUTRAL,kite:2026-05-08,2026-05-08T12:20:47.414Z
IGCL,INDOGULF CROPSCIENCES,NSE EQ,69.18,-1.35,-1.91,71.6,73.5,68.79,70.53,145243,145243,,,,,,,,,,,49.02,50,NEUTRAL,kite:2026-05-08,2026-05-08T12:20:47.414Z
IGIL,INTL GEMOLOGICAL INST,NSE EQ,354.25,-9.9,-2.72,363.85,363.85,351.55,364.15,442504,442504,,,,,,,,,,,50.1,50,NEUTRAL,kite:2026-05-08,2026-05-08T12:20:47.414Z
IGL,INDRAPRASTHA GAS,NSE EQ,165.99,-3.85,-2.27,168.95,168.95,165.08,169.84,3164858,3164858,,,,,,,,,,,47.29,50,NEUTRAL,kite:2026-05-08,2026-05-08T12:20:47.414Z
IGPL,I G PETROCHEMICALS,NSE EQ,465.35,4.4,0.95,454.05,469,452,460.95,41864,41864,,,,,,,,,,,59.51,50,NEUTRAL,kite:2026-05-08,2026-05-08T12:20:47.414Z
IHF261224-N1,IHF261224-N1,NSE EQ,1090,0,0,0,1090,1090,1090,0,0,,,,,,,,,,,,50,NEUTRAL,kite:2026-05-08,2026-05-08T12:20:47.414Z
IHF261224A-N1,IHF261224A-N1,NSE EQ,1000,0,0,0,1000,1000,1000,0,0,,,,,,,,,,,,50,NEUTRAL,kite:2026-05-08,2026-05-08T12:20:47.414Z
IHFL261224-N1,IHFL261224-N1,NSE EQ,1096.55,0,0,0,1096.55,1096.55,1096.55,0,0,,,,,,,,,,,,50,NEUTRAL,kite:2026-05-08,2026-05-08T12:20:47.414Z
IIFL,IIFL FINANCE,NSE EQ,461.3,-2.9,-0.62,464.2,471.4,459.2,464.2,1416179,1416179,,,,,,,,,,,46.51,50,NEUTRAL,kite:2026-05-08,2026-05-08T12:20:47.414Z
IIFL060326-YA,IIFL060326-YA,NSE EQ,964,0,0,0,1014,962,964,0,0,,,,,,,,,,,,50,NEUTRAL,kite:2026-05-08,2026-05-08T12:20:47.414Z
IIFL06326-YC,IIFL06326-YC,NSE EQ,997,7,0.71,970.2,997,951,990,40,40,,,,,,,,,,,,50,NEUTRAL,kite:2026-05-08,2026-05-08T12:20:47.414Z
IIFL210425-NW,IIFL210425-NW,NSE EQ,1092.8,10,0.92,1092.8,1092.8,1092.8,1082.8,5,5,,,,,,,,,,,,50,NEUTRAL,kite:2026-05-08,2026-05-08T12:20:47.414Z
IIFL21425-NY,IIFL21425-NY,NSE EQ,1075,0,0,0,1075,1075,1075,0,0,,,,,,,,,,,,50,NEUTRAL,kite:2026-05-08,2026-05-08T12:20:47.414Z
IIFL21425A-Y1,IIFL21425A-Y1,NSE EQ,1070,0,0,0,1070,1070,1070,0,0,,,,,,,,,,,,50,NEUTRAL,kite:2026-05-08,2026-05-08T12:20:47.414Z
IIFL60326-YB,IIFL60326-YB,NSE EQ,1009,0,0,0,1009,941,1009,0,0,,,,,,,,,,,,50,NEUTRAL,kite:2026-05-08,2026-05-08T12:20:47.414Z
IIFLCAPS,IIFL CAPITAL SERVICES,NSE EQ,356.3,5.85,1.67,355,368.4,347.75,350.45,1935240,1935240,,,,,,,,,,,52.35,50,NEUTRAL,kite:2026-05-08,2026-05-08T12:20:47.414Z
IIFLHF29-NE,IIFLHF29-NE,NSE EQ,1270.5,0,0,0,1270.5,1270.5,1270.5,0,0,,,,,,,,,,,,50,NEUTRAL,kite:2026-05-08,2026-05-08T12:20:47.414Z
IIFLHFZC27-NB,IIFLHFZC27-NB,NSE EQ,1383.01,0,0,0,1383.01,1383.01,1383.01,0,0,,,,,,,,,,,,50,NEUTRAL,kite:2026-05-08,2026-05-08T12:20:47.414Z
IIFLZC26-NN,IIFLZC26-NN,NSE EQ,1459.97,0,0,0,1460,1459.11,1459.97,0,0,,,,,,,,,,,,50,NEUTRAL,kite:2026-05-08,2026-05-08T12:20:47.414Z
IIFLZC26B-NY,IIFLZC26B-NY,NSE EQ,1256,-14,-1.1,1256,1256,1256,1270,340,340,,,,,,,,,,,,50,NEUTRAL,kite:2026-05-08,2026-05-08T12:20:47.414Z
IIFLZC28-NG,IIFLZC28-NG,NSE EQ,1609.48,0,0,1609.48,1609.48,1609.48,1609.48,2,2,,,,,,,,,,,,50,NEUTRAL,kite:2026-05-08,2026-05-08T12:20:47.414Z
IIFLZC28A-NU,IIFLZC28A-NU,NSE EQ,1265.3,0,0,0,1265.3,1265.3,1265.3,0,0,,,,,,,,,,,,50,NEUTRAL,kite:2026-05-08,2026-05-08T12:20:47.414Z
IIFLZC28B-Y1,IIFLZC28B-Y1,NSE EQ,1237.84,0.31,0.03,1237.84,1237.84,1237.84,1237.53,100,100,,,,,,,,,,,,50,NEUTRAL,kite:2026-05-08,2026-05-08T12:20:47.414Z
IIFLZC28C-N6,IIFLZC28C-N6,NSE EQ,1558.31,1.13,0.07,1558.31,1558.31,1558.31,1557.18,100,100,,,,,,,,,,,,50,NEUTRAL,kite:2026-05-08,2026-05-08T12:20:47.414Z
IITL,INDUSTRIAL INV TRUST,NSE EQ,160.47,-2.36,-1.45,164.3,167.44,159.1,162.83,92232,92232,,,,,,,,,,,10.84,50,NEUTRAL,kite:2026-05-08,2026-05-08T12:20:47.414Z
IKIO,IKIO TECHNOLOGIES,NSE EQ,177.98,4.72,2.72,174.7,181.9,169.61,173.26,698413,698413,,,,,,,,,,,25.03,50,NEUTRAL,kite:2026-05-08,2026-05-08T12:20:47.414Z
IKS,INVENTURUS KNOWLEDGE SO L,NSE EQ,1696.4,0.7,0.04,1695.7,1714.6,1683,1695.7,70505,70505,,,,,,,,,,,40.71,50,NEUTRAL,kite:2026-05-08,2026-05-08T12:20:47.414Z
IL&FSENGG-BZ,IL&FS ENG AND CONS CO,NSE EQ,28.34,0.24,0.85,28.1,29.48,27.5,28.1,13888,13888,,,,,,,,,,,,50,NEUTRAL,kite:2026-05-08,2026-05-08T12:20:47.414Z
IL&FSTRANS-BZ,IL&FS TRANS NET,NSE EQ,2.58,0.11,4.45,2.59,2.59,2.53,2.47,55962,55962,,,,,,,,,,,,54,NEUTRAL,kite:2026-05-08,2026-05-08T12:20:47.414Z
IMAGICAA,IMAGICAAWORLD ENT,NSE EQ,46.85,-0.52,-1.1,47.3,47.66,46.6,47.37,213034,213034,,,,,,,,,,,67.31,50,NEUTRAL,kite:2026-05-08,2026-05-08T12:20:47.414Z
IMC1-N1,IMC1-N1,NSE EQ,253,-1,-0.39,253,253,253,254,10,10,,,,,,,,,,,,50,NEUTRAL,kite:2026-05-08,2026-05-08T12:20:47.414Z
IMC1-N2,IMC1-N2,NSE EQ,252,-0.92,-0.36,252.92,252.92,252,252.92,10,10,,,,,,,,,,,,50,NEUTRAL,kite:2026-05-08,2026-05-08T12:20:47.414Z
IMC1-N3,IMC1-N3,NSE EQ,254.93,-4.05,-1.56,261.75,261.75,250.1,258.98,42,42,,,,,,,,,,,,50,NEUTRAL,kite:2026-05-08,2026-05-08T12:20:47.414Z
IMFA,INDIAN METALS & FERRO,NSE EQ,1548.1,80.6,5.49,1468.9,1579.5,1458.2,1467.5,473123,473123,,,,,,,,,,,33.34,54,NEUTRAL,kite:2026-05-08,2026-05-08T12:20:47.414Z
IMPAL,IND MOTOR PART & ACC,NSE EQ,1022.1,0.5,0.05,1021.6,1064.9,1019,1021.6,16641,16641,,,,,,,,,,,28.23,50,NEUTRAL,kite:2026-05-08,2026-05-08T12:20:47.414Z
IMPEXFERRO-BZ,IMPEX FERRO TECH,NSE EQ,1.67,-0.02,-1.18,1.73,1.73,1.64,1.69,16611,16611,,,,,,,,,,,,50,NEUTRAL,kite:2026-05-08,2026-05-08T12:20:47.414Z
INA,INSOLATION ENERGY,NSE EQ,138.62,-0.2,-0.14,139.9,142.9,137,138.82,797342,797342,,,,,,,,,,,53.33,50,NEUTRAL,kite:2026-05-08,2026-05-08T12:20:47.414Z
INCREDIBLE,INCREDIBLE INDUSTRIES,NSE EQ,37.34,2.37,6.78,35.98,38.6,35.1,34.97,55340,55340,,,,,,,,,,,74.47,54,NEUTRAL,kite:2026-05-08,2026-05-08T12:20:47.414Z
INDBANK,INDBANK MERCH BANK,NSE EQ,34.58,-0.64,-1.82,35.49,35.49,34.5,35.22,39902,39902,,,,,,,,,,,74.11,50,NEUTRAL,kite:2026-05-08,2026-05-08T12:20:47.414Z
INDGN,INDEGENE,NSE EQ,530,-1.4,-0.26,531.4,535,528.1,531.4,155892,155892,,,,,,,,,,,61.54,50,NEUTRAL,kite:2026-05-08,2026-05-08T12:20:47.414Z
INDHOTEL,THE INDIAN HOTELS CO.,NSE EQ,673.05,3.95,0.59,670.45,678.5,663.15,669.1,1914787,1914787,,,,,,,,,,,52.3,50,NEUTRAL,kite:2026-05-08,2026-05-08T12:20:47.414Z
INDIACEM,THE INDIA CEMENTS,NSE EQ,408.8,-2.5,-0.61,412.45,413.8,404.8,411.3,118904,118904,,,,,,,,,,,40.31,50,NEUTRAL,kite:2026-05-08,2026-05-08T12:20:47.414Z
INDIAGLYCO,INDIA GLYCOLS,NSE EQ,1150.4,10.1,0.89,1145,1175.2,1127,1140.3,309332,309332,,,,,,,,,,,48.44,50,NEUTRAL,kite:2026-05-08,2026-05-08T12:20:47.414Z
INDIAMART,INDIAMART INTERMESH,NSE EQ,2091.8,0.8,0.04,2104.9,2122.2,2075,2091,52221,52221,,,,,,,,,,,50.08,50,NEUTRAL,kite:2026-05-08,2026-05-08T12:20:47.414Z
INDIANB,INDIAN BANK,NSE EQ,865.55,4.8,0.56,857.05,867.9,848,860.75,3357826,3357826,,,,,,,,,,,52.54,50,NEUTRAL,kite:2026-05-08,2026-05-08T12:20:47.414Z
INDIANCARD,INDIAN CARD CLOTHING CO.,NSE EQ,209.04,3.83,1.87,205,211.89,205,205.21,1614,1614,,,,,,,,,,,84.94,50,NEUTRAL,kite:2026-05-08,2026-05-08T12:20:47.414Z
INDIANHUME,INDIAN HUME PIPE CO.,NSE EQ,340.8,-3.4,-0.99,344.55,345.6,334.35,344.2,55352,55352,,,,,,,,,,,46.88,50,NEUTRAL,kite:2026-05-08,2026-05-08T12:20:47.414Z
INDIASHLTR,INDIA SHELTER FIN CORP L,NSE EQ,836.3,-3.7,-0.44,838,853.95,833,840,160370,160370,,,,,,,,,,,70.61,50,NEUTRAL,kite:2026-05-08,2026-05-08T12:20:47.414Z
INDIFRA-SM,INDIFRA,NSE EQ,13,0,0,0,13,13,13,0,0,,,,,,,,,,,,50,NEUTRAL,kite:2026-05-08,2026-05-08T12:20:47.414Z
INDIGO,InterGlobe Aviation Limited,NSE EQ,4522.7,15.8,0.35,4488,4545.8,4465.7,4506.9,827316,827316,6232.5,3895.2,,4449.52,4509.42,4711.79,5075.93,53.15,146.23,0.53,46.34,50,NEUTRAL,kite:2026-05-08,2026-05-08T12:20:47.414Z
INDIGOPNTS,INDIGO PAINTS,NSE EQ,974.15,49.45,5.35,920.45,980,915,924.7,344453,344453,,,,,,,,,,,38.34,54,NEUTRAL,kite:2026-05-08,2026-05-08T12:20:47.414Z
INDIGRID-IV,INDIGRID INFRASTRUCT TRST,NSE EQ,173.74,0.31,0.18,173.1,174.18,173.1,173.43,354309,354309,,,,,,,,,,,,50,NEUTRAL,kite:2026-05-08,2026-05-08T12:20:47.414Z
INDIQUBE,INDIQUBE SPACES,NSE EQ,168.93,-3.72,-2.15,173.21,174.29,166.54,172.65,62762,62762,,,,,,,,,,,59.13,50,NEUTRAL,kite:2026-05-08,2026-05-08T12:20:47.414Z
INDNIPPON,INDIA NIPPON ELECT,NSE EQ,818.5,7.65,0.94,818.05,825,805,810.85,23465,23465,,,,,,,,,,,56.2,50,NEUTRAL,kite:2026-05-08,2026-05-08T12:20:47.414Z
INDOAMIN,INDO AMINES,NSE EQ,123.04,0.82,0.67,121.61,125.8,121.01,122.22,102269,102269,,,,,,,,,,,50.93,50,NEUTRAL,kite:2026-05-08,2026-05-08T12:20:47.414Z
INDOBORAX,INDO BORAX & CHEMICAL,NSE EQ,271.2,2.45,0.91,270,278.1,267.6,268.75,40976,40976,,,,,,,,,,,66.01,50,NEUTRAL,kite:2026-05-08,2026-05-08T12:20:47.414Z
INDOCO,INDOCO REMEDIES,NSE EQ,227.91,-22.74,-9.07,242,242,226.75,250.65,287884,287884,,,,,,,,,,,44.6,46,NEUTRAL,kite:2026-05-08,2026-05-08T12:20:47.414Z
INDOFARM,INDO FARM EQUIPMENT,NSE EQ,148.4,-1.17,-0.78,150,150.77,147.09,149.57,124310,124310,,,,,,,,,,,44.68,50,NEUTRAL,kite:2026-05-08,2026-05-08T12:20:47.414Z
INDORAMA,INDO RAMA SYNTHETICS,NSE EQ,39.29,-0.11,-0.28,38.6,39.59,38.6,39.4,59084,59084,,,,,,,,,,,62.56,50,NEUTRAL,kite:2026-05-08,2026-05-08T12:20:47.414Z
INDOSTAR,INDOSTAR CAPITAL FIN,NSE EQ,219.64,-5.91,-2.62,224.01,225.39,218,225.55,205141,205141,,,,,,,,,,,45.87,50,NEUTRAL,kite:2026-05-08,2026-05-08T12:20:47.414Z
INDOTECH,INDO TECH TRANSFORM,NSE EQ,2835.9,135,5,2748,2835.9,2720.5,2700.9,46971,46971,,,,,,,,,,,75.45,54,NEUTRAL,kite:2026-05-08,2026-05-08T12:20:47.414Z
INDOTHAI,INDO THAI SEC,NSE EQ,297.05,-8.7,-2.85,320,320,291.1,305.75,1777778,1777778,,,,,,,,,,,35.54,50,NEUTRAL,kite:2026-05-08,2026-05-08T12:20:47.414Z
INDOUS,INDO US BIOTECH,NSE EQ,111.96,-0.62,-0.55,112.55,114,110.3,112.58,13927,13927,,,,,,,,,,,55.42,50,NEUTRAL,kite:2026-05-08,2026-05-08T12:20:47.414Z
INDOWIND-BE,INDOWIND ENERGY,NSE EQ,10.58,-0.1,-0.94,10.56,10.7,10.4,10.68,128645,128645,,,,,,,,,,,,50,NEUTRAL,kite:2026-05-08,2026-05-08T12:20:47.414Z
INDPRUD,INDUSTRIAL & PRU INV CO L,NSE EQ,6850,7,0.1,6950,6950,6850,6843,3,3,,,,,,,,,,,66.67,50,NEUTRAL,kite:2026-05-08,2026-05-08T12:20:47.414Z
INDRAMEDCO,INDRAPRASTHA MEDICAL CORP,NSE EQ,425.3,8.8,2.11,417,434,416.5,416.5,568232,568232,,,,,,,,,,,41.65,50,NEUTRAL,kite:2026-05-08,2026-05-08T12:20:47.414Z
INDSWFTLAB,IND SWIFT LABORATORIES LT,NSE EQ,138.16,-1.59,-1.14,139.1,140.84,136.86,139.75,450173,450173,,,,,,,,,,,40.81,50,NEUTRAL,kite:2026-05-08,2026-05-08T12:20:47.414Z
INDTERRAIN,IND TERRAIN FASHIONS,NSE EQ,32.01,-0.23,-0.71,32.3,32.68,31.3,32.24,8429,8429,,,,,,,,,,,83.03,50,NEUTRAL,kite:2026-05-08,2026-05-08T12:20:47.414Z
INDUSINDBK,IndusInd Bank Limited,NSE EQ,950.75,3.8,0.4,946,957.9,940.5,946.95,1604266,1604266,968.85,710.6,,893.8,875.23,867.57,842.23,68.57,23.8,0.57,49.97,66,BUY,kite:2026-05-08,2026-05-08T12:20:47.414Z
INDUSINVIT-IV,INDUS INFRA TRUST,NSE EQ,125.49,-0.99,-0.78,126.7,127.05,124.6,126.48,125317,125317,,,,,,,,,,,,50,NEUTRAL,kite:2026-05-08,2026-05-08T12:20:47.414Z
INDUSTOWER,Indus Towers Limited,NSE EQ,404.3,1.4,0.35,403.9,406.55,397.6,402.9,11930810,11930810,481.5,312.55,,411.37,421.4,421.52,405.92,42.07,11.22,1.73,64.71,40,SELL,kite:2026-05-08,2026-05-08T12:20:47.414Z
INFINIUM-SM,INFINIUM PHARMACHEM,NSE EQ,215,0.5,0.23,218.5,218.5,213,214.5,2500,2500,,,,,,,,,,,,50,NEUTRAL,kite:2026-05-08,2026-05-08T12:20:47.414Z
INFLUX-SM,INFLUX HEALTHTECH,NSE EQ,278.1,-4.55,-1.61,280,282.95,273,282.65,25800,25800,,,,,,,,,,,,50,NEUTRAL,kite:2026-05-08,2026-05-08T12:20:47.414Z
INFOBEAN,INFOBEANS TECHNO.,NSE EQ,171.96,-1.93,-1.11,172.6,174.74,170.5,173.89,367186,367186,,,,,,,,,,,39.1,50,NEUTRAL,kite:2026-05-08,2026-05-08T12:20:47.414Z
INFOLLION-SM,INFOLLION RESEARCH SER L,NSE EQ,219,3.6,1.67,213.75,224.45,213.75,215.4,9600,9600,,,,,,,,,,,,50,NEUTRAL,kite:2026-05-08,2026-05-08T12:20:47.414Z
INFOMEDIA,INFOMEDIA PRESS,NSE EQ,5.78,0.15,2.66,5.98,5.98,5.71,5.63,6602,6602,,,,,,,,,,,54.79,50,NEUTRAL,kite:2026-05-08,2026-05-08T12:20:47.414Z
INFRA,MIRAEAMC - INFRA,NSE EQ,12.26,-0.04,-0.33,12.6,12.6,12.2,12.3,79368,79368,,,,,,,,,,,54.66,50,NEUTRAL,kite:2026-05-08,2026-05-08T12:20:47.414Z
INFRABEES,NIPPON INDIA ETF INFRA BEES,NSE EQ,977.4,-0.98,-0.1,978.38,982,972.21,978.38,16286,16286,,,,,,,,,,,57.61,50,NEUTRAL,kite:2026-05-08,2026-05-08T12:20:47.414Z
INFY,Infosys Limited,NSE EQ,1179.2,16.5,1.42,1161,1183.5,1158.8,1162.7,7582770,7582770,1728,1149.8,,1212.08,1280.42,1361.42,1430.1,38.87,27.46,0.56,56.52,34,SELL,kite:2026-05-08,2026-05-08T12:20:47.414Z
INGERRAND,INGERSOLL-RAND INDIA,NSE EQ,4575.3,16.5,0.36,4565,4605,4459.7,4558.8,27083,27083,,,,,,,,,,,38.92,50,NEUTRAL,kite:2026-05-08,2026-05-08T12:20:47.414Z
INM-SM,INTERIORS & MORE,NSE EQ,162.45,-7.55,-4.44,165,169.9,160,170,14400,14400,,,,,,,,,,,,46,NEUTRAL,kite:2026-05-08,2026-05-08T12:20:47.414Z
INNOMET-SM,INNOMET ADVANCED MATERI L,NSE EQ,102,-4,-3.77,111.2,115,102,106,31200,31200,,,,,,,,,,,,46,NEUTRAL,kite:2026-05-08,2026-05-08T12:20:47.414Z
INNOVACAP,INNOVA CAPTAB,NSE EQ,875.75,12.1,1.4,850.75,900,830,863.65,155822,155822,,,,,,,,,,,45.21,50,NEUTRAL,kite:2026-05-08,2026-05-08T12:20:47.414Z
INNOVANA,INNOVANA THINKLABS,NSE EQ,391.45,-5.2,-1.31,397.3,399.45,390,396.65,1233,1233,,,,,,,,,,,62.12,50,NEUTRAL,kite:2026-05-08,2026-05-08T12:20:47.414Z
INNOVISION,INNOVISION,NSE EQ,323.5,-3.4,-1.04,325,328.9,322,326.9,32707,32707,,,,,,,,,,,43.59,50,NEUTRAL,kite:2026-05-08,2026-05-08T12:20:47.414Z
INOXGREEN,INOX GREEN ENERGY SER,NSE EQ,190.61,-2.19,-1.14,192.1,193.95,189.11,192.8,1148573,1148573,,,,,,,,,,,45.14,50,NEUTRAL,kite:2026-05-08,2026-05-08T12:20:47.414Z
INOXINDIA,INOX INDIA,NSE EQ,1483.2,-71.3,-4.59,1558.5,1579.2,1408,1554.5,843810,843810,,,,,,,,,,,30.3,46,NEUTRAL,kite:2026-05-08,2026-05-08T12:20:47.414Z
INOXWIND,Inox Wind Limited,NSE EQ,103.6,-3.05,-2.86,107,108.27,103.22,106.65,17961525,17961525,201,75.05,,99.69,97,104.5,124.15,60.52,3.95,0.85,38.79,66,BUY,kite:2026-05-08,2026-05-08T12:20:47.414Z
INSECTICID,INSECTICIDES (I),NSE EQ,720.25,0.35,0.05,723,726.5,709.55,719.9,28325,28325,,,,,,,,,,,57.78,50,NEUTRAL,kite:2026-05-08,2026-05-08T12:20:47.414Z
INSPIRE-ST,INSPIRE FILMS,NSE EQ,11.45,-0.2,-1.72,0,11.45,11.45,11.65,2000,2000,,,,,,,,,,,,50,NEUTRAL,kite:2026-05-08,2026-05-08T12:20:47.414Z
INSPIRISYS-BE,INSPIRISYS SOLUTIONS,NSE EQ,87.89,0.83,0.95,87.79,89,86,87.06,5841,5841,,,,,,,,,,,,50,NEUTRAL,kite:2026-05-08,2026-05-08T12:20:47.414Z
INTEGRITY-SM,INTEGRITY INFRABUILD DE L,NSE EQ,159,6.75,4.43,158.95,159,158.95,152.25,2400,2400,,,,,,,,,,,,54,NEUTRAL,kite:2026-05-08,2026-05-08T12:20:47.414Z
INTELLECT,INTELLECT DESIGN ARENA,NSE EQ,806.8,24.65,3.15,792.1,834.4,775.15,782.15,4767464,4767464,,,,,,,,,,,20.49,54,NEUTRAL,kite:2026-05-08,2026-05-08T12:20:47.414Z
INTENTECH,INTENSE TECHNOLOGIES,NSE EQ,108.55,3.63,3.46,105,113.42,104.25,104.92,325977,325977,,,,,,,,,,,62.15,54,NEUTRAL,kite:2026-05-08,2026-05-08T12:20:47.414Z
INTERARCH,INTERARCH BLDNG SOLTN,NSE EQ,2134.9,-43.8,-2.01,2197.7,2198.9,2126.5,2178.7,36790,36790,,,,,,,,,,,50.44,50,NEUTRAL,kite:2026-05-08,2026-05-08T12:20:47.414Z
INTERISE-IV,INTERISE TRUST,NSE EQ,109.75,0,0,0,109.75,109.75,109.75,0,0,,,,,,,,,,,,50,NEUTRAL,kite:2026-05-08,2026-05-08T12:20:47.414Z
INTERNET,MIRAE ASSET NIFTY INDIA INTERNET ETF,NSE EQ,12.5,-0.07,-0.56,12.57,12.57,12.48,12.57,128006,128006,,,,,,,,,,,77.13,50,NEUTRAL,kite:2026-05-08,2026-05-08T12:20:47.414Z
INTLCONV,INTL CONVEYORS,NSE EQ,82.46,0.26,0.32,83,84.85,81.5,82.2,72815,72815,,,,,,,,,,,63.07,50,NEUTRAL,kite:2026-05-08,2026-05-08T12:20:47.414Z
INVENTURE,INVENTURE GRO & SEC,NSE EQ,1.02,-0.02,-1.92,1.02,1.03,1.01,1.04,1440699,1440699,,,,,,,,,,,62.54,50,NEUTRAL,kite:2026-05-08,2026-05-08T12:20:47.414Z
INVICTA-ST,INVICTA DIAGNOSTIC,NSE EQ,90.3,0.3,0.33,90,90.3,86.9,90,8000,8000,,,,,,,,,,,,50,NEUTRAL,kite:2026-05-08,2026-05-08T12:20:47.414Z
INVPRECQ,INVESTMENT & PREC CAST L,NSE EQ,608.35,-17.6,-2.81,626,645,598.05,625.95,4294,4294,,,,,,,,,,,57.52,50,NEUTRAL,kite:2026-05-08,2026-05-08T12:20:47.414Z
IOB,INDIAN OVERSEAS BANK,NSE EQ,34.82,-0.35,-1,35.17,35.2,34.62,35.17,3552311,3552311,,,,,,,,,,,60.52,50,NEUTRAL,kite:2026-05-08,2026-05-08T12:20:47.414Z
IOC,Indian Oil Corporation Limited,NSE EQ,144.69,-2.2,-1.5,145.8,146.3,144.19,146.89,9904272,9904272,188.96,130.22,,144.8,149.34,153.68,152.24,48.13,3.21,0.8,48.84,38,SELL,kite:2026-05-08,2026-05-08T12:20:47.414Z
IOLCP,IOL CHEM AND PHARMA,NSE EQ,96.89,-0.92,-0.94,98.3,99.24,96.27,97.81,1035468,1035468,,,,,,,,,,,52.7,50,NEUTRAL,kite:2026-05-08,2026-05-08T12:20:47.414Z
IONEXCHANG,ION EXCHANGE (INDIA),NSE EQ,419.25,-7.25,-1.7,426.5,432.8,418,426.5,238486,238486,,,,,,,,,,,45.4,50,NEUTRAL,kite:2026-05-08,2026-05-08T12:20:47.414Z
IPCALAB,IPCA LABORATORIES,NSE EQ,1552.6,-7.5,-0.48,1560.1,1610.5,1545.6,1560.1,247633,247633,,,,,,,,,,,46.17,50,NEUTRAL,kite:2026-05-08,2026-05-08T12:20:47.414Z
IPHL-SM,INDIAN PHOSPHATE,NSE EQ,57.85,0.35,0.61,59.6,60,57.85,57.5,9600,9600,,,,,,,,,,,,50,NEUTRAL,kite:2026-05-08,2026-05-08T12:20:47.414Z
IPL,INDIA PESTICIDES,NSE EQ,177.41,14.94,9.2,163.49,194,161.77,162.47,12692997,12692997,,,,,,,,,,,10.15,54,NEUTRAL,kite:2026-05-08,2026-05-08T12:20:47.414Z
IPSL-SM,INTEGRATED PERSO SER,NSE EQ,236,0,0,0,236,236,236,0,0,,,,,,,,,,,,50,NEUTRAL,kite:2026-05-08,2026-05-08T12:20:47.414Z
IRB,IRB INFRA DEV,NSE EQ,21.42,-0.25,-1.15,21.67,21.77,21.34,21.67,9711888,9711888,,,,,,,,,,,49.17,50,NEUTRAL,kite:2026-05-08,2026-05-08T12:20:47.414Z
IRBINVIT-IV,IRB INVIT FUND,NSE EQ,61.29,-0.35,-0.57,62.26,62.26,61,61.64,1009542,1009542,,,,,,,,,,,,50,NEUTRAL,kite:2026-05-08,2026-05-08T12:20:47.414Z
IRBIT-IV,IRB INFRASTRUCTURE TRUST,NSE EQ,220.22,0,0,0,220.22,220.22,220.22,0,0,,,,,,,,,,,,50,NEUTRAL,kite:2026-05-08,2026-05-08T12:20:47.414Z
IRCON,Ircon International Limited,NSE EQ,158.34,-3.01,-1.87,161,161.85,157.52,161.35,3276408,3276408,225.52,114.5,,151.04,146.45,150.08,160.65,63.69,5.08,0.52,34.7,66,BUY,kite:2026-05-08,2026-05-08T12:20:47.414Z
IRCTC,Indian Railway Catering & Tourism Corporation Limited,NSE EQ,564.9,-3.6,-0.63,566.05,570.85,564,568.5,675440,675440,820.25,492.65,,553.03,560.13,591.16,646.8,57.09,12.39,0.46,47.34,54,NEUTRAL,kite:2026-05-08,2026-05-08T12:20:47.414Z
IREDA,INDIAN RENEWABLE ENERGY,NSE EQ,134.6,-0.96,-0.71,135,135.99,133.7,135.56,6088689,6088689,,,,,,,,,,,29.65,50,NEUTRAL,kite:2026-05-08,2026-05-08T12:20:47.414Z
IRFC,Indian Railway Finance Corporation Limited,NSE EQ,106.03,-0.74,-0.69,106.67,106.9,105.65,106.77,6764649,6764649,148.95,87,,103.8,103.7,107.93,115.84,59.12,2.05,0.41,31.92,66,BUY,kite:2026-05-08,2026-05-08T12:20:47.414Z
IRIS,IRIS REGTECH SOLUTION,NSE EQ,245.04,-0.54,-0.22,247.9,252,240,245.58,23937,23937,,,,,,,,,,,39.5,50,NEUTRAL,kite:2026-05-08,2026-05-08T12:20:47.414Z
IRISDOREME,IRIS CLOTHINGS,NSE EQ,37.33,0.17,0.46,37.95,37.95,37,37.16,255510,255510,,,,,,,,,,,27.51,50,NEUTRAL,kite:2026-05-08,2026-05-08T12:20:47.414Z
IRMENERGY,IRM ENERGY,NSE EQ,314.55,-5.95,-1.86,322.55,323.55,308.3,320.5,1565969,1565969,,,,,,,,,,,15.74,50,NEUTRAL,kite:2026-05-08,2026-05-08T12:20:47.414Z
ISFT,INTRASOFT TECH.,NSE EQ,77.94,0.04,0.05,78.99,79.25,75.55,77.9,5088,5088,,,,,,,,,,,60.67,50,NEUTRAL,kite:2026-05-08,2026-05-08T12:20:47.414Z
ISGEC,ISGEC HEAVY ENG,NSE EQ,1075.1,-0.9,-0.08,1084.7,1084.7,1069,1076,36293,36293,,,,,,,,,,,58.16,50,NEUTRAL,kite:2026-05-08,2026-05-08T12:20:47.414Z
ISHAN-ST,ISHAN INTERNATIONAL,NSE EQ,0.7,0,0,0.7,0.7,0.7,0.7,48000,48000,,,,,,,,,,,,50,NEUTRAL,kite:2026-05-08,2026-05-08T12:20:47.414Z
ISHANCH,ISHAN DYES N CHEMICALS L,NSE EQ,61.94,1.39,2.3,60.79,62.85,59.12,60.55,13409,13409,,,,,,,,,,,61.8,50,NEUTRAL,kite:2026-05-08,2026-05-08T12:20:47.414Z
IT,KOTAK NIFTY IT ETF,NSE EQ,32.38,0.27,0.84,31.15,32.51,31.15,32.11,501996,501996,,,,,,,,,,,69.97,50,NEUTRAL,kite:2026-05-08,2026-05-08T12:20:47.414Z
ITADD,DSP NIFTY IT ETF,NSE EQ,30.8,0.16,0.52,30.73,31.13,30.23,30.64,36904,36904,,,,,,,,,,,47.13,50,NEUTRAL,kite:2026-05-08,2026-05-08T12:20:47.414Z
ITALIANE-ST,ITALIAN EDIBLES,NSE EQ,40.8,0,0,0,40.8,38,40.8,0,0,,,,,,,,,,,,50,NEUTRAL,kite:2026-05-08,2026-05-08T12:20:47.414Z
ITBEES,NIPPON INDIA ETF NIFTY IT,NSE EQ,32.46,0.29,0.9,32.28,32.55,32.03,32.17,9648500,9648500,,,,,,,,,,,58.04,50,NEUTRAL,kite:2026-05-08,2026-05-08T12:20:47.414Z
ITBETA,UTI NIFTY IT ETF,NSE EQ,308.2,3.78,1.24,305.94,308.89,305.45,304.42,1182,1182,,,,,,,,,,,59.22,50,NEUTRAL,kite:2026-05-08,2026-05-08T12:20:47.414Z
ITC,ITC Limited,NSE EQ,307.45,0.05,0.02,308.9,308.9,305.7,307.4,17739844,17739844,444.2,287,,307.54,310.87,327.8,360.71,50.38,4.7,0.94,61.56,38,SELL,kite:2026-05-08,2026-05-08T12:20:47.414Z
ITCHOTELS,ITC HOTELS,NSE EQ,164.5,-1.68,-1.01,166,166.5,163.4,166.18,2346643,2346643,,,,,,,,,,,52.67,50,NEUTRAL,kite:2026-05-08,2026-05-08T12:20:47.414Z
ITDC,INDIA TOUR. DEV. CO.,NSE EQ,584.15,-9.35,-1.58,593,599,581,593.5,61494,61494,,,,,,,,,,,32.12,50,NEUTRAL,kite:2026-05-08,2026-05-08T12:20:47.414Z
ITETF,MIRAE ASSET NIFTY IT ETF,NSE EQ,31,0.36,1.17,30.65,31.07,30.6,30.64,638254,638254,,,,,,,,,,,49.15,50,NEUTRAL,kite:2026-05-08,2026-05-08T12:20:47.414Z
ITI,ITI,NSE EQ,300.05,-3.6,-1.19,303.65,304.6,299.3,303.65,491285,491285,,,,,,,,,,,36.68,50,NEUTRAL,kite:2026-05-08,2026-05-08T12:20:47.414Z
ITTL-ST,INNOVATIVE TYRE & TUBE LT,NSE EQ,90.95,-1.85,-1.99,91,91,90.95,92.8,420,420,,,,,,,,,,,,50,NEUTRAL,kite:2026-05-08,2026-05-08T12:20:47.414Z
IVALUE,IVALUE INFOSOLUTIONS,NSE EQ,255.05,0.95,0.37,254.1,265,251.25,254.1,99965,99965,,,,,,,,,,,58.22,50,NEUTRAL,kite:2026-05-08,2026-05-08T12:20:47.414Z
IVC,IL&FS INVESTMENT MANAGERS,NSE EQ,7.91,-0.08,-1,8,8.04,7.88,7.99,76811,76811,,,,,,,,,,,79,50,NEUTRAL,kite:2026-05-08,2026-05-08T12:20:47.414Z
IVP,IVP,NSE EQ,157.58,3.47,2.25,154.11,160,153.48,154.11,23803,23803,,,,,,,,,,,78.69,50,NEUTRAL,kite:2026-05-08,2026-05-08T12:20:47.414Z
IVZINGOLD,INVESCO INDIA GOLD EXCHANGE TRADED FUND,NSE EQ,130.75,-0.4,-0.3,130.5,131.2,130.4,131.15,14687,14687,,,,,,,,,,,60.54,50,NEUTRAL,kite:2026-05-08,2026-05-08T12:20:47.414Z
IVZINNIFTY,INVESCO INDIA NIFTY 50 EXCHANGE TRADED FUND,NSE EQ,2756.5,-11.5,-0.42,2837.2,2837.2,2752.19,2768,121,121,,,,,,,,,,,99.17,50,NEUTRAL,kite:2026-05-08,2026-05-08T12:20:47.414Z
IWARE-ST,IWARE SUPPLYCHAIN SER,NSE EQ,371.35,-8.65,-2.28,376,384.3,362,380,15600,15600,,,,,,,,,,,,50,NEUTRAL,kite:2026-05-08,2026-05-08T12:20:47.414Z
IWP,INDIAN WOOD PRODUCTS CO L,NSE EQ,35.85,0.09,0.25,35.75,37,35.41,35.76,4303,4303,,,,,,,,,,,67.12,50,NEUTRAL,kite:2026-05-08,2026-05-08T12:20:47.414Z
IXIGO,LE TRAVENUES TECHNOLOGY L,NSE EQ,168.38,-0.93,-0.55,170,170.49,167.1,169.31,594649,594649,,,,,,,,,,,41.8,50,NEUTRAL,kite:2026-05-08,2026-05-08T12:20:47.414Z
IZMO-BE,IZMO,NSE EQ,703.85,-6.8,-0.96,710.75,716,685.55,710.65,28715,28715,,,,,,,,,,,,50,NEUTRAL,kite:2026-05-08,2026-05-08T12:20:47.414Z
J&KBANK,J & K BANK,NSE EQ,141.76,2.13,1.53,142.5,142.51,139.1,139.63,5838443,5838443,,,,,,,,,,,43.74,50,NEUTRAL,kite:2026-05-08,2026-05-08T12:20:47.414Z
JAGRAN,JAGRAN PRAKASHAN,NSE EQ,67.29,-0.39,-0.58,67.69,68.24,67,67.68,183146,183146,,,,,,,,,,,48.63,50,NEUTRAL,kite:2026-05-08,2026-05-08T12:20:47.414Z
JAGSNPHARM,JAGSONPAL PHARMACEUTICALS,NSE EQ,217.34,3.31,1.55,211.6,225.12,211.59,214.03,257185,257185,,,,,,,,,,,45.83,50,NEUTRAL,kite:2026-05-08,2026-05-08T12:20:47.414Z
JAIBALAJI,JAI BALAJI INDUSTRIES,NSE EQ,83.53,-0.65,-0.77,85.19,85.19,82.1,84.18,2924805,2924805,,,,,,,,,,,34.63,50,NEUTRAL,kite:2026-05-08,2026-05-08T12:20:47.414Z
JAICORPLTD,JAI CORP,NSE EQ,119.75,-1.89,-1.55,121.49,122.39,119,121.64,419356,419356,,,,,,,,,,,41,50,NEUTRAL,kite:2026-05-08,2026-05-08T12:20:47.414Z
JAINAM-SM,JAINAM FER ALLOYS (I),NSE EQ,295,13.2,4.68,281.85,295,281.85,281.8,2000,2000,,,,,,,,,,,,54,NEUTRAL,kite:2026-05-08,2026-05-08T12:20:47.414Z
JAINIK-SM,JAINIK POWER CABLES,NSE EQ,144.95,0,0,144.95,144.95,144.95,144.95,1200,1200,,,,,,,,,,,,50,NEUTRAL,kite:2026-05-08,2026-05-08T12:20:47.414Z
JAINREC,JAIN RESOURCE RECYCLING L,NSE EQ,571.5,67.3,13.35,506.85,593.95,506,504.2,19134565,19134565,,,,,,,,,,,12.94,54,NEUTRAL,kite:2026-05-08,2026-05-08T12:20:47.414Z
JAIPURKURT,NANDANI CREATION,NSE EQ,32.64,-0.29,-0.88,33.9,33.9,32.29,32.93,4899,4899,,,,,,,,,,,93.65,50,NEUTRAL,kite:2026-05-08,2026-05-08T12:20:47.414Z
JAKHARIA-ST,JAKHARIA FABRIC,NSE EQ,60.5,0,0,0,60.5,60.5,60.5,0,0,,,,,,,,,,,,50,NEUTRAL,kite:2026-05-08,2026-05-08T12:20:47.414Z
JALAN-SM,JALAN TRANSOLU. INDIA,NSE EQ,1.75,0,0,1.7,1.75,1.7,1.75,9000,9000,,,,,,,,,,,,50,NEUTRAL,kite:2026-05-08,2026-05-08T12:20:47.414Z
JAMNAAUTO,JAMNA AUTO IND,NSE EQ,131.65,0.54,0.41,133.53,134.45,130.5,131.11,3598542,3598542,,,,,,,,,,,38.16,50,NEUTRAL,kite:2026-05-08,2026-05-08T12:20:47.414Z
JARO,JARO INS OF TEC MG N RE L,NSE EQ,398.25,-20.45,-4.88,404,409,396,418.7,248128,248128,,,,,,,,,,,53.73,46,NEUTRAL,kite:2026-05-08,2026-05-08T12:20:47.414Z
JASH,JASH ENGINEERING,NSE EQ,418.35,-2.45,-0.58,412,420,402.7,420.8,214509,214509,,,,,,,,,,,54.02,50,NEUTRAL,kite:2026-05-08,2026-05-08T12:20:47.414Z
JAYAGROGN,JAYANT AGRO ORGANICS,NSE EQ,202.78,-0.86,-0.42,203.98,204,202,203.64,1950,1950,,,,,,,,,,,80.31,50,NEUTRAL,kite:2026-05-08,2026-05-08T12:20:47.414Z
JAYBARMARU,JAY BHARAT MARUTI,NSE EQ,94.4,-1.44,-1.5,96.55,96.55,93.5,95.84,120742,120742,,,,,,,,,,,49.42,50,NEUTRAL,kite:2026-05-08,2026-05-08T12:20:47.414Z
JAYBEE-ST,JAY BEE LAMINATIONS,NSE EQ,90,1.2,1.35,90.75,90.9,87.65,88.8,40000,40000,,,,,,,,,,,,50,NEUTRAL,kite:2026-05-08,2026-05-08T12:20:47.414Z
JAYESH-SM,JAYESH LOGISTICS,NSE EQ,179,1,0.56,178.5,183,178.5,178,59000,59000,,,,,,,,,,,,50,NEUTRAL,kite:2026-05-08,2026-05-08T12:20:47.414Z
JAYKAY,JAYKAY ENTERPRISES,NSE EQ,175.83,5.65,3.32,171.99,179.8,167.8,170.18,172234,172234,,,,,,,,,,,51.83,54,NEUTRAL,kite:2026-05-08,2026-05-08T12:20:47.414Z
JAYNECOIND,JAYASWAL NECO INDUSTR,NSE EQ,114.69,-0.24,-0.21,115.2,117,113.7,114.93,4595299,4595299,,,,,,,,,,,40.78,50,NEUTRAL,kite:2026-05-08,2026-05-08T12:20:47.414Z
JAYSREETEA,JAYSHREE TEA & INDUSTRIES,NSE EQ,96.32,-0.91,-0.94,96.5,98.23,95.41,97.23,32172,32172,,,,,,,,,,,67.96,50,NEUTRAL,kite:2026-05-08,2026-05-08T12:20:47.414Z
JBCHEPHARM,J B CHEMICALS AND PHARMA,NSE EQ,2149.8,6.6,0.31,2143.3,2164,2134.9,2143.2,135870,135870,,,,,,,,,,,59.57,50,NEUTRAL,kite:2026-05-08,2026-05-08T12:20:47.414Z
JBMA,JBM AUTO,NSE EQ,649.9,25.7,4.12,623,663.5,616,624.2,3113866,3113866,,,,,,,,,,,21.15,54,NEUTRAL,kite:2026-05-08,2026-05-08T12:20:47.414Z
JETFREIGHT,JET FREIGHT LOGISTICS,NSE EQ,19.42,-0.51,-2.56,20,20,19.35,19.93,32040,32040,,,,,,,,,,,69.42,50,NEUTRAL,kite:2026-05-08,2026-05-08T12:20:47.414Z
JETKNIT-ST,JET KNITWEARS,NSE EQ,89.2,0,0,0,89.2,89.2,89.2,0,0,,,,,,,,,,,,50,NEUTRAL,kite:2026-05-08,2026-05-08T12:20:47.414Z
JEYYAM-SM,JEYYAM GLOBAL FOODS,NSE EQ,34.7,-0.05,-0.14,35.35,35.45,34.55,34.75,20000,20000,,,,,,,,,,,,50,NEUTRAL,kite:2026-05-08,2026-05-08T12:20:47.414Z
JFLLIFE-SM,JFL LIFE SCIENCES,NSE EQ,9.25,-0.25,-2.63,9.25,9.35,9.25,9.5,24000,24000,,,,,,,,,,,,50,NEUTRAL,kite:2026-05-08,2026-05-08T12:20:47.414Z
JGCHEM,J.G.CHEMICALS,NSE EQ,417.75,-5.15,-1.22,425,427.9,415,422.9,47252,47252,,,,,,,,,,,46.28,50,NEUTRAL,kite:2026-05-08,2026-05-08T12:20:47.414Z
JHS-BE,JHS SVEND. LAB.,NSE EQ,8.96,-0.16,-1.75,9.3,9.3,8.81,9.12,12807,12807,,,,,,,,,,,,50,NEUTRAL,kite:2026-05-08,2026-05-08T12:20:47.414Z
JINDALPHOT,JINDAL PHOTO,NSE EQ,1116.9,-10.3,-0.91,1124,1131.5,1107.3,1127.2,1438,1438,,,,,,,,,,,64.95,50,NEUTRAL,kite:2026-05-08,2026-05-08T12:20:47.414Z
JINDALPOLY,JINDAL POLY FILMS,NSE EQ,710.6,-14.15,-1.95,724.75,724.75,704.1,724.75,23667,23667,,,,,,,,,,,63.9,50,NEUTRAL,kite:2026-05-08,2026-05-08T12:20:47.414Z
JINDALSAW,JINDAL SAW,NSE EQ,243.96,1.5,0.62,242,249.45,239.9,242.46,2306043,2306043,,,,,,,,,,,38.92,50,NEUTRAL,kite:2026-05-08,2026-05-08T12:20:47.414Z
JINDALSTEL,Jindal Steel Limited,NSE EQ,1248.4,-9.8,-0.78,1258.2,1260,1239.2,1258.2,995187,995187,1306.2,833.6,,1240.76,1207.22,1161.87,1093.81,54.08,32.26,0.67,46.15,62,BUY,kite:2026-05-08,2026-05-08T12:20:47.414Z
JINDRILL,JINDAL DRILLING IND.,NSE EQ,535.1,0.5,0.09,537.6,548.85,531.4,534.6,147173,147173,,,,,,,,,,,38.26,50,NEUTRAL,kite:2026-05-08,2026-05-08T12:20:47.414Z
JINDWORLD,JINDAL WORLDWIDE,NSE EQ,26.83,-0.14,-0.52,27.04,27.39,26.75,26.97,385306,385306,,,,,,,,,,,47.53,50,NEUTRAL,kite:2026-05-08,2026-05-08T12:20:47.414Z
JIOFIN,JIO FIN SERVICES,NSE EQ,249.34,-1.68,-0.67,250.98,251.49,248.3,251.02,11367680,11367680,,,,,,,,,,,38.39,50,NEUTRAL,kite:2026-05-08,2026-05-08T12:20:47.414Z
JISLDVREQS,JAIN DVR EQUITY SHARES,NSE EQ,23.76,-1.21,-4.85,24.97,25.35,23.49,24.97,59111,59111,,,,,,,,,,,78.12,46,NEUTRAL,kite:2026-05-08,2026-05-08T12:20:47.414Z
JISLJALEQS,JAIN IRRIGATION SYSTEMS,NSE EQ,35.06,-0.94,-2.61,36.25,36.4,34.91,36,3664389,3664389,,,,,,,,,,,44.74,50,NEUTRAL,kite:2026-05-08,2026-05-08T12:20:47.414Z
JITFINFRA-BE,JITF INFRALOGISTICS,NSE EQ,310.1,6.05,1.99,0,310.1,310,304.05,13177,13177,,,,,,,,,,,,50,NEUTRAL,kite:2026-05-08,2026-05-08T12:20:47.414Z
JIWANRAM-SM,JIWANRAM SHEODUTTRA IND L,NSE EQ,5.95,0.5,9.17,5.7,5.95,5.7,5.45,12000,12000,,,,,,,,,,,,54,NEUTRAL,kite:2026-05-08,2026-05-08T12:20:47.414Z
JKCEMENT,J.K. Cement Limited,NSE EQ,5571.5,-54.5,-0.97,5626,5642,5536,5626,30404,30404,7565.5,4822.5,,5487.25,5480.1,5565.83,5791.92,53.4,173.23,0.34,60.23,62,BUY,kite:2026-05-08,2026-05-08T12:20:47.414Z
JKIL,JKUMAR INFR.LTD.,NSE EQ,511.65,-6.1,-1.18,517,520,509.45,517.75,70964,70964,,,,,,,,,,,59.8,50,NEUTRAL,kite:2026-05-08,2026-05-08T12:20:47.414Z
JKIPL-BE,JINKUSHAL INDUSTRIES,NSE EQ,89.05,-1.26,-1.4,89.89,91.49,87.5,90.31,15752,15752,,,,,,,,,,,,50,NEUTRAL,kite:2026-05-08,2026-05-08T12:20:47.414Z
JKLAKSHMI,JK LAKSHMI CEMENT,NSE EQ,664.4,-4.45,-0.67,673,673.45,662,668.85,48470,48470,,,,,,,,,,,61.04,50,NEUTRAL,kite:2026-05-08,2026-05-08T12:20:47.414Z
JKPAPER,JK PAPER,NSE EQ,379,6,1.61,373.8,381.7,366.45,373,503980,503980,,,,,,,,,,,46.55,50,NEUTRAL,kite:2026-05-08,2026-05-08T12:20:47.414Z
JKTYRE,JK TYRE & INDUSTRIES,NSE EQ,405.95,-4.3,-1.05,410.05,410.35,405.55,410.25,526734,526734,,,,,,,,,,,46.25,50,NEUTRAL,kite:2026-05-08,2026-05-08T12:20:47.414Z
JLHL,JUPITER LIFE LINE HOSP L,NSE EQ,1249.2,-7.4,-0.59,1268.9,1272.9,1242.7,1256.6,13857,13857,,,,,,,,,,,59.54,50,NEUTRAL,kite:2026-05-08,2026-05-08T12:20:47.414Z
JMA,JULLUNDUR MOT AGENCY,NSE EQ,89.74,0.3,0.34,90.97,91,88.5,89.44,8654,8654,,,,,,,,,,,65.74,50,NEUTRAL,kite:2026-05-08,2026-05-08T12:20:47.414Z
JMFINANCIL,JM FINANCIAL,NSE EQ,145.25,2.4,1.68,142.85,147.2,142.09,142.85,3008373,3008373,,,,,,,,,,,35.47,50,NEUTRAL,kite:2026-05-08,2026-05-08T12:20:47.414Z
JNKINDIA,JNK INDIA,NSE EQ,359.7,-2.4,-0.66,358,372.85,358,362.1,97689,97689,,,,,,,,,,,48.44,50,NEUTRAL,kite:2026-05-08,2026-05-08T12:20:47.414Z
JOCIL,JOCIL,NSE EQ,138.12,-3.37,-2.38,141.49,144.42,138.09,141.49,959,959,,,,,,,,,,,61.11,50,NEUTRAL,kite:2026-05-08,2026-05-08T12:20:47.414Z
JPOLYINVST,JIND POL INV & FIN CO,NSE EQ,1129.7,-4.3,-0.38,1115.1,1140.9,1115.1,1134,5262,5262,,,,,,,,,,,46.2,50,NEUTRAL,kite:2026-05-08,2026-05-08T12:20:47.414Z
JPPOWER,JAIPRAKASH POWER VEN.,NSE EQ,19.08,-0.31,-1.6,19.3,19.42,19,19.39,54256190,54256190,,,,,,,,,,,37.37,50,NEUTRAL,kite:2026-05-08,2026-05-08T12:20:47.414Z
JSFB,JANA SMALL FIN BANK,NSE EQ,455.05,-15.65,-3.32,470,475,451,470.7,663778,663778,,,,,,,,,,,60.42,46,NEUTRAL,kite:2026-05-08,2026-05-08T12:20:47.414Z
JSL,JINDAL STAINLESS,NSE EQ,754.8,-11.8,-1.54,771.7,773.8,750.3,766.6,409968,409968,,,,,,,,,,,59.93,50,NEUTRAL,kite:2026-05-08,2026-05-08T12:20:47.414Z
JSLL,JEENA SIKHO LIFECARE,NSE EQ,748.25,9.8,1.33,738.95,763.8,730,738.45,409889,409889,,,,,,,,,,,52.01,50,NEUTRAL,kite:2026-05-08,2026-05-08T12:20:47.414Z
JSWCEMENT,JSW CEMENT,NSE EQ,124.53,-0.48,-0.38,124.78,125.6,124.2,125.01,639424,639424,,,,,,,,,,,52.13,50,NEUTRAL,kite:2026-05-08,2026-05-08T12:20:47.414Z
JSWDULUX,JSW DULUX,NSE EQ,2949.4,-17,-0.57,2953,2983.8,2935,2966.4,28718,28718,,,,,,,,,,,78.62,50,NEUTRAL,kite:2026-05-08,2026-05-08T12:20:47.414Z
JSWENERGY,JSW Energy Limited,NSE EQ,571.2,-4.7,-0.82,576,577.8,563.3,575.9,2726922,2726922,585.65,427.75,,551.16,526,512.38,511.77,63.73,14.58,0.66,44.4,66,BUY,kite:2026-05-08,2026-05-08T12:20:47.414Z
JSWHL,JSW HOLDINGS,NSE EQ,12984,-8,-0.06,12992,13150,12891,12992,2622,2622,,,,,,,,,,,48.78,50,NEUTRAL,kite:2026-05-08,2026-05-08T12:20:47.414Z
JSWINFRA,JSW INFRASTRUCTURE,NSE EQ,283.65,2.45,0.87,282.45,284.9,279.5,281.2,1858989,1858989,,,,,,,,,,,42.01,50,NEUTRAL,kite:2026-05-08,2026-05-08T12:20:47.414Z
JSWSTEEL,JSW Steel Limited,NSE EQ,1277.8,-5.6,-0.44,1283.4,1284.9,1266.8,1283.4,811858,811858,1306.8,935,,1252.51,1225.1,1199.91,1148.74,60.11,25.06,0.42,41.31,66,BUY,kite:2026-05-08,2026-05-08T12:20:47.414Z
JTEKTINDIA,JTEKT INDIA,NSE EQ,144.95,3.98,2.82,140.12,146.5,140.12,140.97,180346,180346,,,,,,,,,,,46.26,50,NEUTRAL,kite:2026-05-08,2026-05-08T12:20:47.414Z
JTLIND,JTL INDUSTRIES,NSE EQ,81.6,-0.63,-0.77,82.02,82.67,80.76,82.23,3209616,3209616,,,,,,,,,,,30.2,50,NEUTRAL,kite:2026-05-08,2026-05-08T12:20:47.414Z
JUBLCPL,JUBILANT AGRI N CON PRO L,NSE EQ,1816.4,9.1,0.5,1807.3,1851.9,1800,1807.3,4724,4724,,,,,,,,,,,66.74,50,NEUTRAL,kite:2026-05-08,2026-05-08T12:20:47.414Z
JUBLFOOD,Jubilant FoodWorks Limited,NSE EQ,473.3,-5.7,-1.19,479.05,482.4,471.5,479,1392176,1392176,718.95,408.8,,472.34,478.93,504.91,558.37,50.64,13.36,0.59,45.94,50,NEUTRAL,kite:2026-05-08,2026-05-08T12:20:47.414Z
JUBLINGREA,JUBILANT INGREVIA,NSE EQ,742.6,-14.25,-1.88,764.05,764.7,739.35,756.85,212971,212971,,,,,,,,,,,43.5,50,NEUTRAL,kite:2026-05-08,2026-05-08T12:20:47.414Z
JUBLPHARMA,JUBILANT PHARMOVA,NSE EQ,1008.2,27.05,2.76,981.15,1019.9,980,981.15,140406,140406,,,,,,,,,,,39.7,50,NEUTRAL,kite:2026-05-08,2026-05-08T12:20:47.414Z
JUNIORBEES,NIPPON INDIA ETF NIFTY NEXT 50 JUNIOR BEES,NSE EQ,771.73,-3.24,-0.42,760.02,777.22,760.02,774.97,313544,313544,,,,,,,,,,,56.15,50,NEUTRAL,kite:2026-05-08,2026-05-08T12:20:47.414Z
JUNIPER,JUNIPER HOTELS,NSE EQ,212.15,-0.75,-0.35,212.9,214.1,210,212.9,42180,42180,,,,,,,,,,,55.21,50,NEUTRAL,kite:2026-05-08,2026-05-08T12:20:47.414Z
JUSTDIAL,JUSTDIAL,NSE EQ,544.75,-0.1,-0.02,545,551,542,544.85,144832,144832,,,,,,,,,,,39.05,50,NEUTRAL,kite:2026-05-08,2026-05-08T12:20:47.414Z
JWL,JUPITER WAGONS,NSE EQ,298.9,-4.85,-1.6,301,305.55,297.6,303.75,1532180,1532180,,,,,,,,,,,33.41,50,NEUTRAL,kite:2026-05-08,2026-05-08T12:20:47.414Z
JYOTHYLAB,JYOTHY LABS,NSE EQ,261.4,2.9,1.12,259.35,263.15,256.85,258.5,286758,286758,,,,,,,,,,,45.39,50,NEUTRAL,kite:2026-05-08,2026-05-08T12:20:47.414Z
JYOTICNC,JYOTI CNC AUTOMATION,NSE EQ,766.35,-6.85,-0.89,777,778,764.1,773.2,439611,439611,,,,,,,,,,,49.54,50,NEUTRAL,kite:2026-05-08,2026-05-08T12:20:47.414Z
JYOTIGLOBL-ST,JYOTI GLOBAL PLAST,NSE EQ,50,1.9,3.95,49.75,50.3,49.7,48.1,16000,16000,,,,,,,,,,,,54,NEUTRAL,kite:2026-05-08,2026-05-08T12:20:47.414Z
JYOTISTRUC,JYOTI STRUCTURES,NSE EQ,13.87,-0.16,-1.14,14.05,14.15,13.7,14.03,11271748,11271748,,,,,,,,,,,40.2,50,NEUTRAL,kite:2026-05-08,2026-05-08T12:20:47.414Z
K2INFRA-SM,K2 INFRAGEN,NSE EQ,60.6,-2.5,-3.96,61,63.1,59,63.1,35400,35400,,,,,,,,,,,,46,NEUTRAL,kite:2026-05-08,2026-05-08T12:20:47.414Z
KABRAEXTRU,KABRA EXTRUSION TECHNIK L,NSE EQ,241.97,-3.75,-1.53,244.83,246.9,240.42,245.72,6188,6188,,,,,,,,,,,64.84,50,NEUTRAL,kite:2026-05-08,2026-05-08T12:20:47.414Z
KAJARIACER,KAJARIA CERAMICS,NSE EQ,1104.1,5.3,0.48,1098.8,1108.8,1092.1,1098.8,116749,116749,,,,,,,,,,,50.65,50,NEUTRAL,kite:2026-05-08,2026-05-08T12:20:47.414Z
KAKATCEM-BE,KAKATIYA CEM SUGAR &IND L,NSE EQ,134.87,-1.13,-0.83,133.25,135.99,131.52,136,4139,4139,,,,,,,,,,,,50,NEUTRAL,kite:2026-05-08,2026-05-08T12:20:47.414Z
KALAMANDIR,SAI SILKS (KALAMANDIR) L,NSE EQ,117.31,-2.36,-1.97,119.5,123.74,116.7,119.67,1110538,1110538,,,,,,,,,,,42.02,50,NEUTRAL,kite:2026-05-08,2026-05-08T12:20:47.414Z
KALANA-ST,KALANA ISPAT,NSE EQ,23.3,-0.45,-1.89,0,23.3,23.3,23.75,2000,2000,,,,,,,,,,,,50,NEUTRAL,kite:2026-05-08,2026-05-08T12:20:47.414Z
KALPATARU,KALPATARU,NSE EQ,385.15,12.6,3.38,375,401,370.3,372.55,567391,567391,,,,,,,,,,,34.98,54,NEUTRAL,kite:2026-05-08,2026-05-08T12:20:47.414Z
KALYANI-BE,KALYANI COMMERCIALS,NSE EQ,138.09,0,0,0,138.09,138.09,138.09,0,0,,,,,,,,,,,,50,NEUTRAL,kite:2026-05-08,2026-05-08T12:20:47.414Z
KALYANIFRG,KALYANI FORGE,NSE EQ,621.15,-3.1,-0.5,620.4,629.4,614.45,624.25,588,588,,,,,,,,,,,67.35,50,NEUTRAL,kite:2026-05-08,2026-05-08T12:20:47.414Z
KALYANKJIL,KALYAN JEWELLERS IND,NSE EQ,424.55,13.4,3.26,413.9,428.8,407.15,411.15,20957288,20957288,,,,,,,,,,,24.19,54,NEUTRAL,kite:2026-05-08,2026-05-08T12:20:47.414Z
KAMAHOLD,KAMA HOLDINGS,NSE EQ,2711.2,15,0.56,2690,2731,2672.4,2696.2,3022,3022,,,,,,,,,,,70.28,50,NEUTRAL,kite:2026-05-08,2026-05-08T12:20:47.414Z
KAMATHOTEL,KAMAT HOTELS (I),NSE EQ,175.24,-1.26,-0.71,178,178,173.01,176.5,26652,26652,,,,,,,,,,,69.42,50,NEUTRAL,kite:2026-05-08,2026-05-08T12:20:47.414Z
KAMDHENU,KAMDHENU,NSE EQ,26.68,1.33,5.25,25.46,27,24.98,25.35,3664459,3664459,,,,,,,,,,,50.83,54,NEUTRAL,kite:2026-05-08,2026-05-08T12:20:47.414Z
KAMOPAINTS-BE,KAMDHENU VENTURES,NSE EQ,5.45,-0.01,-0.18,5.4,5.52,5.31,5.46,139727,139727,,,,,,,,,,,,50,NEUTRAL,kite:2026-05-08,2026-05-08T12:20:47.414Z
KANANIIND,KANANI INDUSTRIES,NSE EQ,1.64,-0.01,-0.61,1.66,1.66,1.63,1.65,63031,63031,,,,,,,,,,,84.76,50,NEUTRAL,kite:2026-05-08,2026-05-08T12:20:47.414Z
KANCHI-BE,KANCHI KARPOORAM,NSE EQ,408,4.75,1.18,402.8,409,402.8,403.25,602,602,,,,,,,,,,,,50,NEUTRAL,kite:2026-05-08,2026-05-08T12:20:47.414Z
KANDARP-SM,KANDARP DG SMART BPO,NSE EQ,151,1,0.67,154,154.1,149,150,47000,47000,,,,,,,,,,,,50,NEUTRAL,kite:2026-05-08,2026-05-08T12:20:47.414Z
KANORICHEM,KANORIA CHEMICALS & INDUS,NSE EQ,95.22,-3.81,-3.85,97,98.69,94.11,99.03,43623,43623,,,,,,,,,,,57.18,46,NEUTRAL,kite:2026-05-08,2026-05-08T12:20:47.414Z
KANPRPLA,KANPUR PLASTIPACK,NSE EQ,216.19,-3.7,-1.68,221,221,212.17,219.89,22089,22089,,,,,,,,,,,48.61,50,NEUTRAL,kite:2026-05-08,2026-05-08T12:20:47.414Z
KANSAINER,KANSAI NEROLAC PAINTS,NSE EQ,220.35,8.8,4.16,213,223,211.1,211.55,1553578,1553578,,,,,,,,,,,52.12,54,NEUTRAL,kite:2026-05-08,2026-05-08T12:20:47.414Z
KAPSTON,KAPSTON SERVICES,NSE EQ,342.75,1.95,0.57,347,347,340.35,340.8,12789,12789,,,,,,,,,,,64.66,50,NEUTRAL,kite:2026-05-08,2026-05-08T12:20:47.414Z
KARMAENG,KARMA ENERGY,NSE EQ,51.5,0.4,0.78,52,53.39,50.99,51.1,8604,8604,,,,,,,,,,,70.84,50,NEUTRAL,kite:2026-05-08,2026-05-08T12:20:47.414Z
KARNIKA-SM,KARNIKA INDUSTRIES,NSE EQ,130,-2.6,-1.96,131,131,129.5,132.6,17000,17000,,,,,,,,,,,,50,NEUTRAL,kite:2026-05-08,2026-05-08T12:20:47.414Z
KARURVYSYA,The Karur Vysya Bank Limited,NSE EQ,304.65,-8.9,-2.84,319.35,319.35,302.2,313.55,9434199,9434199,343.45,169.833,,295.54,291.81,283.04,257.87,57.48,10.83,2.9,49.63,60,BUY,kite:2026-05-08,2026-05-08T12:20:47.414Z
KATARIA-SM,KATARIA INDUSTRIES,NSE EQ,102.65,-0.75,-0.73,104.95,105,102,103.4,37200,37200,,,,,,,,,,,,50,NEUTRAL,kite:2026-05-08,2026-05-08T12:20:47.414Z
KAUSHALYA,KAUSHALYA INFRA DEV,NSE EQ,930,-0.35,-0.04,930,930,911,930.35,40,40,,,,,,,,,,,97.5,50,NEUTRAL,kite:2026-05-08,2026-05-08T12:20:47.414Z
KAVDEFENCE-BE,KAVVERI DFS & WIR TEC,NSE EQ,69.38,2.09,3.11,70.65,70.65,66.5,67.29,282312,282312,,,,,,,,,,,,54,NEUTRAL,kite:2026-05-08,2026-05-08T12:20:47.414Z
KAYA,KAYA,NSE EQ,260.15,-0.9,-0.34,260,268,258.45,261.05,27692,27692,,,,,,,,,,,44.64,50,NEUTRAL,kite:2026-05-08,2026-05-08T12:20:47.414Z
KAYNES,KAYNES TECHNOLOGY IND,NSE EQ,4507.5,127.8,2.92,4360,4538.6,4341.8,4379.7,1481029,1481029,,,,,,,,,,,23.84,50,NEUTRAL,kite:2026-05-08,2026-05-08T12:20:47.414Z
KAYTEX-SM,KAYTEX FABRICS,NSE EQ,70.5,-2.55,-3.49,75.9,75.9,70.25,73.05,11200,11200,,,,,,,,,,,,46,NEUTRAL,kite:2026-05-08,2026-05-08T12:20:47.414Z
KCEIL-ST,KAY CEE ENERGY & INFRA L,NSE EQ,119.9,0,0,121,123.7,119,119.9,14000,14000,,,,,,,,,,,,50,NEUTRAL,kite:2026-05-08,2026-05-08T12:20:47.414Z
KCK-SM,KCK INDUSTRIES,NSE EQ,15.75,0.5,3.28,15.05,16.25,15,15.25,577500,577500,,,,,,,,,,,,54,NEUTRAL,kite:2026-05-08,2026-05-08T12:20:47.414Z
KCP,KCP,NSE EQ,177.63,-2.18,-1.21,180.34,180.51,177.5,179.81,65428,65428,,,,,,,,,,,70.04,50,NEUTRAL,kite:2026-05-08,2026-05-08T12:20:47.414Z
KCPSUGIND,KCP SUGAR IND CORP,NSE EQ,26.98,-0.08,-0.3,27.48,27.48,26.58,27.06,91810,91810,,,,,,,,,,,68.26,50,NEUTRAL,kite:2026-05-08,2026-05-08T12:20:47.414Z
KDDL,KDDL,NSE EQ,2456.2,28.5,1.17,2427.7,2547,2416.2,2427.7,30591,30591,,,,,,,,,,,35.45,50,NEUTRAL,kite:2026-05-08,2026-05-08T12:20:47.414Z
KDL-SM,KORE DIGITAL,NSE EQ,157.6,-4.3,-2.66,162.15,162.5,157.6,161.9,10050,10050,,,,,,,,,,,,50,NEUTRAL,kite:2026-05-08,2026-05-08T12:20:47.414Z
KEC,KEC INTL.,NSE EQ,598.05,-14.4,-2.35,612,615,597,612.45,1345009,1345009,,,,,,,,,,,50.01,50,NEUTRAL,kite:2026-05-08,2026-05-08T12:20:47.414Z
KECL-BE,KIRLOSKAR ELECTRIC CO,NSE EQ,125.04,-4.07,-3.15,129.11,129.11,124.8,129.11,62143,62143,,,,,,,,,,,,46,NEUTRAL,kite:2026-05-08,2026-05-08T12:20:47.414Z
KEEPLEARN,DSJ KEEP LEARNING,NSE EQ,2.07,-0.01,-0.48,2.09,2.13,2.05,2.08,17828,17828,,,,,,,,,,,81.19,50,NEUTRAL,kite:2026-05-08,2026-05-08T12:20:47.414Z
KEI,KEI INDUSTRIES,NSE EQ,5099.6,-10.6,-0.21,5126,5179.9,5064.3,5110.2,361665,361665,,,,,,,,,,,45.92,50,NEUTRAL,kite:2026-05-08,2026-05-08T12:20:47.414Z
KEL-SM,KUNDAN EDIFICE,NSE EQ,85,3.3,4.04,81.7,85,81.7,81.7,12000,12000,,,,,,,,,,,,54,NEUTRAL,kite:2026-05-08,2026-05-08T12:20:47.414Z
KELLTONTEC,KELLTON TECH SOL,NSE EQ,16.15,-0.05,-0.31,16.17,16.31,16.04,16.2,1546876,1546876,,,,,,,,,,,50.75,50,NEUTRAL,kite:2026-05-08,2026-05-08T12:20:47.414Z
KEN-SM,KEN ENTERPRISES,NSE EQ,35.65,-1,-2.73,36.65,37,34.85,36.65,10800,10800,,,,,,,,,,,,50,NEUTRAL,kite:2026-05-08,2026-05-08T12:20:47.414Z
KENNAMET,KENNAMETAL INDIA,NSE EQ,3128.3,294.7,10.4,3375,3400.3,3121.2,2833.6,170666,170666,,,,,,,,,,,48.08,54,NEUTRAL,kite:2026-05-08,2026-05-08T12:20:47.414Z
KERNEX,KERNEX MICROSYS(I),NSE EQ,1583.8,65.3,4.3,1535,1626,1534.1,1518.5,725481,725481,,,,,,,,,,,40.69,54,NEUTRAL,kite:2026-05-08,2026-05-08T12:20:47.414Z
KESORAMIND,KESORAM INDUSTRIES,NSE EQ,11.85,0.56,4.96,11.5,11.85,11.44,11.29,1595480,1595480,,,,,,,,,,,74.12,54,NEUTRAL,kite:2026-05-08,2026-05-08T12:20:47.414Z
KEYFINSERV,KEYNOTE FIN SERV,NSE EQ,295.95,1.1,0.37,294.95,301.6,292.5,294.85,2561,2561,,,,,,,,,,,44.83,50,NEUTRAL,kite:2026-05-08,2026-05-08T12:20:47.414Z
KFINTECH,KFIN TECHNOLOGIES,NSE EQ,916.3,-11.25,-1.21,926.5,927.95,912.35,927.55,1307295,1307295,,,,,,,,,,,51.08,50,NEUTRAL,kite:2026-05-08,2026-05-08T12:20:47.414Z
KHADIM,KHADIM INDIA,NSE EQ,109.26,-2.98,-2.66,112.24,114,108.81,112.24,81829,81829,,,,,,,,,,,66.09,50,NEUTRAL,kite:2026-05-08,2026-05-08T12:20:47.414Z
KHAICHEM-BE,KHAITAN CHEM & FERT,NSE EQ,59.22,-1.49,-2.45,60.69,60.71,59,60.71,94903,94903,,,,,,,,,,,,50,NEUTRAL,kite:2026-05-08,2026-05-08T12:20:47.414Z
KHAITANLTD-BE,KHAITAN (INDIA)LTD.,NSE EQ,131.19,-1.01,-0.76,132.2,138,128.2,132.2,3959,3959,,,,,,,,,,,,50,NEUTRAL,kite:2026-05-08,2026-05-08T12:20:47.414Z
KHANDSE,KHANDWALA SECURITIES,NSE EQ,17.48,-0.01,-0.06,17.92,18.37,17.21,17.49,2144,2144,,,,,,,,,,,91,50,NEUTRAL,kite:2026-05-08,2026-05-08T12:20:47.414Z
KHFM-SM,KHFM HOS FAC MANA SER,NSE EQ,48,-2,-4,48,48,48,50,1550,1550,,,,,,,,,,,,46,NEUTRAL,kite:2026-05-08,2026-05-08T12:20:47.414Z
KICL,KALYANI INVEST CO,NSE EQ,5064.2,-39.3,-0.77,5078,5199,5001.1,5103.5,2347,2347,,,,,,,,,,,57.99,50,NEUTRAL,kite:2026-05-08,2026-05-08T12:20:47.414Z
KILITCH,KILITCH DRUGS INDIA,NSE EQ,160.07,2.39,1.52,160,170.5,159,157.68,151453,151453,,,,,,,,,,,31.62,50,NEUTRAL,kite:2026-05-08,2026-05-08T12:20:47.414Z
KIMS,KRISHNA INST OF MED SCI L,NSE EQ,717.6,10.75,1.52,706.6,721.2,705.65,706.85,364830,364830,,,,,,,,,,,63.38,50,NEUTRAL,kite:2026-05-08,2026-05-08T12:20:47.414Z
KINGFA,KINGFA SCI & TEC IND,NSE EQ,5374.9,415.2,8.37,4958.5,5399.4,4897,4959.7,42902,42902,,,,,,,,,,,65.42,54,NEUTRAL,kite:2026-05-08,2026-05-08T12:20:47.414Z
KIOCL,KIOCL,NSE EQ,401.7,-6.75,-1.65,407.5,408.65,396.6,408.45,277702,277702,,,,,,,,,,,36.31,50,NEUTRAL,kite:2026-05-08,2026-05-08T12:20:47.414Z
KIRANVYPAR,KIRAN VYAPAR,NSE EQ,194.05,-1.21,-0.62,195,199,190.2,195.26,667,667,,,,,,,,,,,88.46,50,NEUTRAL,kite:2026-05-08,2026-05-08T12:20:47.414Z
KIRIINDUS,KIRI INDUSTRIES,NSE EQ,422.2,-10.2,-2.36,429.75,433.65,418,432.4,261026,261026,,,,,,,,,,,46.39,50,NEUTRAL,kite:2026-05-08,2026-05-08T12:20:47.414Z
KIRLFER,KIRLOSKAR FERROUS IND,NSE EQ,449.7,-3.4,-0.75,487,487,441,453.1,255832,255832,,,,,,,,,,,47.33,50,NEUTRAL,kite:2026-05-08,2026-05-08T12:20:47.414Z
KIRLOSBROS,KIRLOSKAR BROTHERS,NSE EQ,1733.1,-29,-1.65,1760.3,1768.9,1722.1,1762.1,55978,55978,,,,,,,,,,,45.04,50,NEUTRAL,kite:2026-05-08,2026-05-08T12:20:47.414Z
KIRLOSENG,KIRLOSKAR OIL ENG,NSE EQ,1728.9,1,0.06,1729.8,1749.9,1722,1727.9,124199,124199,,,,,,,,,,,47.85,50,NEUTRAL,kite:2026-05-08,2026-05-08T12:20:47.414Z
KIRLOSIND,KIRLOSKAR INDUSTRIES,NSE EQ,3375.8,19.8,0.59,3386.4,3399.8,3341.9,3356,3652,3652,,,,,,,,,,,56.6,50,NEUTRAL,kite:2026-05-08,2026-05-08T12:20:47.414Z
KIRLPNU,KIRLOSKAR PNEUMATIC COM L,NSE EQ,1560.2,-30.6,-1.92,1599.7,1613.8,1550.1,1590.8,129465,129465,,,,,,,,,,,49.95,50,NEUTRAL,kite:2026-05-08,2026-05-08T12:20:47.414Z
KISSHT,ONEMI TECHNOLOGY SOL,NSE EQ,208.63,37.63,22.01,190,227.4,190,171,64104155,64104155,,,,,,,,,,,47.78,54,NEUTRAL,kite:2026-05-08,2026-05-08T12:20:47.414Z
KITEX,KITEX GARMENTS,NSE EQ,171.08,-0.3,-0.18,171.38,174.85,170.1,171.38,494986,494986,,,,,,,,,,,41.92,50,NEUTRAL,kite:2026-05-08,2026-05-08T12:20:47.414Z
KKCL,KEWAL KIRAN CLOTHING,NSE EQ,489.35,-7.3,-1.47,496.65,506.15,480.5,496.65,37077,37077,,,,,,,,,,,55.78,50,NEUTRAL,kite:2026-05-08,2026-05-08T12:20:47.414Z
KKJEWELS-SM,KABRA JEWELS,NSE EQ,112.8,2.5,2.27,110.3,112.8,108.35,110.3,12000,12000,,,,,,,,,,,,50,NEUTRAL,kite:2026-05-08,2026-05-08T12:20:47.414Z
KKVAPOW-SM,KKV AGRO POWERS,NSE EQ,644,30,4.89,644,644,644,614,171,171,,,,,,,,,,,,54,NEUTRAL,kite:2026-05-08,2026-05-08T12:20:47.414Z
KLBRENG-B,KILBURN ENGINEERING,NSE EQ,516.75,-3.1,-0.6,520,522.5,512,519.85,26369,26369,,,,,,,,,,,76.19,50,NEUTRAL,kite:2026-05-08,2026-05-08T12:20:47.414Z
KLL-SM,KAUSHALYA LOGISTICS,NSE EQ,40.05,-0.95,-2.32,41,41,39.75,41,8800,8800,,,,,,,,,,,,50,NEUTRAL,kite:2026-05-08,2026-05-08T12:20:47.414Z
KMEW,KNOWLEDGE MARINE & EN W L,NSE EQ,2126.9,-34.5,-1.6,2165,2207.9,2101,2161.4,67326,67326,,,,,,,,,,,44.41,50,NEUTRAL,kite:2026-05-08,2026-05-08T12:20:47.414Z
KMSUGAR,K M SUGAR MILLS,NSE EQ,30,-1.02,-3.29,31.29,31.29,29.71,31.02,204698,204698,,,,,,,,,,,62.61,46,NEUTRAL,kite:2026-05-08,2026-05-08T12:20:47.414Z
KNAGRI,KN AGRI RESOURCES,NSE EQ,185.09,-5.93,-3.1,196.9,197.88,183.4,191.02,67542,67542,,,,,,,,,,,25.56,46,NEUTRAL,kite:2026-05-08,2026-05-08T12:20:47.414Z
KNRCON,KNR CONSTRU,NSE EQ,131.94,-3.01,-2.23,134.8,135.18,131.5,134.95,1175082,1175082,,,,,,,,,,,46.35,50,NEUTRAL,kite:2026-05-08,2026-05-08T12:20:47.414Z
KODYTECH-ST,KODY TECHNOLAB,NSE EQ,771.1,15.1,2,0,771.1,771.1,756,3600,3600,,,,,,,,,,,,50,NEUTRAL,kite:2026-05-08,2026-05-08T12:20:47.414Z
KOHINOOR,KOHINOOR FOODS,NSE EQ,26.52,0.16,0.61,26.49,26.82,26.01,26.36,83148,83148,,,,,,,,,,,21.11,50,NEUTRAL,kite:2026-05-08,2026-05-08T12:20:47.414Z
KOKUYOCMLN,KOKUYO CAMLIN,NSE EQ,96.49,1.58,1.66,94.91,96.98,93.26,94.91,65352,65352,,,,,,,,,,,70.57,50,NEUTRAL,kite:2026-05-08,2026-05-08T12:20:47.414Z
KOLTEPATIL,KOLTE PATIL DEV.,NSE EQ,382.1,-2.15,-0.56,383,390.5,380.6,384.25,32069,32069,,,,,,,,,,,48.43,50,NEUTRAL,kite:2026-05-08,2026-05-08T12:20:47.414Z
KONSTELEC-ST,KONSTELEC ENGINEERS,NSE EQ,45.5,-0.9,-1.94,44.6,46.4,44.6,46.4,2000,2000,,,,,,,,,,,,50,NEUTRAL,kite:2026-05-08,2026-05-08T12:20:47.414Z
KONTOR-SM,KONTOR SPACE,NSE EQ,72.95,0,0,0,87,72.95,72.95,0,0,,,,,,,,,,,,50,NEUTRAL,kite:2026-05-08,2026-05-08T12:20:47.414Z
KOPRAN,KOPRAN,NSE EQ,162.02,-2.47,-1.5,164.7,166.79,161,164.49,175161,175161,,,,,,,,,,,46.59,50,NEUTRAL,kite:2026-05-08,2026-05-08T12:20:47.414Z
KORE-SM,JAY JALARAM TECHNO,NSE EQ,144,2.95,2.09,147,147,144,141.05,1000,1000,,,,,,,,,,,,50,NEUTRAL,kite:2026-05-08,2026-05-08T12:20:47.414Z
KOTAKBANK,Kotak Mahindra Bank Limited,NSE EQ,380.8,1.4,0.37,379,381.5,374,379.4,16183126,16183126,453.2,345.5,,377.17,383.66,395.12,404.11,52.67,9.4,0.79,70.03,50,NEUTRAL,kite:2026-05-08,2026-05-08T12:20:47.414Z
KOTARISUG,KOTHARI SUG & CHEM,NSE EQ,27.35,-0.79,-2.81,27.78,28.19,27.02,28.14,66852,66852,,,,,,,,,,,52.65,50,NEUTRAL,kite:2026-05-08,2026-05-08T12:20:47.414Z
KOTHARIPET,KOTHARI PETROCHEM,NSE EQ,140.74,3.75,2.74,137,142.5,136.99,136.99,162147,162147,,,,,,,,,,,52.26,50,NEUTRAL,kite:2026-05-08,2026-05-08T12:20:47.414Z
KOTHARIPRO,KOTHARI PRODUCTS,NSE EQ,75.92,0.06,0.08,76,76.8,74.01,75.86,7898,7898,,,,,,,,,,,71.82,50,NEUTRAL,kite:2026-05-08,2026-05-08T12:20:47.414Z
KOTIC,KOTHARI INDUSTRIAL CORP L,NSE EQ,180.43,-0.45,-0.25,176,184.9,176,180.88,7666,7666,,,,,,,,,,,46.43,50,NEUTRAL,kite:2026-05-08,2026-05-08T12:20:47.414Z
KOTYARK,KOTYARK INDUSTRIES,NSE EQ,407.6,2.35,0.58,407.25,416.5,401,405.25,97742,97742,,,,,,,,,,,82.33,50,NEUTRAL,kite:2026-05-08,2026-05-08T12:20:47.414Z
KOVAI,KOVAI MEDICAL CENTER & HO,NSE EQ,5689.5,-26.5,-0.46,5770.5,5789,5600,5716,4610,4610,,,,,,,,,,,63.45,50,NEUTRAL,kite:2026-05-08,2026-05-08T12:20:47.414Z
KPEL,K.P. ENERGY,NSE EQ,405.2,-3.8,-0.93,428,434,397.7,409,3156387,3156387,,,,,,,,,,,34.41,50,NEUTRAL,kite:2026-05-08,2026-05-08T12:20:47.414Z
KPIGREEN,KPI GREEN ENERGY,NSE EQ,476.2,-12.05,-2.47,489.9,492.55,474,488.25,1565374,1565374,,,,,,,,,,,34.93,50,NEUTRAL,kite:2026-05-08,2026-05-08T12:20:47.414Z
KPIL,KALPATARU PROJECT INT,NSE EQ,1275.7,-22.2,-1.71,1304.8,1329,1270.1,1297.9,233212,233212,,,,,,,,,,,59.58,50,NEUTRAL,kite:2026-05-08,2026-05-08T12:20:47.414Z
KPITTECH,KPIT Technologies Limited,NSE EQ,729.15,6.5,0.9,722.6,735.8,704,722.65,4551374,4551374,1434.5,624.9,,736.67,767.65,866.84,1012.63,47.65,31.01,1.85,23.97,44,NEUTRAL,kite:2026-05-08,2026-05-08T12:20:47.414Z
KPL,KWALITY PHARMACEUTICALS L,NSE EQ,1743.8,16.8,0.97,1735,1768.1,1714,1727,9603,9603,,,,,,,,,,,53.68,50,NEUTRAL,kite:2026-05-08,2026-05-08T12:20:47.414Z
KPRMILL,KPR MILL,NSE EQ,955.75,-22.25,-2.28,975,989.15,951,978,183928,183928,,,,,,,,,,,40.87,50,NEUTRAL,kite:2026-05-08,2026-05-08T12:20:47.414Z
KRBL,KRBL,NSE EQ,373.15,-4.8,-1.27,377.95,382.5,370.75,377.95,398482,398482,,,,,,,,,,,37.89,50,NEUTRAL,kite:2026-05-08,2026-05-08T12:20:47.414Z
KREBSBIO-BE,KREBS BIOCHEMICALS & IND,NSE EQ,60.2,-1.8,-2.9,62,62.31,60.2,62,255,255,,,,,,,,,,,,50,NEUTRAL,kite:2026-05-08,2026-05-08T12:20:47.414Z
KRIDHANINF,KRIDHAN INFRA,NSE EQ,3.01,0.14,4.88,3.01,3.01,3.01,2.87,76275,76275,,,,,,,,,,,100,54,NEUTRAL,kite:2026-05-08,2026-05-08T12:20:47.414Z
KRISHANA,KRISHANA PHOSCHEM,NSE EQ,702.05,21.55,3.17,682.1,703.95,682.1,680.5,619046,619046,,,,,,,,,,,60.74,54,NEUTRAL,kite:2026-05-08,2026-05-08T12:20:47.414Z
KRISHCA-SM,KRISHCA STRAPPING SLTN L,NSE EQ,182,2.25,1.25,179.75,184.9,174.8,179.75,32000,32000,,,,,,,,,,,,50,NEUTRAL,kite:2026-05-08,2026-05-08T12:20:47.414Z
KRISHIVAL,KRISHIVAL FOODS,NSE EQ,367.85,0,0,370,370,367.15,367.85,3347,3347,,,,,,,,,,,80.04,50,NEUTRAL,kite:2026-05-08,2026-05-08T12:20:47.414Z
KRISHNADEF,KRISHNA DEF AND ALD IND L,NSE EQ,1193.5,46.9,4.09,1160,1243,1146.7,1146.6,216798,216798,,,,,,,,,,,39.05,54,NEUTRAL,kite:2026-05-08,2026-05-08T12:20:47.414Z
KRISHPP-E1,KRISHIVAL RE.3.50 PPD UP,NSE EQ,117.5,0,0,0,117.8,116,117.5,0,0,,,,,,,,,,,,50,NEUTRAL,kite:2026-05-08,2026-05-08T12:20:47.414Z
KRITI-BE,KRITI INDUSTRIES IND,NSE EQ,86.49,-2.47,-2.78,88.95,90.99,85,88.96,28406,28406,,,,,,,,,,,,50,NEUTRAL,kite:2026-05-08,2026-05-08T12:20:47.414Z
KRITIKA,KRITIKA WIRES,NSE EQ,6.32,0.17,2.76,6.27,6.37,6.18,6.15,238640,238640,,,,,,,,,,,70.4,50,NEUTRAL,kite:2026-05-08,2026-05-08T12:20:47.414Z
KRITINUT-BE,KRITI NUTRIENTS,NSE EQ,91.39,-2.43,-2.59,94.49,94.98,90,93.82,17189,17189,,,,,,,,,,,,50,NEUTRAL,kite:2026-05-08,2026-05-08T12:20:47.414Z
KRMAYURVED-ST,KRM AYURVEDA,NSE EQ,261.05,0.1,0.04,265,270,260,260.95,60000,60000,,,,,,,,,,,,50,NEUTRAL,kite:2026-05-08,2026-05-08T12:20:47.414Z
KRN,KRN HEAT EXCHANGE N REF L,NSE EQ,1300.2,-29,-2.18,1326.1,1350,1279.5,1329.2,459756,459756,,,,,,,,,,,28.37,50,NEUTRAL,kite:2026-05-08,2026-05-08T12:20:47.414Z
KRONOX,KRONOX LAB SCIENCES,NSE EQ,140.72,-1.47,-1.03,141.1,143.02,139.05,142.19,24235,24235,,,,,,,,,,,65.42,50,NEUTRAL,kite:2026-05-08,2026-05-08T12:20:47.414Z
KROSS,KROSS,NSE EQ,225.74,9.8,4.54,217.9,230,217.12,215.94,5009811,5009811,,,,,,,,,,,15.19,54,NEUTRAL,kite:2026-05-08,2026-05-08T12:20:47.414Z
KRSNAA,KRSNAA DIAGNOSTICS,NSE EQ,599.5,-4.3,-0.71,609.5,622,597.1,603.8,241088,241088,,,,,,,,,,,68.77,50,NEUTRAL,kite:2026-05-08,2026-05-08T12:20:47.414Z
KRT-RR,KNOWLEDGE REALTY TRUST,NSE EQ,117.98,0.03,0.03,118.4,118.8,116.65,117.95,313467,313467,,,,,,,,,,,,50,NEUTRAL,kite:2026-05-08,2026-05-08T12:20:47.414Z
KRYSTAL,KRYSTAL INTEGRATED SER L,NSE EQ,598.4,-15.95,-2.6,614.35,620,593.35,614.35,57238,57238,,,,,,,,,,,61.53,50,NEUTRAL,kite:2026-05-08,2026-05-08T12:20:47.414Z
KSB,KSB,NSE EQ,877.35,-17.9,-2,886.3,894.15,872.5,895.25,165423,165423,,,,,,,,,,,61.47,50,NEUTRAL,kite:2026-05-08,2026-05-08T12:20:47.414Z
KSCL,KAVERI SEED CO.,NSE EQ,992.6,-11.2,-1.12,1009.65,1009.65,985.5,1003.8,110308,110308,,,,,,,,,,,52.05,50,NEUTRAL,kite:2026-05-08,2026-05-08T12:20:47.414Z
KSHINTL,KSH INTERNATIONAL,NSE EQ,624.65,-5.35,-0.85,634.9,647.45,618,630,279138,279138,,,,,,,,,,,41.31,50,NEUTRAL,kite:2026-05-08,2026-05-08T12:20:47.414Z
KSHITIJPOL-BE,KSHITIJ POLYLINE,NSE EQ,4.16,0.19,4.79,4.16,4.16,4.04,3.97,2030390,2030390,,,,,,,,,,,,54,NEUTRAL,kite:2026-05-08,2026-05-08T12:20:47.414Z
KSL,KALYANI STEELS,NSE EQ,862.5,-31.85,-3.56,901.8,904.9,845,894.35,80575,80575,,,,,,,,,,,57.71,46,NEUTRAL,kite:2026-05-08,2026-05-08T12:20:47.414Z
KSOLVES,KSOLVES INDIA,NSE EQ,294.45,-0.25,-0.08,296,299,290.4,294.7,47744,47744,,,,,,,,,,,52.27,50,NEUTRAL,kite:2026-05-08,2026-05-08T12:20:47.414Z
KSR-BE,KSR FOOTWEAR,NSE EQ,37.25,1.25,3.47,35.1,37.7,35.1,36,20255,20255,,,,,,,,,,,,54,NEUTRAL,kite:2026-05-08,2026-05-08T12:20:47.414Z
KTKBANK,KARNATAKA BANK,NSE EQ,259.35,-7.45,-2.79,265.95,265.95,258.3,266.8,1337905,1337905,,,,,,,,,,,51.86,50,NEUTRAL,kite:2026-05-08,2026-05-08T12:20:47.414Z
KUANTUM,KUANTUM PAPERS,NSE EQ,79.84,-0.48,-0.6,80.32,81.88,78.36,80.32,63232,63232,,,,,,,,,,,67.35,50,NEUTRAL,kite:2026-05-08,2026-05-08T12:20:47.414Z
KWIL,KWALITY WALL'S (INDIA) L,NSE EQ,29.18,0.21,0.72,29,29.85,28.54,28.97,10254703,10254703,,,,,,,,,,,42.64,50,NEUTRAL,kite:2026-05-08,2026-05-08T12:20:47.414Z
LAGNAM,LAGNAM SPINTEX,NSE EQ,83.83,-1.42,-1.67,88.4,88.4,82.4,85.25,18364,18364,,,,,,,,,,,84.71,50,NEUTRAL,kite:2026-05-08,2026-05-08T12:20:47.414Z
LAHOTIOV,LAHOTI OVERSEAS,NSE EQ,46.73,0.03,0.06,48.3,50.8,46,46.7,103245,103245,,,,,,,,,,,45.33,50,NEUTRAL,kite:2026-05-08,2026-05-08T12:20:47.414Z
LAKPRE-BZ,LAKSHMI PRE SCRE,NSE EQ,5.63,0.25,4.65,5.38,5.64,5.33,5.38,11823,11823,,,,,,,,,,,,54,NEUTRAL,kite:2026-05-08,2026-05-08T12:20:47.414Z
LAKSHYA-ST,LAKSHYA POWERTECH,NSE EQ,143,-4.45,-3.02,141.05,145.1,141.05,147.45,10400,10400,,,,,,,,,,,,46,NEUTRAL,kite:2026-05-08,2026-05-08T12:20:47.414Z
LAL,LORENZINI APPARELS,NSE EQ,7.21,0.02,0.28,7.35,7.35,7.2,7.19,16602,16602,,,,,,,,,,,77.78,50,NEUTRAL,kite:2026-05-08,2026-05-08T12:20:47.414Z
LALPATHLAB,DR. LAL PATH LABS,NSE EQ,1649.8,84.3,5.38,1558,1660,1551.9,1565.5,885886,885886,,,,,,,,,,,44.05,54,NEUTRAL,kite:2026-05-08,2026-05-08T12:20:47.414Z
LAMBODHARA,LAMBODHARA TEXTILES,NSE EQ,112.35,-2.54,-2.21,116,116,112,114.89,8145,8145,,,,,,,,,,,59.67,50,NEUTRAL,kite:2026-05-08,2026-05-08T12:20:47.414Z
LAMOSAIC-SM,LAMOSAIC INDIA,NSE EQ,23.5,-0.35,-1.47,23.8,23.95,23.5,23.85,6600,6600,,,,,,,,,,,,50,NEUTRAL,kite:2026-05-08,2026-05-08T12:20:47.414Z
LANCORHOL-BE,LANCOR HOLDINGS,NSE EQ,24.3,0.18,0.75,24.9,24.9,24,24.12,10336,10336,,,,,,,,,,,,50,NEUTRAL,kite:2026-05-08,2026-05-08T12:20:47.414Z
LANDMARK,LANDMARK CARS,NSE EQ,402.7,-5.8,-1.42,409,411.8,401.2,408.5,77111,77111,,,,,,,,,,,52.53,50,NEUTRAL,kite:2026-05-08,2026-05-08T12:20:47.414Z
LANDSMILL,LANDSMILL GREEN,NSE EQ,0.95,-0.01,-1.04,0.97,0.97,0.95,0.96,1944951,1944951,,,,,,,,,,,52.41,50,NEUTRAL,kite:2026-05-08,2026-05-08T12:20:47.414Z
LAOPALA,LA OPALA RG,NSE EQ,184.23,-1.56,-0.84,185.31,186.89,181.8,185.79,133664,133664,,,,,,,,,,,51.82,50,NEUTRAL,kite:2026-05-08,2026-05-08T12:20:47.414Z
LASA-BE,LASA SUPERGENERICS,NSE EQ,8.21,0.18,2.24,8.07,8.29,8,8.03,26562,26562,,,,,,,,,,,,50,NEUTRAL,kite:2026-05-08,2026-05-08T12:20:47.414Z
LATENTVIEW,LATENT VIEW ANALYTICS,NSE EQ,314.75,4.15,1.34,310.1,322.1,307.1,310.6,1636045,1636045,,,,,,,,,,,32.44,50,NEUTRAL,kite:2026-05-08,2026-05-08T12:20:47.414Z
LATTEYS,LATTEYS INDUSTRIES,NSE EQ,21.83,0.04,0.18,21.15,22.19,21.15,21.79,67373,67373,,,,,,,,,,,91.63,50,NEUTRAL,kite:2026-05-08,2026-05-08T12:20:47.414Z
LAURUSLABS,Laurus Labs Limited,NSE EQ,1228.3,21.8,1.81,1206,1237.9,1206,1206.5,1958542,1958542,1237.9,572.25,,1131.45,1085.6,1044.36,956.95,72.72,33.6,0.98,38.11,54,NEUTRAL,kite:2026-05-08,2026-05-08T12:20:47.414Z
LAXMICOT-BE,LAXMI COTSPIN,NSE EQ,14.2,0.09,0.64,14.04,14.51,13.97,14.11,5942,5942,,,,,,,,,,,,50,NEUTRAL,kite:2026-05-08,2026-05-08T12:20:47.414Z
LAXMIDENTL,LAXMI DENTAL,NSE EQ,215.1,-2.58,-1.19,217.5,219.5,214.75,217.68,84713,84713,,,,,,,,,,,52.41,50,NEUTRAL,kite:2026-05-08,2026-05-08T12:20:47.414Z
LAXMIINDIA,LAXMI INDIA FINANCE,NSE EQ,129.45,-7.34,-5.37,137,137,128,136.79,345278,345278,,,,,,,,,,,49.14,46,NEUTRAL,kite:2026-05-08,2026-05-08T12:20:47.414Z
LCCINFOTEC-BE,LCC INFOTECH,NSE EQ,4.87,0.23,4.96,4.55,4.87,4.46,4.64,12473,12473,,,,,,,,,,,,54,NEUTRAL,kite:2026-05-08,2026-05-08T12:20:47.414Z
LEMERITE,LE MERITE EXPORTS,NSE EQ,439.7,-2.8,-0.63,444.75,446.95,437.15,442.5,171998,171998,,,,,,,,,,,81.24,50,NEUTRAL,kite:2026-05-08,2026-05-08T12:20:47.414Z
LEMONTREE,LEMON TREE HOTELS,NSE EQ,120.41,-1.4,-1.15,120.8,122.1,120,121.81,1981025,1981025,,,,,,,,,,,53.63,50,NEUTRAL,kite:2026-05-08,2026-05-08T12:20:47.414Z
LENSKART,LENSKART SOLUTIONS,NSE EQ,489.25,1.5,0.31,487,498.7,473.4,487.75,54291417,54291417,,,,,,,,,,,51.03,50,NEUTRAL,kite:2026-05-08,2026-05-08T12:20:47.414Z
LEXUS-BE,LEXUS GRANITO (INDIA),NSE EQ,19.4,0.43,2.27,18.6,19.85,18.55,18.97,34992,34992,,,,,,,,,,,,50,NEUTRAL,kite:2026-05-08,2026-05-08T12:20:47.414Z
LFIC,LAKSHMI FIN IND CORP,NSE EQ,150.42,5.41,3.73,145,151.99,145,145.01,4059,4059,,,,,,,,,,,76.62,54,NEUTRAL,kite:2026-05-08,2026-05-08T12:20:47.414Z
LGBBROSLTD,LG BALAKRISHNAN & BROS,NSE EQ,1683.8,-41.7,-2.42,1725.5,1760.9,1672.8,1725.5,34537,34537,,,,,,,,,,,48.9,50,NEUTRAL,kite:2026-05-08,2026-05-08T12:20:47.414Z
LGEINDIA,LG ELECTRONICS INDIA,NSE EQ,1505.3,-37.3,-2.42,1553.6,1553.6,1496.5,1542.6,1236612,1236612,,,,,,,,,,,69.56,50,NEUTRAL,kite:2026-05-08,2026-05-08T12:20:47.414Z
LGHL,LAXMI GOLDORNA HOUSE,NSE EQ,252.3,-7.65,-2.94,260,264.4,245.65,259.95,24706,24706,,,,,,,,,,,8.62,50,NEUTRAL,kite:2026-05-08,2026-05-08T12:20:47.414Z
LIBAS,LIBAS CONSU PRODUCTS,NSE EQ,12.62,-0.04,-0.32,12.5,12.83,12.29,12.66,16382,16382,,,,,,,,,,,94.63,50,NEUTRAL,kite:2026-05-08,2026-05-08T12:20:47.414Z
LIBERTSHOE,LIBERTY SHOES,NSE EQ,255.5,1.1,0.43,254.4,257.5,252.65,254.4,22592,22592,,,,,,,,,,,55.97,50,NEUTRAL,kite:2026-05-08,2026-05-08T12:20:47.414Z
LICHSGFIN,LIC Housing Finance Limited,NSE EQ,581.5,-4.85,-0.83,586.35,587.5,578.05,586.35,654532,654532,646.5,458.9,,553.35,536.83,535.75,552.98,66.94,13.78,0.42,31.12,66,BUY,kite:2026-05-08,2026-05-08T12:20:47.414Z
LICI,Life Insurance Corporation of India,NSE EQ,802.15,-9,-1.11,810,810,800.65,811.15,963403,963403,980,721.5,,805.58,809.63,825.67,853.29,48.59,11.79,0.63,48.4,38,SELL,kite:2026-05-08,2026-05-08T12:20:47.414Z
LICMFGOLD,LIC MF GOLD ETF,NSE EQ,135.75,0.3,0.22,135.8,136.1,135.2,135.45,48608,48608,,,,,,,,,,,49.19,50,NEUTRAL,kite:2026-05-08,2026-05-08T12:20:47.414Z
LICNETFGSC,LIC MF NIFTY 8-13 YR G-SEC ETF,NSE EQ,28.77,0.02,0.07,28.89,28.98,28.55,28.75,30435,30435,,,,,,,,,,,99.43,50,NEUTRAL,kite:2026-05-08,2026-05-08T12:20:47.414Z
LICNETFN50,LIC MF NIFTY 50 ETF,NSE EQ,270.13,-0.51,-0.19,270.41,270.52,268.3,270.64,382,382,,,,,,,,,,,100,50,NEUTRAL,kite:2026-05-08,2026-05-08T12:20:47.414Z
LICNETFSEN,LIC MF BSE SENSEX ETF,NSE EQ,870.41,-3.23,-0.37,871.34,871.34,869.89,873.64,69,69,,,,,,,,,,,100,50,NEUTRAL,kite:2026-05-08,2026-05-08T12:20:47.414Z
LICNFNHGP,LIC MF NIFTY 100 ETF,NSE EQ,275.06,-1.6,-0.58,275.64,283.35,273.82,276.66,218,218,,,,,,,,,,,93.12,50,NEUTRAL,kite:2026-05-08,2026-05-08T12:20:47.414Z
LICNMID100,LIC MF NIFTY MIDCAP 100 ETF,NSE EQ,62.28,0,0,62.28,62.68,61.92,62.28,8549,8549,,,,,,,,,,,78,50,NEUTRAL,kite:2026-05-08,2026-05-08T12:20:47.414Z
LIKHITHA-BE,LIKHITHA INFRASTRUC,NSE EQ,216.48,-7.43,-3.32,224.45,224.45,215,223.91,40096,40096,,,,,,,,,,,,46,NEUTRAL,kite:2026-05-08,2026-05-08T12:20:47.414Z
LINC,LINC,NSE EQ,105.65,-2.79,-2.57,109.52,109.52,105,108.44,32249,32249,,,,,,,,,,,67.2,50,NEUTRAL,kite:2026-05-08,2026-05-08T12:20:47.414Z
LINCOLN,LINCOLN PHARMA,NSE EQ,674.9,4.25,0.63,668,683.7,660.2,670.65,46289,46289,,,,,,,,,,,38.57,50,NEUTRAL,kite:2026-05-08,2026-05-08T12:20:47.414Z
LINDEINDIA,LINDE INDIA,NSE EQ,7808.5,-39,-0.5,7859.5,8005,7752,7847.5,80469,80469,,,,,,,,,,,45.11,50,NEUTRAL,kite:2026-05-08,2026-05-08T12:20:47.414Z
LIQGRWBEES,NIPPON INDIA NIFTY 1D RATE LIQUID ETF - GROWTH,NSE EQ,1038.74,0.38,0.04,1038.74,1038.76,1038.74,1038.36,17092,17092,,,,,,,,,,,68.37,50,NEUTRAL,kite:2026-05-08,2026-05-08T12:20:47.414Z
LIQUID1,KOTAK NIFTY 1D RATE LIQUID ETF,NSE EQ,1103.54,0.45,0.04,1136.18,1136.18,1103.53,1103.09,700788,700788,,,,,,,,,,,68.39,50,NEUTRAL,kite:2026-05-08,2026-05-08T12:20:47.414Z
LIQUIDBETF,BAJAJ FINSERV NIFTY 1D RATE LIQUID ETF - GROWTH,NSE EQ,1080.84,0.42,0.04,1080.83,1080.85,1080.83,1080.42,192483,192483,,,,,,,,,,,59.38,50,NEUTRAL,kite:2026-05-08,2026-05-08T12:20:47.414Z
LIQUIDETF,DSP NIFTY 1D RATE LIQUID ETF,NSE EQ,1000,0,0,1000,1000.01,999.99,1000,51879,51879,,,,,,,,,,,64.16,50,NEUTRAL,kite:2026-05-08,2026-05-08T12:20:47.414Z
LIQUIDPLUS,MIRAE ASSET NIFTY 1D RATE LIQUID ETF - GROWTH,NSE EQ,1084.6,0.44,0.04,1084.59,1084.61,1084.59,1084.16,119511,119511,,,,,,,,,,,72.06,50,NEUTRAL,kite:2026-05-08,2026-05-08T12:20:47.414Z
LIQUIDSBI,SBI NIFTY 1D RATE LIQUID ETF - IDCW,NSE EQ,1000,0,0,1000,1000.01,999.99,1000,6364,6364,,,,,,,,,,,73.66,50,NEUTRAL,kite:2026-05-08,2026-05-08T12:20:47.414Z
LIQUIDSHRI,SHRIRAM NIFTY 1D RATE LIQUID ETF,NSE EQ,1103.63,0.42,0.04,1103.62,1103.64,1103.62,1103.21,7440,7440,,,,,,,,,,,71.77,50,NEUTRAL,kite:2026-05-08,2026-05-08T12:20:47.414Z
LLOYDS-ST,LLOYDS LUXURIES,NSE EQ,93.15,0,0,0,93.15,93.15,93.15,0,0,,,,,,,,,,,,50,NEUTRAL,kite:2026-05-08,2026-05-08T12:20:47.414Z
LLOYDSENGG,LLOYDS ENGG WORK,NSE EQ,62.87,1.6,2.61,61.88,64.5,61.54,61.27,15065164,15065164,,,,,,,,,,,34.04,50,NEUTRAL,kite:2026-05-08,2026-05-08T12:20:47.414Z
LLOYDSENT,LLOYDS ENTERPRISES,NSE EQ,71.64,1.76,2.52,69.75,73.73,69.5,69.88,8711758,8711758,,,,,,,,,,,24.35,50,NEUTRAL,kite:2026-05-08,2026-05-08T12:20:47.414Z
LLOYDSME,LLOYDS METALS N ENERGY L,NSE EQ,1736.3,9.6,0.56,1726.2,1755,1702.7,1726.7,510382,510382,,,,,,,,,,,47.71,50,NEUTRAL,kite:2026-05-08,2026-05-08T12:20:47.414Z
LMW,LMW,NSE EQ,14972,-38,-0.25,14980,15246,14831,15010,3296,3296,,,,,,,,,,,47.09,50,NEUTRAL,kite:2026-05-08,2026-05-08T12:20:47.414Z
LODHA,Lodha Developers Limited,NSE EQ,962.1,-5.25,-0.54,967.35,974.9,956.35,967.35,1812273,1812273,1531,650.8,,891.57,892.06,953.68,1076.98,66.08,29.88,0.61,47.01,54,NEUTRAL,kite:2026-05-08,2026-05-08T12:20:47.414Z
LOKESHMACH-BE,LOKESH MACHINES,NSE EQ,267.14,1.83,0.69,265,268,255.6,265.31,13933,13933,,,,,,,,,,,,50,NEUTRAL,kite:2026-05-08,2026-05-08T12:20:47.414Z
LORDSCHLO,LORDS CHLORO ALKALI,NSE EQ,145.86,-1.32,-0.9,147.92,148,142.52,147.18,7188,7188,,,,,,,,,,,76.66,50,NEUTRAL,kite:2026-05-08,2026-05-08T12:20:47.414Z
LOTUSDEV,SRI LOTUS DEVLPRS N RTY L,NSE EQ,146.83,-0.36,-0.24,148,148.65,144.79,147.19,621067,621067,,,,,,,,,,,49.87,50,NEUTRAL,kite:2026-05-08,2026-05-08T12:20:47.414Z
LOTUSEYE,LOTUS EYE HOSP & INST L,NSE EQ,116.39,-0.6,-0.51,116.1,117.69,115.2,116.99,7651,7651,,,,,,,,,,,86.97,50,NEUTRAL,kite:2026-05-08,2026-05-08T12:20:47.414Z
LOVABLE,LOVABLE LINGERIE,NSE EQ,74.63,-0.09,-0.12,74.71,75.95,74.02,74.72,9647,9647,,,,,,,,,,,63.5,50,NEUTRAL,kite:2026-05-08,2026-05-08T12:20:47.414Z
LOWVOL,MIRAE ASSET NIFTY 100 LOW VOLATILITY 30 ETF,NSE EQ,204.42,-0.43,-0.21,204.36,204.42,203.23,204.85,155,155,,,,,,,,,,,52.9,50,NEUTRAL,kite:2026-05-08,2026-05-08T12:20:47.414Z
LOWVOL1,KOTAK NIFTY 100 LOW VOLATILITY 30 ETF,NSE EQ,20.78,-0.05,-0.24,20.7,21.09,20.55,20.83,108801,108801,,,,,,,,,,,92.82,50,NEUTRAL,kite:2026-05-08,2026-05-08T12:20:47.414Z
LOYALTEX-BE,LOYAL TEXTILE MILLS,NSE EQ,232.03,-2.84,-1.21,233.7,244.9,232,234.87,404,404,,,,,,,,,,,,50,NEUTRAL,kite:2026-05-08,2026-05-08T12:20:47.414Z
LPDC-BE,LANDMARK PR.DEV.CO.LTD,NSE EQ,7.52,-0.26,-3.34,7.75,7.8,7.5,7.78,17224,17224,,,,,,,,,,,,46,NEUTRAL,kite:2026-05-08,2026-05-08T12:20:47.414Z
LRRPL-SM,LEAD REC AND RUB PROD,NSE EQ,77.25,3.2,4.32,74.75,77.25,74,74.05,15000,15000,,,,,,,,,,,,54,NEUTRAL,kite:2026-05-08,2026-05-08T12:20:47.414Z
LT,Larsen & Toubro Limited,NSE EQ,3974.5,-48.5,-1.21,4010,4014,3960,4023,1620273,1620273,4440,3288.1,,3993.75,3946.28,3928.85,3832.83,50.09,89.81,0.5,54.87,50,NEUTRAL,kite:2026-05-08,2026-05-08T12:20:47.414Z
LTF,L&T FINANCE,NSE EQ,303.4,-0.25,-0.08,303,305.2,300.7,303.65,2525155,2525155,,,,,,,,,,,41.55,50,NEUTRAL,kite:2026-05-08,2026-05-08T12:20:47.414Z
LTFOODS,LT FOODS,NSE EQ,429.9,-2.3,-0.53,432.2,432.25,427,432.2,202846,202846,,,,,,,,,,,50.25,50,NEUTRAL,kite:2026-05-08,2026-05-08T12:20:47.414Z
LTGILTBEES,NIPPON INDIA ETF LONG TERM GILT,NSE EQ,29.23,-0.04,-0.14,28.39,29.32,28.39,29.27,1136460,1136460,,,,,,,,,,,54.94,50,NEUTRAL,kite:2026-05-08,2026-05-08T12:20:47.414Z
LTGILTCASE,ZERODHA NIFTY 8-13 YR G-SEC ETF,NSE EQ,29.81,-0.05,-0.17,30.3,30.3,29.4,29.86,129660,129660,,,,,,,,,,,98.71,50,NEUTRAL,kite:2026-05-08,2026-05-08T12:20:47.414Z
LTM,LTM,NSE EQ,4349.8,99.8,2.35,4254.5,4374.4,4239.2,4250,287392,287392,,,,,,,,,,,35.56,50,NEUTRAL,kite:2026-05-08,2026-05-08T12:20:47.414Z
LTTS,L&T Technology Services Limited,NSE EQ,3802.6,29.7,0.79,3795,3847.9,3774.1,3772.9,88953,88953,4726,3010,,3598.3,3548.98,3684.95,3911.34,65.47,102.99,0.71,28.74,66,BUY,kite:2026-05-08,2026-05-08T12:20:47.414Z
LUMAXIND,LUMAX INDUSTRIES,NSE EQ,5760,336,6.19,5342.5,5820,5342.5,5424,68156,68156,,,,,,,,,,,48.08,54,NEUTRAL,kite:2026-05-08,2026-05-08T12:20:47.414Z
LUMAXTECH,LUMAX AUTO TECH,NSE EQ,1736.1,28.8,1.69,1707.3,1759.7,1700,1707.3,210446,210446,,,,,,,,,,,38.08,50,NEUTRAL,kite:2026-05-08,2026-05-08T12:20:47.414Z
LUPIN,Lupin Limited,NSE EQ,2379.5,-80.6,-3.28,2425,2475,2347.9,2460.1,3207239,3207239,2494,1836.8,,2345.3,2305.76,2242.75,2140.75,56.15,65.2,2.82,32.97,56,NEUTRAL,kite:2026-05-08,2026-05-08T12:20:47.414Z
LUXIND,LUX INDUSTRIES,NSE EQ,1563.1,54.2,3.59,1584.3,1584.3,1539.1,1508.9,222085,222085,,,,,,,,,,,40.67,54,NEUTRAL,kite:2026-05-08,2026-05-08T12:20:47.414Z
LXCHEM,LAXMI ORGANIC INDUS,NSE EQ,164.84,0.92,0.56,162.05,172.34,162.05,163.92,2672576,2672576,,,,,,,,,,,39.38,50,NEUTRAL,kite:2026-05-08,2026-05-08T12:20:47.414Z
LYKALABS-BE,LYKA LABS,NSE EQ,65.38,3.11,4.99,62.27,65.38,62.27,62.27,26774,26774,,,,,,,,,,,,54,NEUTRAL,kite:2026-05-08,2026-05-08T12:20:47.414Z
LYPSAGEMS,LYPSA GEMS & JEWEL,NSE EQ,5.3,0,0,5.4,5.4,5.27,5.3,15296,15296,,,,,,,,,,,80.02,50,NEUTRAL,kite:2026-05-08,2026-05-08T12:20:47.414Z
M&M,Mahindra & Mahindra Limited,NSE EQ,3330.4,-40.3,-1.2,3357.8,3363,3317.6,3370.7,2071348,2071348,3839.9,2896,,3189.09,3224.04,3309.76,3319.4,59.81,86.72,0.65,58.12,54,NEUTRAL,kite:2026-05-08,2026-05-08T12:20:47.414Z
M&MFIN,M&M FIN. SERVICES,NSE EQ,339.1,10.65,3.24,327,341,323.8,328.45,3837350,3837350,,,,,,,,,,,47.83,54,NEUTRAL,kite:2026-05-08,2026-05-08T12:20:47.414Z
M&MFIN-N3,M&MFIN-N3,NSE EQ,2336.75,0,0,0,2337,2300,2336.75,0,0,,,,,,,,,,,,50,NEUTRAL,kite:2026-05-08,2026-05-08T12:20:47.414Z
MAANALU,MAAN ALUMINIUM,NSE EQ,148.47,-1.05,-0.7,148.11,151.4,148.11,149.52,88527,88527,,,,,,,,,,,58.53,50,NEUTRAL,kite:2026-05-08,2026-05-08T12:20:47.414Z
MACOBSTECH-SM,MACOBS TECHNOLOGIES,NSE EQ,241.6,17.8,7.95,224,243,224,223.8,197600,197600,,,,,,,,,,,,54,NEUTRAL,kite:2026-05-08,2026-05-08T12:20:47.414Z
MACPOWER,MACPOWER CNC MACHINES,NSE EQ,1215.5,-19.6,-1.59,1241.3,1250,1204.5,1235.1,17802,17802,,,,,,,,,,,52.42,50,NEUTRAL,kite:2026-05-08,2026-05-08T12:20:47.414Z
MADHAV,MADHAV MARBLE & GRANITE,NSE EQ,38.9,0.41,1.07,37.51,39.9,37,38.49,6728,6728,,,,,,,,,,,56.05,50,NEUTRAL,kite:2026-05-08,2026-05-08T12:20:47.414Z
MADHAVBAUG-SM,VAIDYA SANE AYUR LAB,NSE EQ,253,-5.8,-2.24,255,255,244.3,258.8,6800,6800,,,,,,,,,,,,50,NEUTRAL,kite:2026-05-08,2026-05-08T12:20:47.414Z
MADHAVIPL,MADHAV INFRA PROJECTS L,NSE EQ,9.23,-0.01,-0.11,9.4,9.4,9.15,9.24,161129,161129,,,,,,,,,,,81.74,50,NEUTRAL,kite:2026-05-08,2026-05-08T12:20:47.414Z
MADHUCON-BE,MADHUCON PROJECTS,NSE EQ,6.17,0.15,2.49,6.15,6.28,5.77,6.02,54549,54549,,,,,,,,,,,,50,NEUTRAL,kite:2026-05-08,2026-05-08T12:20:47.414Z
MADHUSUDAN-SM,MADHUSUDAN MASALA,NSE EQ,160,2,1.27,150.2,160,150.2,158,20000,20000,,,,,,,,,,,,50,NEUTRAL,kite:2026-05-08,2026-05-08T12:20:47.414Z
MADRASFERT,MADRAS FERTILISERS,NSE EQ,69.64,-0.51,-0.73,69.66,71.44,69.46,70.15,73402,73402,,,,,,,,,,,50.43,50,NEUTRAL,kite:2026-05-08,2026-05-08T12:20:47.414Z
MAFANG,MIRAE ASSET NYSE FANG+ ETF,NSE EQ,189.54,2.49,1.33,182.37,189.54,182.37,187.05,626727,626727,,,,,,,,,,,99.04,50,NEUTRAL,kite:2026-05-08,2026-05-08T12:20:47.414Z
MAFATIND,MAFATLAL INDUSTRIES,NSE EQ,142.91,0.14,0.1,142.77,144.3,141.26,142.77,29544,29544,,,,,,,,,,,71.7,50,NEUTRAL,kite:2026-05-08,2026-05-08T12:20:47.414Z
MAGADSUGAR,MAGADH SUGAR & ENERGY,NSE EQ,512.25,-18.45,-3.48,525.55,531.75,508,530.7,27805,27805,,,,,,,,,,,60.77,46,NEUTRAL,kite:2026-05-08,2026-05-08T12:20:47.414Z
MAGNUM-BE,MAGNUM VENTURES,NSE EQ,21.14,-0.25,-1.17,21.49,21.8,20.7,21.39,12002,12002,,,,,,,,,,,,50,NEUTRAL,kite:2026-05-08,2026-05-08T12:20:47.414Z
MAGSON-ST,MAGSON RETAIL AND DIST L,NSE EQ,179,0,0,179,179,179,179,2000,2000,,,,,,,,,,,,50,NEUTRAL,kite:2026-05-08,2026-05-08T12:20:47.414Z
MAHABANK,BANK OF MAHARASHTRA,NSE EQ,83.9,-1.41,-1.65,85.31,85.31,82.67,85.31,19633062,19633062,,,,,,,,,,,45.25,50,NEUTRAL,kite:2026-05-08,2026-05-08T12:20:47.414Z
MAHAPEXLTD,MAHA RASHTRA APEX COPR. L,NSE EQ,53.34,-1.44,-2.63,54.35,54.75,52.23,54.78,25399,25399,,,,,,,,,,,60.9,50,NEUTRAL,kite:2026-05-08,2026-05-08T12:20:47.414Z
MAHASTEEL-BE,MAHAMAYA STEEL INDS,NSE EQ,822.5,-14.75,-1.76,839.95,839.95,811.5,837.25,635,635,,,,,,,,,,,,50,NEUTRAL,kite:2026-05-08,2026-05-08T12:20:47.414Z
MAHEPC,MAHINDRA EPC IRRIG,NSE EQ,123.91,2.22,1.82,120.2,125,120.2,121.69,95991,95991,,,,,,,,,,,50.15,50,NEUTRAL,kite:2026-05-08,2026-05-08T12:20:47.414Z
MAHESHWARI,MAHESHWARI LOGISTICS,NSE EQ,54.16,0.05,0.09,53.11,54.9,52.9,54.11,15020,15020,,,,,,,,,,,85.46,50,NEUTRAL,kite:2026-05-08,2026-05-08T12:20:47.414Z
MAHICKRA-ST,MAHICKRA CHEMICAL,NSE EQ,252,7.65,3.13,232.25,252,232.25,244.35,5250,5250,,,,,,,,,,,,54,NEUTRAL,kite:2026-05-08,2026-05-08T12:20:47.414Z
MAHKTECH,MIRAE ASSET HANG SENG TECH ETF,NSE EQ,24.12,0.03,0.12,24.12,24.12,24.12,24.09,108528,108528,,,,,,,,,,,100,50,NEUTRAL,kite:2026-05-08,2026-05-08T12:20:47.414Z
MAHLIFE,MAHINDRA LIFESPACE DEVLTD,NSE EQ,334.7,-10.35,-3,344.9,344.9,331,345.05,260325,260325,,,,,,,,,,,51.43,50,NEUTRAL,kite:2026-05-08,2026-05-08T12:20:47.414Z
MAHLOG,MAHINDRA LOGISTIC,NSE EQ,397.15,-3.7,-0.92,398.5,402,396,400.85,68348,68348,,,,,,,,,,,51.51,50,NEUTRAL,kite:2026-05-08,2026-05-08T12:20:47.414Z
MAHSCOOTER,MAHARASHTRA SCOOTERS,NSE EQ,12920,103,0.8,12918,13075,12589,12817,5122,5122,,,,,,,,,,,49.1,50,NEUTRAL,kite:2026-05-08,2026-05-08T12:20:47.414Z
MAHSEAMLES,MAHARASHTRA SEAMLESS,NSE EQ,650.25,-2.25,-0.34,652.5,662,641.3,652.5,118881,118881,,,,,,,,,,,48.89,50,NEUTRAL,kite:2026-05-08,2026-05-08T12:20:47.414Z
MAITHANALL,MAITHAN ALLOYS,NSE EQ,1024.9,1.35,0.13,1015.1,1050,1015.1,1023.55,54091,54091,,,,,,,,,,,54.58,50,NEUTRAL,kite:2026-05-08,2026-05-08T12:20:47.414Z
MAITREYA-SM,MAITREYA MEDICARE,NSE EQ,177.5,-5.4,-2.95,205,205,177,182.9,7200,7200,,,,,,,,,,,,50,NEUTRAL,kite:2026-05-08,2026-05-08T12:20:47.414Z
MAJESAUT,MAJESTIC AUTO,NSE EQ,320.15,-1.15,-0.36,321.3,321.3,314.05,321.3,384,384,,,,,,,,,,,88.54,50,NEUTRAL,kite:2026-05-08,2026-05-08T12:20:47.414Z
MAKEINDIA,MIRAE ASSET NIFTY INDIA MANUFACTURING ETF,NSE EQ,163.01,-0.67,-0.41,167.77,167.77,162.48,163.68,39723,39723,,,,,,,,,,,82.81,50,NEUTRAL,kite:2026-05-08,2026-05-08T12:20:47.414Z
MAKS-SM,MAKS ENERGY SOL INDIA,NSE EQ,26,0,0,26,26,26,26,3000,3000,,,,,,,,,,,,50,NEUTRAL,kite:2026-05-08,2026-05-08T12:20:47.414Z
MAL-SM,MANGALAM ALLOYS,NSE EQ,39.6,0,0,0,41.2,39.6,39.6,0,0,,,,,,,,,,,,50,NEUTRAL,kite:2026-05-08,2026-05-08T12:20:47.414Z
MALLCOM,MALLCOM (INDIA),NSE EQ,1082.8,-0.1,-0.01,1096.8,1111,1068.8,1082.9,4049,4049,,,,,,,,,,,52.21,50,NEUTRAL,kite:2026-05-08,2026-05-08T12:20:47.414Z
MALUPAPER,MALU PAPER MILLS,NSE EQ,34,-0.37,-1.08,34.5,34.5,33.5,34.37,3345,3345,,,,,,,,,,,75.01,50,NEUTRAL,kite:2026-05-08,2026-05-08T12:20:47.414Z
MAMATA,MAMATA MACHINERY,NSE EQ,422.1,-9.85,-2.28,431.5,434.15,421,431.95,67534,67534,,,,,,,,,,,55.79,50,NEUTRAL,kite:2026-05-08,2026-05-08T12:20:47.414Z
MANAKALUCO,MANAK ALUMINIUM CO.,NSE EQ,36.79,1.04,2.91,38,38.29,36.5,35.75,152759,152759,,,,,,,,,,,56.18,50,NEUTRAL,kite:2026-05-08,2026-05-08T12:20:47.414Z
MANAKCOAT,MAN COAT METAL & IND,NSE EQ,105.01,2.24,2.18,103.8,106.79,101.04,102.77,372835,372835,,,,,,,,,,,30.73,50,NEUTRAL,kite:2026-05-08,2026-05-08T12:20:47.414Z
MANAKSIA,MANAKSIA,NSE EQ,61.46,-0.62,-1,62.2,63,60.51,62.08,14515,14515,,,,,,,,,,,78.84,50,NEUTRAL,kite:2026-05-08,2026-05-08T12:20:47.414Z
MANAKSTEEL-BE,MANAKSIA STEELS,NSE EQ,66.29,-0.05,-0.08,66.01,66.79,65.1,66.34,10901,10901,,,,,,,,,,,,50,NEUTRAL,kite:2026-05-08,2026-05-08T12:20:47.414Z
MANALIPETC,MANALI PETROCHEMICALS LT,NSE EQ,56.7,0.05,0.09,56.65,57.42,55.1,56.65,170312,170312,,,,,,,,,,,55.94,50,NEUTRAL,kite:2026-05-08,2026-05-08T12:20:47.414Z
MANAPPURAM,Manappuram Finance Limited,NSE EQ,316,-0.3,-0.09,317,317.75,311.5,316.3,2596438,2596438,321.6,226.02,,293.15,284.34,283.07,276.76,75.66,8.54,0.59,39.84,54,NEUTRAL,kite:2026-05-08,2026-05-08T12:20:47.414Z
MANAV-ST,MANAV INFRA PROJECTS,NSE EQ,41.5,1.75,4.4,41.5,41.5,41.5,39.75,4000,4000,,,,,,,,,,,,54,NEUTRAL,kite:2026-05-08,2026-05-08T12:20:47.414Z
MANBA,MANBA FINANCE,NSE EQ,116.39,0.06,0.05,116,117.18,115.3,116.33,53655,53655,,,,,,,,,,,42.32,50,NEUTRAL,kite:2026-05-08,2026-05-08T12:20:47.414Z
MANCREDIT,MANGAL CREDIT N FINCORP L,NSE EQ,170.19,-0.37,-0.22,171.99,173,169.05,170.56,23638,23638,,,,,,,,,,,8.43,50,NEUTRAL,kite:2026-05-08,2026-05-08T12:20:47.414Z
MANDEEP-SM,MANDEEP AUTO INDUSTRIES L,NSE EQ,21.9,-0.1,-0.45,22.95,22.95,21.9,22,4000,4000,,,,,,,,,,,,50,NEUTRAL,kite:2026-05-08,2026-05-08T12:20:47.414Z
MANGALAM-BE,MANGALAM DRUG & CHEM,NSE EQ,30.32,0.59,1.98,0,30.32,30.32,29.73,43916,43916,,,,,,,,,,,,50,NEUTRAL,kite:2026-05-08,2026-05-08T12:20:47.414Z
MANGLMCEM,MANGALAM CEMENT,NSE EQ,932.8,7.1,0.77,921.3,937.9,918.7,925.7,59332,59332,,,,,,,,,,,62.58,50,NEUTRAL,kite:2026-05-08,2026-05-08T12:20:47.414Z
MANILAM-SM,MANILAM INDUSTRIES IND L,NSE EQ,65.85,3.7,5.95,59,67,59,62.15,90000,90000,,,,,,,,,,,,54,NEUTRAL,kite:2026-05-08,2026-05-08T12:20:47.414Z
MANINDS,MAN INDUSTRIES (I),NSE EQ,529.8,-4.7,-0.88,541.9,547,522.8,534.5,435456,435456,,,,,,,,,,,47.93,50,NEUTRAL,kite:2026-05-08,2026-05-08T12:20:47.414Z
MANINFRA,MAN INFRA,NSE EQ,134.73,-0.03,-0.02,134.61,138.69,134,134.76,3998025,3998025,,,,,,,,,,,28.89,50,NEUTRAL,kite:2026-05-08,2026-05-08T12:20:47.414Z
MANKIND,Mankind Pharma Limited,NSE EQ,2430.8,55.6,2.34,2377.8,2464.9,2377.8,2375.2,1078929,1078929,2716.5,1909.7,,2247.74,2180.96,2187.59,2284.41,78.58,63.2,2.33,43,60,BUY,kite:2026-05-08,2026-05-08T12:20:47.414Z
MANOMAY,MANOMAY TEX INDIA,NSE EQ,191.64,-1.53,-0.79,199.8,202.99,189.5,193.17,100647,100647,,,,,,,,,,,46.58,50,NEUTRAL,kite:2026-05-08,2026-05-08T12:20:47.414Z
MANORAMA,MANORAMA INDUSTRIES,NSE EQ,1576.2,-31.3,-1.95,1616.2,1617,1569.2,1607.5,168012,168012,,,,,,,,,,,59.99,50,NEUTRAL,kite:2026-05-08,2026-05-08T12:20:47.414Z
MANORG,MANGALAM ORGANICS,NSE EQ,600.35,27.6,4.82,572.75,615.15,572.75,572.75,17066,17066,,,,,,,,,,,60.42,54,NEUTRAL,kite:2026-05-08,2026-05-08T12:20:47.414Z
MANUFGBEES,NIPPON INDIA NIFTY INDIA MANUFACTURING ETF,NSE EQ,160.67,-0.59,-0.37,161,161.41,160.32,161.26,3965,3965,,,,,,,,,,,98.54,50,NEUTRAL,kite:2026-05-08,2026-05-08T12:20:47.414Z
MANUGRAPH,MANUGRAPH INDIA,NSE EQ,14.3,-0.02,-0.14,14.32,14.88,13.98,14.32,21484,21484,,,,,,,,,,,62.19,50,NEUTRAL,kite:2026-05-08,2026-05-08T12:20:47.414Z
MANYAVAR,VEDANT FASHIONS,NSE EQ,457.75,11.65,2.61,447,465.95,441,446.1,1023812,1023812,,,,,,,,,,,29.24,50,NEUTRAL,kite:2026-05-08,2026-05-08T12:20:47.414Z
MAPMYINDIA,C.E. INFO SYSTEMS,NSE EQ,956.45,-11.65,-1.2,970,970.4,953.35,968.1,68883,68883,,,,,,,,,,,44,50,NEUTRAL,kite:2026-05-08,2026-05-08T12:20:47.414Z
MARALOVER,MARAL OVERSEAS,NSE EQ,57.46,9.57,19.98,51.4,57.46,50.5,47.89,336560,336560,,,,,,,,,,,59.98,54,NEUTRAL,kite:2026-05-08,2026-05-08T12:20:47.414Z
MARATHON,MARATHON NXTGEN REALT,NSE EQ,511.25,-7.6,-1.46,518,520,508.75,518.85,83099,83099,,,,,,,,,,,79.38,50,NEUTRAL,kite:2026-05-08,2026-05-08T12:20:47.414Z
MARC-ST,MARC TECHNOCRATS,NSE EQ,92.8,0.05,0.05,92.4,93.05,90.55,92.75,18000,18000,,,,,,,,,,,,50,NEUTRAL,kite:2026-05-08,2026-05-08T12:20:47.414Z
MARCO-SM,MARCO CABLE & CONDUCTOR L,NSE EQ,38.9,-1.55,-3.83,39,39,38.8,40.45,6000,6000,,,,,,,,,,,,46,NEUTRAL,kite:2026-05-08,2026-05-08T12:20:47.414Z
MARICO,Marico Limited,NSE EQ,831.3,-0.85,-0.1,832.15,836.5,825.1,832.15,1489246,1489246,843.15,680.3,,787.04,772.05,761,744.61,74.31,19.36,0.77,72.03,54,NEUTRAL,kite:2026-05-08,2026-05-08T12:20:47.414Z
MARINE,MARINE ELECTRICAL (I),NSE EQ,242.92,7.2,3.05,235.03,249.25,231.93,235.72,1099175,1099175,,,,,,,,,,,51.47,54,NEUTRAL,kite:2026-05-08,2026-05-08T12:20:47.414Z
MARINETRAN-SM,MARINETRANS INDIA,NSE EQ,18.5,0,0,0,18.5,18.5,18.5,0,0,,,,,,,,,,,,50,NEUTRAL,kite:2026-05-08,2026-05-08T12:20:47.414Z
MARKOLINES,MARKOLINES PAVEMENT TEC L,NSE EQ,160.16,1.57,0.99,160,162.24,158.95,158.59,426824,426824,,,,,,,,,,,32.72,50,NEUTRAL,kite:2026-05-08,2026-05-08T12:20:47.414Z
MARKSANS,MARKSANS PHARMA,NSE EQ,197.76,-5.26,-2.59,204,205.9,197.22,203.02,1564453,1564453,,,,,,,,,,,49.67,50,NEUTRAL,kite:2026-05-08,2026-05-08T12:20:47.414Z
MARSONS,MARSONS,NSE EQ,160.59,-10.17,-5.96,171.4,175,160,170.76,3370643,3370643,,,,,,,,,,,21.95,46,NEUTRAL,kite:2026-05-08,2026-05-08T12:20:47.414Z
MARUSHIKA-SM,MARUSHIKA TECHNOLOGY,NSE EQ,90.4,-3.1,-3.32,92.3,92.3,90,93.5,25200,25200,,,,,,,,,,,,46,NEUTRAL,kite:2026-05-08,2026-05-08T12:20:47.414Z
MARUTI,Maruti Suzuki India Limited,NSE EQ,13726,-44,-0.32,13672,13789,13626,13770,270505,270505,17370,12016,,13396.26,13628.9,14122.48,14116.52,57.34,310.13,0.49,48.4,54,NEUTRAL,kite:2026-05-08,2026-05-08T12:20:47.414Z
MASFIN,MAS FINANCIAL SERV,NSE EQ,346.75,-0.5,-0.14,347.6,349.75,342.5,347.25,89868,89868,,,,,,,,,,,58.05,50,NEUTRAL,kite:2026-05-08,2026-05-08T12:20:47.414Z
MASKINVEST-BE,MASK INVESTMENTS,NSE EQ,152.9,-8.03,-4.99,152.89,165.98,152.89,160.93,1395,1395,,,,,,,,,,,,46,NEUTRAL,kite:2026-05-08,2026-05-08T12:20:47.414Z
MASON-SM,MASON INFRATECH,NSE EQ,129.25,1.25,0.98,127.25,133.75,127.1,128,25500,25500,,,,,,,,,,,,50,NEUTRAL,kite:2026-05-08,2026-05-08T12:20:47.414Z
MASPTOP50,MIRAE ASSET S&P 500 TOP 50 ETF,NSE EQ,79.86,1.16,1.47,79.86,79.86,78.7,78.7,543799,543799,,,,,,,,,,,99.21,50,NEUTRAL,kite:2026-05-08,2026-05-08T12:20:47.414Z
MASTEK,MASTEK,NSE EQ,1683.1,-4.2,-0.25,1690,1715,1680.1,1687.3,43838,43838,,,,,,,,,,,44.59,50,NEUTRAL,kite:2026-05-08,2026-05-08T12:20:47.414Z
MASTER-SM,MASTER COMPONENTS,NSE EQ,349.9,-18.3,-4.97,360,360,349.8,368.2,5000,5000,,,,,,,,,,,,46,NEUTRAL,kite:2026-05-08,2026-05-08T12:20:47.414Z
MASTERTR,MASTER TRUST,NSE EQ,90.18,3.36,3.87,86.82,91.33,86.62,86.82,299921,299921,,,,,,,,,,,18.65,54,NEUTRAL,kite:2026-05-08,2026-05-08T12:20:47.414Z
MATRIMONY,MATRIMONY.COM,NSE EQ,445.65,12.55,2.9,433.2,458.1,427.1,433.1,5418,5418,,,,,,,,,,,72.33,50,NEUTRAL,kite:2026-05-08,2026-05-08T12:20:47.414Z
MAWANASUG-BE,MAWANA SUGARS,NSE EQ,111.41,-3.04,-2.66,109.15,115,109.15,114.45,62298,62298,,,,,,,,,,,,50,NEUTRAL,kite:2026-05-08,2026-05-08T12:20:47.414Z
MAXESTATES,MAX ESTATES,NSE EQ,408.05,-10.85,-2.59,418.75,419,403,418.9,21974,21974,,,,,,,,,,,46.02,50,NEUTRAL,kite:2026-05-08,2026-05-08T12:20:47.414Z
MAXHEALTH,Max Healthcare Institute Limited,NSE EQ,1012.5,-2.8,-0.28,1013.6,1024.6,1007.4,1015.3,1835293,1835293,1314.3,903,,1000.6,1004.6,1029.65,1089.22,55.61,22.4,0.92,61.78,54,NEUTRAL,kite:2026-05-08,2026-05-08T12:20:47.414Z
MAXIND,MAX INDIA,NSE EQ,179.68,6.65,3.84,173.87,181.9,172.01,173.03,80446,80446,,,,,,,,,,,54.41,54,NEUTRAL,kite:2026-05-08,2026-05-08T12:20:47.414Z
MAXPOSURE-SM,MAXPOSURE,NSE EQ,40.9,1.15,2.89,40.85,41,40.85,39.75,4000,4000,,,,,,,,,,,,50,NEUTRAL,kite:2026-05-08,2026-05-08T12:20:47.414Z
MAXVOLT-SM,MAXVOLT ENERGY INDUS L,NSE EQ,443.8,14.85,3.46,438,450.35,435,428.95,90000,90000,,,,,,,,,,,,54,NEUTRAL,kite:2026-05-08,2026-05-08T12:20:47.414Z
MAYASHEEL-SM,MAYASHEEL VENTURES,NSE EQ,60,0,0,0,61,59.9,60,0,0,,,,,,,,,,,,50,NEUTRAL,kite:2026-05-08,2026-05-08T12:20:47.414Z
MAYURUNIQ,MAYUR UNIQUOTERS,NSE EQ,629.4,24.3,4.02,607,637,601,605.1,436259,436259,,,,,,,,,,,59.68,54,NEUTRAL,kite:2026-05-08,2026-05-08T12:20:47.414Z
MAZDA,MAZDA,NSE EQ,212.27,-4.03,-1.86,217.3,217.3,210.6,216.3,14553,14553,,,,,,,,,,,59.44,50,NEUTRAL,kite:2026-05-08,2026-05-08T12:20:47.414Z
MAZDOCK,Mazagon Dock Shipbuilders Limited,NSE EQ,2657.3,-26,-0.97,2683.3,2698.4,2641.1,2683.3,1381127,1381127,3775,2057.4,,2616.54,2521.13,2522.97,2678.49,57.08,72.18,0.65,28.96,66,BUY,kite:2026-05-08,2026-05-08T12:20:47.414Z
MBAPL,MADHYA BHARAT AGRO P.,NSE EQ,574.2,-2.5,-0.43,570.05,585,569.95,576.7,105128,105128,,,,,,,,,,,48.17,50,NEUTRAL,kite:2026-05-08,2026-05-08T12:20:47.414Z
MBEL,M AND B ENGINEERING,NSE EQ,322.1,-4.4,-1.35,326,328.65,320.4,326.5,86000,86000,,,,,,,,,,,58.72,50,NEUTRAL,kite:2026-05-08,2026-05-08T12:20:47.414Z
MBLINFRA-BE,MBL INFRASTRUCTURE,NSE EQ,27.98,0.1,0.36,27.88,29,27.6,27.88,198468,198468,,,,,,,,,,,,50,NEUTRAL,kite:2026-05-08,2026-05-08T12:20:47.414Z
MCCHRLS-B,MAC CHARLES (INDIA),NSE EQ,687.65,-2.35,-0.34,690,690,630,690,421,421,,,,,,,,,,,84.8,50,NEUTRAL,kite:2026-05-08,2026-05-08T12:20:47.414Z
MCL-BE,MADHAV COPPER,NSE EQ,61.16,1.19,1.98,0,61.16,61.16,59.97,14649,14649,,,,,,,,,,,,50,NEUTRAL,kite:2026-05-08,2026-05-08T12:20:47.414Z
MCLEODRUSS-BE,MCLEOD RUSSEL INDIA,NSE EQ,59.6,-0.97,-1.6,60.6,60.6,58.8,60.57,268807,268807,,,,,,,,,,,,50,NEUTRAL,kite:2026-05-08,2026-05-08T12:20:47.414Z
MCLOUD,MAGELLANIC CLOUD,NSE EQ,27.34,0.07,0.26,27.05,28.75,27.05,27.27,2849550,2849550,,,,,,,,,,,36.9,50,NEUTRAL,kite:2026-05-08,2026-05-08T12:20:47.414Z
MCON-SM,MCON RASAYAN INDIA,NSE EQ,57,-0.05,-0.09,57.05,57.05,57,57.05,4000,4000,,,,,,,,,,,,50,NEUTRAL,kite:2026-05-08,2026-05-08T12:20:47.414Z
MCX,MULTI COMMODITY EXCHANGE,NSE EQ,3097.8,55.2,1.81,3069,3136,3022.4,3042.6,3775007,3775007,,,,,,,,,,,41.13,50,NEUTRAL,kite:2026-05-08,2026-05-08T12:20:47.414Z
MDL-SM,MARVEL DECOR,NSE EQ,46.15,-0.55,-1.18,45.05,46.15,43.7,46.7,8000,8000,,,,,,,,,,,,50,NEUTRAL,kite:2026-05-08,2026-05-08T12:20:47.414Z
MEDANTA,Global Health Limited,NSE EQ,1200.6,-6.3,-0.52,1213.9,1214.9,1182.8,1206.9,227835,227835,1456.5,956,,1131.27,1108.69,1128.14,1183.95,67.27,36.78,1.31,61,66,BUY,kite:2026-05-08,2026-05-08T12:20:47.414Z
MEDIASSIST,MEDI ASSIST HEALTH SER L,NSE EQ,376.8,-0.85,-0.23,377,384.7,374.9,377.65,153883,153883,,,,,,,,,,,51.52,50,NEUTRAL,kite:2026-05-08,2026-05-08T12:20:47.414Z
MEDICAMEQ,MEDICAMEN BIOTECH,NSE EQ,294.3,0.05,0.02,294.9,299.7,283.2,294.25,11812,11812,,,,,,,,,,,62.72,50,NEUTRAL,kite:2026-05-08,2026-05-08T12:20:47.414Z
MEDICO,MEDICO REMEDIES,NSE EQ,41.87,-0.16,-0.38,42.6,42.6,41.16,42.03,110492,110492,,,,,,,,,,,85.98,50,NEUTRAL,kite:2026-05-08,2026-05-08T12:20:47.414Z
MEDIORG-SM,MEDICAMEN ORGANICS,NSE EQ,29,-0.2,-0.68,27,29.2,26.75,29.2,14000,14000,,,,,,,,,,,,50,NEUTRAL,kite:2026-05-08,2026-05-08T12:20:47.414Z
MEDISTEP-ST,MEDISTEP HEALTHCARE,NSE EQ,22,-1.15,-4.97,22,22.05,22,23.15,15000,15000,,,,,,,,,,,,46,NEUTRAL,kite:2026-05-08,2026-05-08T12:20:47.414Z
MEDPLUS,MEDPLUS HEALTH SERV,NSE EQ,874.7,-6.8,-0.77,880.85,880.85,863.65,881.5,49265,49265,,,,,,,,,,,58.8,50,NEUTRAL,kite:2026-05-08,2026-05-08T12:20:47.414Z
MEESHO,MEESHO,NSE EQ,200.02,1.23,0.62,198.79,202,193.26,198.79,34647811,34647811,,,,,,,,,,,13.69,50,NEUTRAL,kite:2026-05-08,2026-05-08T12:20:47.414Z
MEGAFLEX-ST,MEGA FLEX PLASTICS,NSE EQ,148,-3,-1.99,148,148,148,151,1000,1000,,,,,,,,,,,,50,NEUTRAL,kite:2026-05-08,2026-05-08T12:20:47.414Z
MEGASTAR,MEGASTAR FOODS,NSE EQ,308.7,9.75,3.26,289.1,312,282,298.95,84919,84919,,,,,,,,,,,65.56,54,NEUTRAL,kite:2026-05-08,2026-05-08T12:20:47.414Z
MEGATHERM-SM,MEGATHERM INDUCTION,NSE EQ,285.95,29.4,11.46,256.55,290,256.55,256.55,52000,52000,,,,,,,,,,,,54,NEUTRAL,kite:2026-05-08,2026-05-08T12:20:47.414Z
MEIL-BE,MANGAL ELECTRICAL IND L,NSE EQ,341.6,-1.05,-0.31,345.6,353.7,336,342.65,72103,72103,,,,,,,,,,,,50,NEUTRAL,kite:2026-05-08,2026-05-08T12:20:47.414Z
MENNPIS,MENON PISTONS,NSE EQ,58.46,-0.21,-0.36,59,59.35,57.51,58.67,4085,4085,,,,,,,,,,,87.71,50,NEUTRAL,kite:2026-05-08,2026-05-08T12:20:47.414Z
MENONBE,MENON BEARINGS,NSE EQ,141.31,4.29,3.13,136.3,143,135.41,137.02,213752,213752,,,,,,,,,,,54.15,54,NEUTRAL,kite:2026-05-08,2026-05-08T12:20:47.414Z
MEP-BZ,MEP INFRA. DEVELOPERS,NSE EQ,1.09,0.01,0.93,1.1,1.1,1.08,1.08,90418,90418,,,,,,,,,,,,50,NEUTRAL,kite:2026-05-08,2026-05-08T12:20:47.414Z
MERCANTILE,MERCANTILE VENTURES,NSE EQ,29,4.15,16.7,25.99,29.82,23.42,24.85,111705,111705,,,,,,,,,,,28.93,54,NEUTRAL,kite:2026-05-08,2026-05-08T12:20:47.414Z
METAL,MIRAE ASSET NIFTY METAL ETF,NSE EQ,13.12,-0.15,-1.13,13.27,13.45,13.1,13.27,3767105,3767105,,,,,,,,,,,68.29,50,NEUTRAL,kite:2026-05-08,2026-05-08T12:20:47.414Z
METROBRAND,METRO BRANDS,NSE EQ,1032.1,1.7,0.16,1025,1073.9,1022,1030.4,57324,57324,,,,,,,,,,,41.32,50,NEUTRAL,kite:2026-05-08,2026-05-08T12:20:47.414Z
METROGLOBL,METROGLOBAL,NSE EQ,130.92,4.89,3.88,126.03,133.08,126.03,126.03,456,456,,,,,,,,,,,100,54,NEUTRAL,kite:2026-05-08,2026-05-08T12:20:47.414Z
METROPOLIS,METROPOLIS HEALTHCARE,NSE EQ,549.5,43.9,8.68,511,574.9,511,505.6,9341039,9341039,,,,,,,,,,,13.69,54,NEUTRAL,kite:2026-05-08,2026-05-08T12:20:47.414Z
MFML,MAHALAXMI FABRIC MILLS LT,NSE EQ,25.21,0.63,2.56,24.58,25.87,24.58,24.58,2775,2775,,,,,,,,,,,97.66,50,NEUTRAL,kite:2026-05-08,2026-05-08T12:20:47.414Z
MFSL,Max Financial Services Limited,NSE EQ,1699.7,-7.7,-0.45,1718.8,1718.8,1686.1,1707.4,634495,634495,1892.5,1248.6,,1632,1643.47,1650.28,1617.71,60.95,41.2,0.97,59.47,54,NEUTRAL,kite:2026-05-08,2026-05-08T12:20:47.414Z
MGEL,MANGALAM GLOBAL ENT,NSE EQ,14.23,0.06,0.42,14.17,14.34,14.01,14.17,257881,257881,,,,,,,,,,,41.84,50,NEUTRAL,kite:2026-05-08,2026-05-08T12:20:47.414Z
MGL,MAHANAGAR GAS,NSE EQ,1172.9,-6.9,-0.58,1140,1179.2,1131.1,1179.8,360589,360589,,,,,,,,,,,29.16,50,NEUTRAL,kite:2026-05-08,2026-05-08T12:20:47.414Z
MGSL-SM,MATRIX GEO SOLUTIONS,NSE EQ,82.5,0,0,82.5,82.5,82.5,82.5,2400,2400,,,,,,,,,,,,50,NEUTRAL,kite:2026-05-08,2026-05-08T12:20:47.414Z
MHHL-SM,MOHINI HEALTH&HYGIENE,NSE EQ,43,0.45,1.06,43,43,43,42.55,1500,1500,,,,,,,,,,,,50,NEUTRAL,kite:2026-05-08,2026-05-08T12:20:47.414Z
MHLXMIRU,MAHALAXMI RUBTECH,NSE EQ,186.09,4.11,2.26,182,188,181,181.98,2743,2743,,,,,,,,,,,60.63,50,NEUTRAL,kite:2026-05-08,2026-05-08T12:20:47.414Z
MHRIL,MAHINDRA HOLIDAYS,NSE EQ,239.46,-2.51,-1.04,243.3,244.25,239.11,241.97,161482,161482,,,,,,,,,,,68.64,50,NEUTRAL,kite:2026-05-08,2026-05-08T12:20:47.414Z
MICEL,MIC ELECTRONICS,NSE EQ,55.07,2.57,4.9,52.44,57.6,51.22,52.5,14822459,14822459,,,,,,,,,,,19.88,54,NEUTRAL,kite:2026-05-08,2026-05-08T12:20:47.414Z
MICROPRO-SM,MICROPRO SOFTWARE SOL L,NSE EQ,20.1,0,0,0,20.1,19.25,20.1,0,0,,,,,,,,,,,,50,NEUTRAL,kite:2026-05-08,2026-05-08T12:20:47.414Z
MID150,KOTAK NIFTY MIDCAP 150 ETF,NSE EQ,23.1,-0.05,-0.22,23.13,23.23,22.92,23.15,68318,68318,,,,,,,,,,,85.63,50,NEUTRAL,kite:2026-05-08,2026-05-08T12:20:47.414Z
MID150BEES,NIPPON INDIA ETF NIFTY MIDCAP 150,NSE EQ,235.44,-0.24,-0.1,234.56,236.75,234.5,235.68,860127,860127,,,,,,,,,,,71.02,50,NEUTRAL,kite:2026-05-08,2026-05-08T12:20:47.414Z
MID150CASE,ZERODHA NIFTY MIDCAP 150 ETF,NSE EQ,11.42,-0.01,-0.09,11.47,11.48,11.28,11.43,1898059,1898059,,,,,,,,,,,64.47,50,NEUTRAL,kite:2026-05-08,2026-05-08T12:20:47.414Z
MIDCAP,KOTAK NIFTY MIDCAP 50 ETF,NSE EQ,18,0.01,0.06,18.1,18.14,17.86,17.99,567560,567560,,,,,,,,,,,69.96,50,NEUTRAL,kite:2026-05-08,2026-05-08T12:20:47.414Z
MIDCAPADD,DSP NIFTY MIDCAP 150 ETF,NSE EQ,22.77,0.01,0.04,22.76,22.89,22.73,22.76,7715,7715,,,,,,,,,,,86.21,50,NEUTRAL,kite:2026-05-08,2026-05-08T12:20:47.414Z
MIDCAPBETA,UTI NIFTY MIDCAP 150 ETF,NSE EQ,229.09,-1.01,-0.44,230.5,230.71,229,230.1,10231,10231,,,,,,,,,,,73.37,50,NEUTRAL,kite:2026-05-08,2026-05-08T12:20:47.414Z
MIDCAPETF,MIRAE ASSET NIFTY MIDCAP 150 ETF,NSE EQ,23.27,-0.02,-0.09,23.29,23.33,23.2,23.29,3002187,3002187,,,,,,,,,,,72.84,50,NEUTRAL,kite:2026-05-08,2026-05-08T12:20:47.414Z
MIDHANI,MISHRA DHATU NIGAM,NSE EQ,421.25,7.55,1.82,414.5,438.7,406.1,413.7,3084149,3084149,,,,,,,,,,,34.32,50,NEUTRAL,kite:2026-05-08,2026-05-08T12:20:47.414Z
MIDQ50ADD,DSP NIFTY MIDCAP 150 QUALITY 50 ETF,NSE EQ,246.7,-0.18,-0.07,247.11,248.09,244.03,246.88,5585,5585,,,,,,,,,,,88.02,50,NEUTRAL,kite:2026-05-08,2026-05-08T12:20:47.414Z
MIDSMALL,MIRAE ASSET NIFTY MIDSMALLCAP400 MOMENTUM QUALITY 100 ETF,NSE EQ,51.38,-0.12,-0.23,51.5,51.57,51.29,51.5,400844,400844,,,,,,,,,,,67.26,50,NEUTRAL,kite:2026-05-08,2026-05-08T12:20:47.414Z
MIDWESTLTD,MIDWEST,NSE EQ,1387.9,8.6,0.62,1398,1423,1370,1379.3,55039,55039,,,,,,,,,,,47.4,50,NEUTRAL,kite:2026-05-08,2026-05-08T12:20:47.414Z
MIEL-SM,MANGLAM INFRA & ENG,NSE EQ,17.35,0.8,4.83,17.3,17.35,17.3,16.55,16000,16000,,,,,,,,,,,,54,NEUTRAL,kite:2026-05-08,2026-05-08T12:20:47.414Z
MILTON-SM,MILTON INDUSTRIES,NSE EQ,47.4,-2.45,-4.91,50,50,47.4,49.85,8800,8800,,,,,,,,,,,,46,NEUTRAL,kite:2026-05-08,2026-05-08T12:20:47.414Z
MINDACORP,MINDA CORPORATION,NSE EQ,537.5,0.8,0.15,536.7,542.8,531.6,536.7,207988,207988,,,,,,,,,,,49.29,50,NEUTRAL,kite:2026-05-08,2026-05-08T12:20:47.414Z
MINDPOOL-SM,MINDPOOL TECHNOLOGIES,NSE EQ,71.1,0,0,0,71.1,68.55,71.1,0,0,,,,,,,,,,,,50,NEUTRAL,kite:2026-05-08,2026-05-08T12:20:47.414Z
MINDSPACE-RR,MINDSPACE BUSINESS P REIT,NSE EQ,464.91,2.68,0.58,464.39,469.95,458.57,462.23,205556,205556,,,,,,,,,,,,50,NEUTRAL,kite:2026-05-08,2026-05-08T12:20:47.414Z
MINDTECK,MINDTECK (INDIA),NSE EQ,219.93,4.54,2.11,210,224.4,210,215.39,173665,173665,,,,,,,,,,,45.25,50,NEUTRAL,kite:2026-05-08,2026-05-08T12:20:47.414Z
MIRCELECTR,MIRC ELECTRONICS,NSE EQ,42.73,2.98,7.5,41.75,44.75,40.5,39.75,31100799,31100799,,,,,,,,,,,13.43,54,NEUTRAL,kite:2026-05-08,2026-05-08T12:20:47.414Z
MIRZAINT,MIRZA INTERNATIONAL LIMIT,NSE EQ,33.52,-0.02,-0.06,33.5,33.8,33.21,33.54,60149,60149,,,,,,,,,,,48.83,50,NEUTRAL,kite:2026-05-08,2026-05-08T12:20:47.414Z
MITCON,MITCON CON & ENG SER,NSE EQ,84,-3.76,-4.28,84.4,89.9,83.35,87.76,8559,8559,,,,,,,,,,,74.37,46,NEUTRAL,kite:2026-05-08,2026-05-08T12:20:47.414Z
MITTAL,MITTAL LIFE STYLE,NSE EQ,0.95,0.05,5.56,0.9,0.97,0.9,0.9,805863,805863,,,,,,,,,,,74.28,54,NEUTRAL,kite:2026-05-08,2026-05-08T12:20:47.414Z
MKPL,M K PROTEINS,NSE EQ,5.25,0.03,0.57,5.29,5.29,5.2,5.22,106670,106670,,,,,,,,,,,87.15,50,NEUTRAL,kite:2026-05-08,2026-05-08T12:20:47.414Z
MMEL-SM,MOVING MEDIA ENTER,NSE EQ,36.5,0,0,0,37.5,36.5,36.5,0,0,,,,,,,,,,,,50,NEUTRAL,kite:2026-05-08,2026-05-08T12:20:47.414Z
MMFL,MM FORGINGS,NSE EQ,493.7,-2.8,-0.56,495.5,501,490,496.5,35659,35659,,,,,,,,,,,52.76,50,NEUTRAL,kite:2026-05-08,2026-05-08T12:20:47.414Z
MMP,MMP INDUSTRIES,NSE EQ,289.22,-6.76,-2.28,295.78,295.78,288.1,295.98,28469,28469,,,,,,,,,,,53.74,50,NEUTRAL,kite:2026-05-08,2026-05-08T12:20:47.414Z
MMTC,MMTC,NSE EQ,67.79,0.97,1.45,66.99,69.34,66.83,66.82,4884361,4884361,,,,,,,,,,,33.22,50,NEUTRAL,kite:2026-05-08,2026-05-08T12:20:47.414Z
MMWL,MEDIA MATRIX WORLDWIDE L,NSE EQ,15.15,-1.01,-6.25,15.77,15.85,14.76,16.16,519462,519462,,,,,,,,,,,47.69,46,NEUTRAL,kite:2026-05-08,2026-05-08T12:20:47.414Z
MNC,KOTAK NIFTY MNC ETF,NSE EQ,33.43,-1.02,-2.96,34.45,34.45,33.25,34.45,586841,586841,,,,,,,,,,,68.31,50,NEUTRAL,kite:2026-05-08,2026-05-08T12:20:47.414Z
MOALPHA50,MOTILAL OSWAL NIFTY ALPHA 50 ETF,NSE EQ,52.81,-0.06,-0.11,52.69,52.97,52.62,52.87,7797,7797,,,,,,,,,,,95.7,50,NEUTRAL,kite:2026-05-08,2026-05-08T12:20:47.414Z
MOBANK10,MOTILALAMC - MOBANK10,NSE EQ,16.39,-0.26,-1.56,16.65,16.65,16.34,16.65,10309,10309,,,,,,,,,,,58.2,50,NEUTRAL,kite:2026-05-08,2026-05-08T12:20:47.414Z
MOBIKWIK,ONE MOBIKWIK SYSTEMS,NSE EQ,217.8,3.06,1.42,214.39,220.89,212.25,214.74,2388317,2388317,,,,,,,,,,,29.75,50,NEUTRAL,kite:2026-05-08,2026-05-08T12:20:47.414Z
MOBILISE-ST,MOBILISE APP LAB,NSE EQ,107.35,5.1,4.99,107.35,107.35,107,102.25,84800,84800,,,,,,,,,,,,54,NEUTRAL,kite:2026-05-08,2026-05-08T12:20:47.414Z
MOCAPITAL,MOTILAL OSWAL NIFTY CAPITAL MARKET ETF,NSE EQ,55.66,0.15,0.27,55.77,56.15,55,55.51,1302846,1302846,,,,,,,,,,,67.69,50,NEUTRAL,kite:2026-05-08,2026-05-08T12:20:47.414Z
MODEFENCE,MOTILAL OSWAL NIFTY INDIA DEFENCE ETF,NSE EQ,103.28,-0.29,-0.28,103.57,104.44,102.83,103.57,3049791,3049791,,,,,,,,,,,56.23,50,NEUTRAL,kite:2026-05-08,2026-05-08T12:20:47.414Z
MODINATUR,MODI NATURALS,NSE EQ,374.2,3.4,0.92,370,376,367.5,370.8,10057,10057,,,,,,,,,,,77.41,50,NEUTRAL,kite:2026-05-08,2026-05-08T12:20:47.414Z
MODIRUBBER,MODI RUBBER,NSE EQ,142.86,0.38,0.27,143.99,152,140.1,142.48,32559,32559,,,,,,,,,,,24.03,50,NEUTRAL,kite:2026-05-08,2026-05-08T12:20:47.414Z
MODIS,MODIS NAVNIRMAN,NSE EQ,368.85,-1.2,-0.32,371.1,385.4,363,370.05,317989,317989,,,,,,,,,,,85.93,50,NEUTRAL,kite:2026-05-08,2026-05-08T12:20:47.414Z
MODISONLTD,MODISON,NSE EQ,166.06,2.52,1.54,165.17,167,163.01,163.54,50963,50963,,,,,,,,,,,51.57,50,NEUTRAL,kite:2026-05-08,2026-05-08T12:20:47.414Z
MODTHREAD,MODERN THREADS INDIA,NSE EQ,46.8,-0.39,-0.83,45.56,49.09,45.5,47.19,110,110,,,,,,,,,,,52.73,50,NEUTRAL,kite:2026-05-08,2026-05-08T12:20:47.414Z
MOENERGY,MOTILAL OSWAL NIFTY ENERGY ETF,NSE EQ,40.9,-0.4,-0.97,41.7,42.05,40.74,41.3,198905,198905,,,,,,,,,,,73.15,50,NEUTRAL,kite:2026-05-08,2026-05-08T12:20:47.414Z
MOGOLD,MOTILAL OSWAL GOLD ETF,NSE EQ,149.1,-0.2,-0.13,149.85,150.5,148.25,149.3,59395,59395,,,,,,,,,,,13.68,50,NEUTRAL,kite:2026-05-08,2026-05-08T12:20:47.414Z
MOGSEC,MOTILAL OSWAL NIFTY 5 YEAR BENCHMARK G-SEC ETF,NSE EQ,63.8,-0.06,-0.09,63.8,63.86,63.65,63.86,401,401,,,,,,,,,,,99.75,50,NEUTRAL,kite:2026-05-08,2026-05-08T12:20:47.414Z
MOHEALTH,MOTILAL OSWAL BSE HEALTHCARE ETF,NSE EQ,47.01,0.19,0.41,47.1,47.26,46.12,46.82,133150,133150,,,,,,,,,,,82.64,50,NEUTRAL,kite:2026-05-08,2026-05-08T12:20:47.414Z
MOHITIND,MOHIT INDUSTRIES,NSE EQ,24.74,0.24,0.98,24.8,25,24.2,24.5,5580,5580,,,,,,,,,,,49.82,50,NEUTRAL,kite:2026-05-08,2026-05-08T12:20:47.414Z
MOIL,MOIL,NSE EQ,315.35,-1.25,-0.39,316.25,321.5,311.35,316.6,916030,916030,,,,,,,,,,,31.55,50,NEUTRAL,kite:2026-05-08,2026-05-08T12:20:47.414Z
MOINFRA,MOTILAL OSWAL BSE INDIA INFRASTRUCTURE ETF,NSE EQ,64.74,-0.35,-0.54,65.03,65.2,64.51,65.09,3301,3301,,,,,,,,,,,67.1,50,NEUTRAL,kite:2026-05-08,2026-05-08T12:20:47.414Z
MOIPO,MOTILAL OSWAL BSE SELECT IPO ETF,NSE EQ,44.54,0.19,0.43,44.48,44.64,44.38,44.35,1599,1599,,,,,,,,,,,91.24,50,NEUTRAL,kite:2026-05-08,2026-05-08T12:20:47.414Z
MOKSH,MOKSH ORNAMENTS,NSE EQ,13.54,-0.25,-1.81,14,14.2,13.5,13.79,94368,94368,,,,,,,,,,,70.51,50,NEUTRAL,kite:2026-05-08,2026-05-08T12:20:47.414Z
MOL,MEGHMANI ORGANICS,NSE EQ,58.5,-1.4,-2.34,60.15,60.15,58.25,59.9,792521,792521,,,,,,,,,,,43.94,50,NEUTRAL,kite:2026-05-08,2026-05-08T12:20:47.414Z
MOLDTECH,MOLD-TEK TECHNOLOGIES,NSE EQ,130.18,-1.62,-1.23,131.17,131.95,128.01,131.8,19789,19789,,,,,,,,,,,58.3,50,NEUTRAL,kite:2026-05-08,2026-05-08T12:20:47.414Z
MOLDTKPAC,MOLD-TEK PACKAGING,NSE EQ,589.95,-7.2,-1.21,586.1,605.4,586.1,597.15,128695,128695,,,,,,,,,,,72.56,50,NEUTRAL,kite:2026-05-08,2026-05-08T12:20:47.414Z
MOLOWVOL,MOTILAL OSWAL BSE LOW VOLATILITY ETF,NSE EQ,37.17,-0.01,-0.03,37.06,37.23,37,37.18,343865,343865,,,,,,,,,,,66.53,50,NEUTRAL,kite:2026-05-08,2026-05-08T12:20:47.414Z
MOM100,MOTILAL OSWAL NIFTY MIDCAP 100 ETF,NSE EQ,66.63,-0.08,-0.12,67,67,66.45,66.71,407281,407281,,,,,,,,,,,55.62,50,NEUTRAL,kite:2026-05-08,2026-05-08T12:20:47.414Z
MOM50,MOTILAL OSWAL NIFTY 50 ETF,NSE EQ,251.46,-1.65,-0.65,252.85,252.85,250.69,253.11,2928,2928,,,,,,,,,,,70.59,50,NEUTRAL,kite:2026-05-08,2026-05-08T12:20:47.414Z
MOMENTUM,ADITYA BIRLA SUN LIFE NIFTY 200 MOMENTUM 30 ETF,NSE EQ,31.74,-0.03,-0.09,31.86,32.52,31.44,31.77,350505,350505,,,,,,,,,,,61.4,50,NEUTRAL,kite:2026-05-08,2026-05-08T12:20:47.414Z
MOMENTUM30,KOTAK NIFTY 200 MOMENTUM 30 ETF,NSE EQ,31.17,-0.05,-0.16,31.6,31.6,31.14,31.22,18130,18130,,,,,,,,,,,58.61,50,NEUTRAL,kite:2026-05-08,2026-05-08T12:20:47.414Z
MOMENTUM50,MOTILAL OSWAL NIFTY 500 MOMENTUM 50 ETF,NSE EQ,53.32,-0.05,-0.09,53.03,53.44,53.03,53.37,510072,510072,,,,,,,,,,,72.55,50,NEUTRAL,kite:2026-05-08,2026-05-08T12:20:47.414Z
MOMGF,MOTILAL OSWAL NIFTY INDIA MANUFACTURING ETF,NSE EQ,158.48,-1.78,-1.11,160.26,160.76,157.53,160.26,529,529,,,,,,,,,,,77.13,50,NEUTRAL,kite:2026-05-08,2026-05-08T12:20:47.414Z
MOMIDMTM,MOTILAL OSWAL NIFTY MIDCAP150 MOMENTUM 50 ETF,NSE EQ,64.71,-0.16,-0.25,64.87,65.84,64.52,64.87,102356,102356,,,,,,,,,,,79.53,50,NEUTRAL,kite:2026-05-08,2026-05-08T12:20:47.414Z
MOMNC,MOTILAL OSWAL NIFTY MNC ETF,NSE EQ,32.32,0.04,0.12,32.31,32.44,32.23,32.28,3737,3737,,,,,,,,,,,96.9,50,NEUTRAL,kite:2026-05-08,2026-05-08T12:20:47.414Z
MOMOMENTUM,MOTILAL OSWAL NIFTY 200 MOMENTUM 30 ETF,NSE EQ,63.07,-0.47,-0.74,63.54,63.54,62.59,63.54,76418,76418,,,,,,,,,,,66.82,50,NEUTRAL,kite:2026-05-08,2026-05-08T12:20:47.414Z
MON100,MOTILAL OSWAL NASDAQ 100 ETF,NSE EQ,316.77,4.27,1.37,316.77,316.77,314.43,312.5,1264135,1264135,,,,,,,,,,,97.32,50,NEUTRAL,kite:2026-05-08,2026-05-08T12:20:47.414Z
MON50EQUAL,MOTILAL OSWAL NIFTY 50 EQUAL WEIGHT ETF,NSE EQ,33.17,0.1,0.3,33.23,33.23,33.03,33.07,4673,4673,,,,,,,,,,,84.55,50,NEUTRAL,kite:2026-05-08,2026-05-08T12:20:47.414Z
MONARCH,MONARCH NETWORTH CAP,NSE EQ,310.1,-3.95,-1.26,315,317,307.35,314.05,37437,37437,,,,,,,,,,,53.24,50,NEUTRAL,kite:2026-05-08,2026-05-08T12:20:47.414Z
MONEXT50,MOTILAL OSWAL NIFTY NEXT 50 ETF,NSE EQ,71.09,-0.57,-0.8,71.66,71.67,71.08,71.66,939,939,,,,,,,,,,,87.65,50,NEUTRAL,kite:2026-05-08,2026-05-08T12:20:47.414Z
MONEYBOXX,MONEYBOXX FINANCE,NSE EQ,76.97,0.97,1.28,75.9,77.97,75.21,76,33344,33344,,,,,,,,,,,70.78,50,NEUTRAL,kite:2026-05-08,2026-05-08T12:20:47.414Z
MONIFTY100,MOTILAL OSWAL NIFTY 100 ETF,NSE EQ,25.25,-0.18,-0.71,25.43,25.43,25.23,25.43,12894,12894,,,,,,,,,,,99.99,50,NEUTRAL,kite:2026-05-08,2026-05-08T12:20:47.414Z
MONIFTY500,MOTILAL OSWAL NIFTY 500 ETF,NSE EQ,23.53,-0.07,-0.3,23.71,23.71,23.44,23.6,610159,610159,,,,,,,,,,,70.54,50,NEUTRAL,kite:2026-05-08,2026-05-08T12:20:47.414Z
MONOLITH-SM,MONOLITHISCH INDIA,NSE EQ,564.5,-2.25,-0.4,562.75,579.95,557,566.75,20750,20750,,,,,,,,,,,,50,NEUTRAL,kite:2026-05-08,2026-05-08T12:20:47.414Z
MONOPHARMA-SM,MONO PHARMACARE,NSE EQ,13.1,0,0,0,13.1,13,13.1,0,0,,,,,,,,,,,,50,NEUTRAL,kite:2026-05-08,2026-05-08T12:20:47.414Z
MONQ50,MOTILAL OSWAL NASDAQ Q 50 ETF,NSE EQ,133.92,3.27,2.5,133.79,133.92,131.3,130.65,245744,245744,,,,,,,,,,,97.23,50,NEUTRAL,kite:2026-05-08,2026-05-08T12:20:47.414Z
MONTECARLO,MONTE CARLO FASHIONS,NSE EQ,584.8,-4.2,-0.71,586.05,589.9,581.7,589,11567,11567,,,,,,,,,,,61.21,50,NEUTRAL,kite:2026-05-08,2026-05-08T12:20:47.414Z
MOPSE,MOTILAL OSWAL NIFTY PSE ETF,NSE EQ,108.72,-0.9,-0.82,109.22,109.42,107,109.62,3703,3703,,,,,,,,,,,57.98,50,NEUTRAL,kite:2026-05-08,2026-05-08T12:20:47.414Z
MOQUALITY,MOTILAL OSWAL BSE QUALITY ETF,NSE EQ,206.18,-0.8,-0.39,206.63,206.68,205.46,206.98,25073,25073,,,,,,,,,,,97.94,50,NEUTRAL,kite:2026-05-08,2026-05-08T12:20:47.414Z
MOREALTY,MOTILAL OSWAL NIFTY REALTY ETF,NSE EQ,82.36,-0.28,-0.34,82.63,82.84,81.96,82.64,507564,507564,,,,,,,,,,,51.2,50,NEUTRAL,kite:2026-05-08,2026-05-08T12:20:47.414Z
MOREPENLAB,MOREPEN LAB.,NSE EQ,45.64,1.61,3.66,44.15,46.56,44.1,44.03,9260962,9260962,,,,,,,,,,,36.45,54,NEUTRAL,kite:2026-05-08,2026-05-08T12:20:47.414Z
MOS-SM,MOS UTILITY,NSE EQ,13.05,0.6,4.82,12.5,13.05,12.5,12.45,52000,52000,,,,,,,,,,,,54,NEUTRAL,kite:2026-05-08,2026-05-08T12:20:47.414Z
MOSCHIP,MOSCHIP TECHNOLOGIES,NSE EQ,227.65,-0.41,-0.18,226.41,236.7,225.4,228.06,6345015,6345015,,,,,,,,,,,27.44,50,NEUTRAL,kite:2026-05-08,2026-05-08T12:20:47.414Z
MOSERVICE,MOTILAL OSWAL NIFTY SERVICES SECTOR ETF,NSE EQ,30.44,-0.51,-1.65,30.95,30.95,30.39,30.95,13492,13492,,,,,,,,,,,100,50,NEUTRAL,kite:2026-05-08,2026-05-08T12:20:47.414Z
MOSILVER,MOTILAL OSWAL SILVER ETF,NSE EQ,247.47,0.71,0.29,251.75,251.75,243.12,246.76,39551,39551,,,,,,,,,,,27.23,50,NEUTRAL,kite:2026-05-08,2026-05-08T12:20:47.414Z
MOSMALL250,MOTILAL OSWAL NIFTY SMALLCAP 250 ETF,NSE EQ,17.51,0.06,0.34,17.57,17.58,17.45,17.45,1821329,1821329,,,,,,,,,,,65.8,50,NEUTRAL,kite:2026-05-08,2026-05-08T12:20:47.414Z
MOTHERSON,Samvardhana Motherson International Limited,NSE EQ,132.03,1.6,1.23,130.99,132.76,130.52,130.43,17361170,17361170,136.15,89.7,,123.84,121.41,118.94,112.63,63.2,4.04,0.82,41.06,66,BUY,kite:2026-05-08,2026-05-08T12:20:47.414Z
MOTILALOFS,MOTILAL OSWAL FIN,NSE EQ,882,-9.3,-1.04,891.3,902,880,891.3,1401493,1401493,,,,,,,,,,,51.14,50,NEUTRAL,kite:2026-05-08,2026-05-08T12:20:47.414Z
MOTISONS,MOTISONS JEWELLERS,NSE EQ,13.28,0.03,0.23,13.25,13.4,13.16,13.25,3147208,3147208,,,,,,,,,,,38.44,50,NEUTRAL,kite:2026-05-08,2026-05-08T12:20:47.414Z
MOTOGENFIN,MOTOR & GENERAL FINANCE L,NSE EQ,23.61,-0.81,-3.32,24.42,24.42,22.67,24.42,30093,30093,,,,,,,,,,,67.96,46,NEUTRAL,kite:2026-05-08,2026-05-08T12:20:47.414Z
MOTOUR,MOTILAL OSWAL NIFTY INDIA TOURISM ETF,NSE EQ,75.52,-0.04,-0.05,75.56,75.7,75.18,75.56,11582,11582,,,,,,,,,,,78.44,50,NEUTRAL,kite:2026-05-08,2026-05-08T12:20:47.414Z
MOVALUE,MOTILAL OSWAL BSE ENHANCED VALUE ETF,NSE EQ,117.55,-1.83,-1.53,122.36,122.36,117.25,119.38,191461,191461,,,,,,,,,,,80.44,50,NEUTRAL,kite:2026-05-08,2026-05-08T12:20:47.414Z
MOXSH-ST,MOXSH OVERSEAS EDUCON,NSE EQ,133.85,0,0,0,133.85,133.85,133.85,0,0,,,,,,,,,,,,50,NEUTRAL,kite:2026-05-08,2026-05-08T12:20:47.414Z
MPEL-SM,MANAS POLYMER N ENERGIE L,NSE EQ,45.7,0.1,0.22,45.9,45.9,45.7,45.6,57600,57600,,,,,,,,,,,,50,NEUTRAL,kite:2026-05-08,2026-05-08T12:20:47.414Z
MPHASIS,Mphasis Limited,NSE EQ,2214.2,21.1,0.96,2199,2228,2182.9,2193.1,271921,271921,3037.2,2013,,2260.76,2311.63,2425.27,2545.25,44.27,72.84,0.46,32.74,34,SELL,kite:2026-05-08,2026-05-08T12:20:47.414Z
MPSLTD,MPS,NSE EQ,1699,53.8,3.27,1659.5,1724,1645,1645.2,16584,16584,,,,,,,,,,,46.42,54,NEUTRAL,kite:2026-05-08,2026-05-08T12:20:47.414Z
MPTODAY-SM,M P TODAY MEDIA,NSE EQ,44,0,0,0,44,44,44,0,0,,,,,,,,,,,,50,NEUTRAL,kite:2026-05-08,2026-05-08T12:20:47.414Z
MRF,MRF Limited,NSE EQ,130425,460,0.35,131745,132000,130135,129965,6385,6385,163600,123455,,131993.89,134794.42,138803.63,142173.82,44.1,2960.65,0.77,33.47,34,SELL,kite:2026-05-08,2026-05-08T12:20:47.414Z
MRIL-SM,MAHENDRA REALTO & INFRA L,NSE EQ,40.5,0,0,0,41,40.5,40.5,0,0,,,,,,,,,,,,50,NEUTRAL,kite:2026-05-08,2026-05-08T12:20:47.414Z
MRPL,MRPL,NSE EQ,167.94,12.59,8.1,157,169.9,156.9,155.35,66142408,66142408,,,,,,,,,,,13.42,54,NEUTRAL,kite:2026-05-08,2026-05-08T12:20:47.414Z
MSCIADD,DSP MSCI INDIA ETF,NSE EQ,29.3,-0.39,-1.31,29.5,29.54,29.3,29.69,1334,1334,,,,,,,,,,,100,50,NEUTRAL,kite:2026-05-08,2026-05-08T12:20:47.414Z
MSCIINDIA,KOTAK MSCI INDIA ETF,NSE EQ,29.82,-0.03,-0.1,29.86,29.9,29.65,29.85,44672,44672,,,,,,,,,,,53.74,50,NEUTRAL,kite:2026-05-08,2026-05-08T12:20:47.414Z
MSPL,MSP STEEL & POWER,NSE EQ,42.18,2,4.98,41,42.18,40.4,40.18,1073311,1073311,,,,,,,,,,,81.68,54,NEUTRAL,kite:2026-05-08,2026-05-08T12:20:47.414Z
MSTCLTD,MSTC,NSE EQ,455.9,1.25,0.27,454.7,464,454,454.65,242564,242564,,,,,,,,,,,50.39,50,NEUTRAL,kite:2026-05-08,2026-05-08T12:20:47.414Z
MSUMI,MOTHERSON SUMI WRNG IND L,NSE EQ,42.5,-0.33,-0.77,42.9,43.2,42.23,42.83,7012661,7012661,,,,,,,,,,,50.72,50,NEUTRAL,kite:2026-05-08,2026-05-08T12:20:47.414Z
MTARTECH,MTAR TECHNOLOGIES,NSE EQ,6470,-207,-3.1,6686,6759.5,6411,6677,602991,602991,,,,,,,,,,,30.43,46,NEUTRAL,kite:2026-05-08,2026-05-08T12:20:47.414Z
MTEDUCARE-BE,MT EDUCARE,NSE EQ,1.56,-0.07,-4.29,1.7,1.7,1.55,1.63,11010,11010,,,,,,,,,,,,46,NEUTRAL,kite:2026-05-08,2026-05-08T12:20:47.414Z
MTNL,MAHANAGAR TELEPHONE NIGAM,NSE EQ,32.09,-0.3,-0.93,32.38,33.97,31.5,32.39,3005068,3005068,,,,,,,,,,,31.29,50,NEUTRAL,kite:2026-05-08,2026-05-08T12:20:47.414Z
MUFIN,MUFIN GREEN FINANCE,NSE EQ,118.46,-0.16,-0.13,118.8,121,117.55,118.62,1866203,1866203,,,,,,,,,,,40.49,50,NEUTRAL,kite:2026-05-08,2026-05-08T12:20:47.414Z
MUFTI,CREDO BRANDS MARKETING L,NSE EQ,82.61,-0.14,-0.17,82.74,84.5,82.06,82.75,126525,126525,,,,,,,,,,,49.74,50,NEUTRAL,kite:2026-05-08,2026-05-08T12:20:47.414Z
MUKANDLTD,MUKAND,NSE EQ,139.29,0.01,0.01,139.3,140.27,137.26,139.28,159901,159901,,,,,,,,,,,50.74,50,NEUTRAL,kite:2026-05-08,2026-05-08T12:20:47.414Z
MUKKA,MUKKA PROTEINS,NSE EQ,24.63,0.04,0.16,24.6,25.1,24.22,24.59,376308,376308,,,,,,,,,,,56.62,50,NEUTRAL,kite:2026-05-08,2026-05-08T12:20:47.414Z
MUKTAARTS,MUKTA ARTS,NSE EQ,57.07,-0.65,-1.13,58.5,59.4,56.53,57.72,7152,7152,,,,,,,,,,,75.22,50,NEUTRAL,kite:2026-05-08,2026-05-08T12:20:47.414Z
MULTICAP,MIRAE ASSET NIFTY500 MULTICAP 50:25:25 ETF,NSE EQ,16.43,-0.02,-0.12,16.42,16.49,16.39,16.45,245659,245659,,,,,,,,,,,91.79,50,NEUTRAL,kite:2026-05-08,2026-05-08T12:20:47.414Z
MUNISH-SM,MUNISH FORGE,NSE EQ,73.15,-1.85,-2.47,76,77,68.25,75,34800,34800,,,,,,,,,,,,50,NEUTRAL,kite:2026-05-08,2026-05-08T12:20:47.414Z
MUNJALAU,MUNJAL AUTO IND.,NSE EQ,85.35,-0.46,-0.54,86.5,86.7,84.8,85.81,86872,86872,,,,,,,,,,,52.18,50,NEUTRAL,kite:2026-05-08,2026-05-08T12:20:47.414Z
MUNJALSHOW,MUNJAL SHOWA,NSE EQ,139.8,-2.67,-1.87,143,144.8,139,142.47,66002,66002,,,,,,,,,,,58.1,50,NEUTRAL,kite:2026-05-08,2026-05-08T12:20:47.414Z
MURUDCERA,MURUDESHWAR CERAMICS,NSE EQ,33.62,-0.27,-0.8,33.89,34.58,33.42,33.89,16051,16051,,,,,,,,,,,75.17,50,NEUTRAL,kite:2026-05-08,2026-05-08T12:20:47.414Z
MUTHOOTCAP,MUTHOOT CAP SERV,NSE EQ,224.63,-3.56,-1.56,228,229.7,223.1,228.19,27196,27196,,,,,,,,,,,64.83,50,NEUTRAL,kite:2026-05-08,2026-05-08T12:20:47.414Z
MUTHOOTFIN,Muthoot Finance Limited,NSE EQ,3528.9,-55.4,-1.55,3594,3594,3514.1,3584.3,750383,750383,4149.5,2027,,3488.79,3481.01,3470.25,3218.46,53.67,88.9,1.37,69.55,62,BUY,kite:2026-05-08,2026-05-08T12:20:47.414Z
MUTHOOTMF,MUTHOOT MICROFIN,NSE EQ,200.52,-7.98,-3.83,209,209.99,199,208.5,578322,578322,,,,,,,,,,,48.61,46,NEUTRAL,kite:2026-05-08,2026-05-08T12:20:47.414Z
MVGJL,MANOJ VAIBHAV GEM N JEW L,NSE EQ,180.4,-1.04,-0.57,183.6,185.05,179.1,181.44,55812,55812,,,,,,,,,,,49.48,50,NEUTRAL,kite:2026-05-08,2026-05-08T12:20:47.414Z
MVKAGRO-SM,M.V.K. AGRO FOOD PROD,NSE EQ,506.5,-7.35,-1.43,512,530,502.35,513.85,12000,12000,,,,,,,,,,,,50,NEUTRAL,kite:2026-05-08,2026-05-08T12:20:47.414Z
MWL,MANGALAM WORLDWIDE,NSE EQ,351.25,-4.45,-1.25,361,361,348.1,355.7,28341,28341,,,,,,,,,,,66.69,50,NEUTRAL,kite:2026-05-08,2026-05-08T12:20:47.414Z
MYMUDRA-SM,MY MUDRA FINCORP,NSE EQ,77.05,-2.85,-3.57,77.05,77.05,77.05,79.9,1200,1200,,,,,,,,,,,,46,NEUTRAL,kite:2026-05-08,2026-05-08T12:20:47.414Z
NACLIND,NACL INDUSTRIES,NSE EQ,177.41,-3.02,-1.67,184.7,184.7,176.61,180.43,471671,471671,,,,,,,,,,,56.7,50,NEUTRAL,kite:2026-05-08,2026-05-08T12:20:47.414Z
NAGAFERT-BZ,NAGARJUN FERT AND CHE,NSE EQ,3.88,-0.04,-1.02,4,4,3.8,3.92,365941,365941,,,,,,,,,,,,50,NEUTRAL,kite:2026-05-08,2026-05-08T12:20:47.414Z
NAGREEKCAP-BE,NAGREEKA CAP & INFR.LTD,NSE EQ,30,0.15,0.5,30.48,30.48,28.71,29.85,3643,3643,,,,,,,,,,,,50,NEUTRAL,kite:2026-05-08,2026-05-08T12:20:47.414Z
NAGREEKEXP,NAGREEKA EXPORTS,NSE EQ,27.95,0.19,0.68,28.29,28.4,27.26,27.76,2435,2435,,,,,,,,,,,64.6,50,NEUTRAL,kite:2026-05-08,2026-05-08T12:20:47.414Z
NAHARCAP,NAHAR CAP & FIN.,NSE EQ,269.95,-0.05,-0.02,276.75,281.8,269,270,14172,14172,,,,,,,,,,,76.38,50,NEUTRAL,kite:2026-05-08,2026-05-08T12:20:47.414Z
NAHARINDUS,NAHAR INDS ENT,NSE EQ,119.46,1.9,1.62,117.7,122,117.7,117.56,38000,38000,,,,,,,,,,,55.36,50,NEUTRAL,kite:2026-05-08,2026-05-08T12:20:47.414Z
NAHARPOLY,NAHAR POLY FILMS,NSE EQ,267.7,-1.8,-0.67,269.5,273.55,266.25,269.5,9188,9188,,,,,,,,,,,64.16,50,NEUTRAL,kite:2026-05-08,2026-05-08T12:20:47.414Z
NAHARSPING-BE,NAHAR SPINNING MILLS,NSE EQ,275.41,-5.62,-2,0,275.41,275.41,281.03,954,954,,,,,,,,,,,,50,NEUTRAL,kite:2026-05-08,2026-05-08T12:20:47.414Z
NAM-INDIA,NIPPON L I A M,NSE EQ,1103.4,-4,-0.36,1107.4,1117.9,1095,1107.4,803299,803299,,,,,,,,,,,57.32,50,NEUTRAL,kite:2026-05-08,2026-05-08T12:20:47.414Z
NAMAN-SM,NAMAN INDUSTRE PRXIMA,NSE EQ,52.8,-4.3,-7.53,55.05,55.65,52.2,57.1,7200,7200,,,,,,,,,,,,46,NEUTRAL,kite:2026-05-08,2026-05-08T12:20:47.414Z
NAMOEWASTE-SM,NAMO EWASTE MANAGEMENT L,NSE EQ,240.4,-7.9,-3.18,248.9,249,238,248.3,34400,34400,,,,,,,,,,,,46,NEUTRAL,kite:2026-05-08,2026-05-08T12:20:47.414Z
NARMADA,NARMADA AGROBASE,NSE EQ,37.02,-0.35,-0.94,37.37,37.59,36.83,37.37,375214,375214,,,,,,,,,,,38.21,50,NEUTRAL,kite:2026-05-08,2026-05-08T12:20:47.414Z
NATCAPSUQ,NATURAL CAPSULES,NSE EQ,169.64,8.34,5.17,162.95,182.8,157.1,161.3,9683,9683,,,,,,,,,,,64.59,54,NEUTRAL,kite:2026-05-08,2026-05-08T12:20:47.414Z
NATCOPHARM,NATCO PHARMA,NSE EQ,1174.7,19.5,1.69,1155.2,1218,1152.1,1155.2,1337529,1337529,,,,,,,,,,,31.97,50,NEUTRAL,kite:2026-05-08,2026-05-08T12:20:47.414Z
NATHBIOGEN,NATH BIO-GENES (I),NSE EQ,171.21,-3.16,-1.81,176,176.98,170.6,174.37,28517,28517,,,,,,,,,,,68.15,50,NEUTRAL,kite:2026-05-08,2026-05-08T12:20:47.414Z
NATIONALUM,National Aluminium Company Limited,NSE EQ,401.95,-1.55,-0.38,403.2,403.9,396.15,403.5,5777370,5777370,445.15,149,,412.9,397.83,366.07,303.89,45.53,13.33,0.59,44.03,50,NEUTRAL,kite:2026-05-08,2026-05-08T12:20:47.414Z
NATIONSTD,NATIONAL STAND (INDIA) L,NSE EQ,1376.4,3.7,0.27,1380.1,1419.7,1368,1372.7,101,101,,,,,,,,,,,83.17,50,NEUTRAL,kite:2026-05-08,2026-05-08T12:20:47.414Z
NAUKRI,INFO EDGE (I),NSE EQ,978.35,-3.5,-0.36,981.85,988.8,973.3,981.85,1597738,1597738,,,,,,,,,,,58.17,50,NEUTRAL,kite:2026-05-08,2026-05-08T12:20:47.414Z
NAVA,NAVA,NSE EQ,727.05,11.25,1.57,721,736.35,718,715.8,1038131,1038131,,,,,,,,,,,42.5,50,NEUTRAL,kite:2026-05-08,2026-05-08T12:20:47.414Z
NAVINFLUOR,Navin Fluorine International Limited,NSE EQ,7041.5,-43.5,-0.61,7049,7095.5,6996.5,7085,173361,173361,7200,4189.4,,6660.05,6419.98,6183.94,5693.47,70.95,181.09,0.51,60.25,54,NEUTRAL,kite:2026-05-08,2026-05-08T12:20:47.414Z
NAVKARCORP,NAVKAR CORPORATION,NSE EQ,101.14,2.17,2.19,99.21,104.95,98.82,98.97,1313277,1313277,,,,,,,,,,,45.28,50,NEUTRAL,kite:2026-05-08,2026-05-08T12:20:47.414Z
NAVKARURB,NAVKAR URBANSTRUCTURE,NSE EQ,0.86,0.02,2.38,0.87,0.88,0.85,0.84,3702686,3702686,,,,,,,,,,,59.7,50,NEUTRAL,kite:2026-05-08,2026-05-08T12:20:47.414Z
NAVNETEDUL,NAVNEET EDUCATION,NSE EQ,147.42,-1.86,-1.25,151.08,151.31,145.75,149.28,127912,127912,,,,,,,,,,,59.6,50,NEUTRAL,kite:2026-05-08,2026-05-08T12:20:47.414Z
NAZARA,NAZARA TECHNOLOGIES,NSE EQ,268.6,-5.75,-2.1,274,277,267,274.35,3726260,3726260,,,,,,,,,,,60.5,50,NEUTRAL,kite:2026-05-08,2026-05-08T12:20:47.414Z
NBCC,NBCC (INDIA),NSE EQ,100.64,3.79,3.91,97.4,101.95,96.7,96.85,45653530,45653530,,,,,,,,,,,26.87,54,NEUTRAL,kite:2026-05-08,2026-05-08T12:20:47.414Z
NBIFIN,N.B.I. IND. FIN. CO.,NSE EQ,2087.4,-43.3,-2.03,2130.7,2225,2074.9,2130.7,1382,1382,,,,,,,,,,,65.7,50,NEUTRAL,kite:2026-05-08,2026-05-08T12:20:47.414Z
NCC,NCC,NSE EQ,170.04,-0.04,-0.02,170.19,171.6,168.75,170.08,2359164,2359164,,,,,,,,,,,49.7,50,NEUTRAL,kite:2026-05-08,2026-05-08T12:20:47.414Z
NCLIND,NCL INDUSTRIES,NSE EQ,178.09,1.79,1.02,176.25,179.89,174.64,176.3,81730,81730,,,,,,,,,,,61.52,50,NEUTRAL,kite:2026-05-08,2026-05-08T12:20:47.414Z
NDGL,NAGA DHUNSERI GROUP,NSE EQ,2824.3,68,2.47,2756.3,2850,2756.3,2756.3,99,99,,,,,,,,,,,82.83,50,NEUTRAL,kite:2026-05-08,2026-05-08T12:20:47.414Z
NDL,NANDAN DENIM,NSE EQ,2.9,0.02,0.69,2.98,2.98,2.88,2.88,1606359,1606359,,,,,,,,,,,69.94,50,NEUTRAL,kite:2026-05-08,2026-05-08T12:20:47.414Z
NDLVENTURE,NDL VENTURES,NSE EQ,125.79,3.56,2.91,123.5,126,122,122.23,22853,22853,,,,,,,,,,,75.64,50,NEUTRAL,kite:2026-05-08,2026-05-08T12:20:47.414Z
NDRAUTO,NDR AUTO COMPONENTS,NSE EQ,821.9,12,1.48,822,838,808,809.9,33423,33423,,,,,,,,,,,50.76,50,NEUTRAL,kite:2026-05-08,2026-05-08T12:20:47.414Z
NDRINVIT-IV,NDR INVIT TRUST,NSE EQ,136.75,-0.25,-0.18,136.75,136.89,136.75,137,1925000,1925000,,,,,,,,,,,,50,NEUTRAL,kite:2026-05-08,2026-05-08T12:20:47.414Z
NDTV,NDTV,NSE EQ,79.7,-0.46,-0.57,80.04,80.66,79.09,80.16,127863,127863,,,,,,,,,,,46.84,50,NEUTRAL,kite:2026-05-08,2026-05-08T12:20:47.414Z
NEAGI,NEELAMALAI AGRO INDS. L,NSE EQ,3350,0,0,3350,3350,3350,3350,3,3,,,,,,,,,,,100,50,NEUTRAL,kite:2026-05-08,2026-05-08T12:20:47.414Z
NECCLTD,NORTH EAST CARRY CORP,NSE EQ,16.56,-0.31,-1.84,16.87,17.34,16.37,16.87,59422,59422,,,,,,,,,,,65.02,50,NEUTRAL,kite:2026-05-08,2026-05-08T12:20:47.414Z
NECLIFE,NECTAR LIFESCIENCES,NSE EQ,14.36,0.8,5.9,13.77,14.91,13.77,13.56,2355962,2355962,,,,,,,,,,,64.01,54,NEUTRAL,kite:2026-05-08,2026-05-08T12:20:47.414Z
NEELAM-SM,NEELAM LINENS & GAR (I) L,NSE EQ,12.8,0,0,0,12.8,12.8,12.8,0,0,,,,,,,,,,,,50,NEUTRAL,kite:2026-05-08,2026-05-08T12:20:47.414Z
NELCAST,NELCAST,NSE EQ,160.22,15.88,11,144.48,173.2,142.21,144.34,2801577,2801577,,,,,,,,,,,14.94,54,NEUTRAL,kite:2026-05-08,2026-05-08T12:20:47.414Z
NELCO,NELCO,NSE EQ,727.55,-4.75,-0.65,737.7,741.85,724,732.3,97924,97924,,,,,,,,,,,42.59,50,NEUTRAL,kite:2026-05-08,2026-05-08T12:20:47.414Z
NEOCHEM-SM,NEOCHEM BIO SOLUTIONS,NSE EQ,86.6,0.1,0.12,90.95,91,86.5,86.5,28800,28800,,,,,,,,,,,,50,NEUTRAL,kite:2026-05-08,2026-05-08T12:20:47.414Z
NEOGEN,NEOGEN CHEMICALS,NSE EQ,1772.4,42.3,2.44,1764.2,1883,1760,1730.1,218590,218590,,,,,,,,,,,33.48,50,NEUTRAL,kite:2026-05-08,2026-05-08T12:20:47.414Z
NEPHROCARE-SM,NEPHRO CARE INDIA,NSE EQ,86.3,-1.4,-1.6,87.7,87.95,86.05,87.7,11600,11600,,,,,,,,,,,,50,NEUTRAL,kite:2026-05-08,2026-05-08T12:20:47.414Z
NEPHROPLUS,NEPHROCARE HEALTH SERV L,NSE EQ,544.95,-0.05,-0.01,545.75,550,540.15,545,94062,94062,,,,,,,,,,,59.98,50,NEUTRAL,kite:2026-05-08,2026-05-08T12:20:47.414Z
NEPTUNE-ST,NEPTUNE PETROCHEMICALS L,NSE EQ,202,-0.35,-0.17,202,202,202,202.35,500,500,,,,,,,,,,,,50,NEUTRAL,kite:2026-05-08,2026-05-08T12:20:47.414Z
NESCO,NESCO,NSE EQ,1311.3,7.5,0.58,1305,1323.9,1282.3,1303.8,49543,49543,,,,,,,,,,,47.14,50,NEUTRAL,kite:2026-05-08,2026-05-08T12:20:47.414Z
NESTLEIND,Nestlé India Limited,NSE EQ,1482.4,6.4,0.43,1476.6,1496.3,1470,1476,1471411,1471411,1496.3,1084.7,,1402.34,1332.58,1297.86,1256.44,78.5,28.42,0.56,62.29,54,NEUTRAL,kite:2026-05-08,2026-05-08T12:20:47.414Z
NETF,TATA NIFTY 50 ETF,NSE EQ,262.23,-1.03,-0.39,256.67,264.57,256.67,263.26,5028,5028,,,,,,,,,,,73.99,50,NEUTRAL,kite:2026-05-08,2026-05-08T12:20:47.414Z
NETWEB,NETWEB TECH INDIA,NSE EQ,4422.2,119.5,2.78,4330,4492,4330,4302.7,1991503,1991503,,,,,,,,,,,16.51,50,NEUTRAL,kite:2026-05-08,2026-05-08T12:20:47.414Z
NETWORK18,NETWORK18 MEDIA & INV,NSE EQ,34.42,-0.51,-1.46,34.9,34.95,34.25,34.93,4827186,4827186,,,,,,,,,,,61.59,50,NEUTRAL,kite:2026-05-08,2026-05-08T12:20:47.414Z
NEUEON-BE,NEUEON CORPORATION,NSE EQ,24.86,1.18,4.98,24.86,24.86,24.86,23.68,41402,41402,,,,,,,,,,,,54,NEUTRAL,kite:2026-05-08,2026-05-08T12:20:47.414Z
NEULANDLAB,NEULAND LAB,NSE EQ,17666,381,2.2,17286,17765,17222,17285,89796,89796,,,,,,,,,,,37.48,50,NEUTRAL,kite:2026-05-08,2026-05-08T12:20:47.414Z
NEWGEN,NEWGEN SOFTWARE TECH,NSE EQ,504.85,4.2,0.84,499.85,514,497.3,500.65,980555,980555,,,,,,,,,,,34.08,50,NEUTRAL,kite:2026-05-08,2026-05-08T12:20:47.414Z
NEWJAISA-ST,NEWJAISA TECHNOLOGIES,NSE EQ,24.2,-1.2,-4.72,25.4,25.4,24.2,25.4,18000,18000,,,,,,,,,,,,46,NEUTRAL,kite:2026-05-08,2026-05-08T12:20:47.414Z
NEXT30ADD,DSP BSE SENSEX NEXT 30 ETF,NSE EQ,42.71,-0.08,-0.19,42.8,42.92,42.54,42.79,3725,3725,,,,,,,,,,,75.81,50,NEUTRAL,kite:2026-05-08,2026-05-08T12:20:47.414Z
NEXT50,MIRAE ASSET NIFTY NEXT 50 ETF,NSE EQ,737.02,-3.29,-0.44,739.93,740.8,736,740.31,13924,13924,,,,,,,,,,,88.23,50,NEUTRAL,kite:2026-05-08,2026-05-08T12:20:47.414Z
NEXT50ADD,DSP NIFTY NEXT 50 ETF,NSE EQ,71.83,-0.17,-0.24,71,72.26,71,72,5210,5210,,,,,,,,,,,97.04,50,NEUTRAL,kite:2026-05-08,2026-05-08T12:20:47.414Z
NEXT50BETA,UTI NIFTY NEXT 50 ETF,NSE EQ,77.12,-0.19,-0.25,76.64,77.81,76.55,77.31,195598,195598,,,,,,,,,,,80.74,50,NEUTRAL,kite:2026-05-08,2026-05-08T12:20:47.414Z
NEXT50ETF,KOTAK NIFTY NEXT 50 ETF,NSE EQ,72.04,-0.35,-0.48,72.32,72.39,71.81,72.39,16291,16291,,,,,,,,,,,81.2,50,NEUTRAL,kite:2026-05-08,2026-05-08T12:20:47.414Z
NEXTMEDIA,NEXT MEDIAWORKS,NSE EQ,4.35,-0.14,-3.12,4.31,4.54,4.05,4.49,38962,38962,,,,,,,,,,,46.64,46,NEUTRAL,kite:2026-05-08,2026-05-08T12:20:47.414Z
NFL,NATIONAL FERT.,NSE EQ,78.63,-0.14,-0.18,78.69,79.95,78.4,78.77,1143578,1143578,,,,,,,,,,,40.72,50,NEUTRAL,kite:2026-05-08,2026-05-08T12:20:47.414Z
NGIL,NAKODA GROUP OF IND.,NSE EQ,37,0,0,37,37.74,36.55,37,39909,39909,,,,,,,,,,,34.78,50,NEUTRAL,kite:2026-05-08,2026-05-08T12:20:47.414Z
NGLFINE,NGL FINE CHEM,NSE EQ,2340.7,-315.9,-11.89,2630,2656.6,2283.1,2656.6,36577,36577,,,,,,,,,,,55.82,46,NEUTRAL,kite:2026-05-08,2026-05-08T12:20:47.414Z
NH,NARAYANA HRUDAYALAYA,NSE EQ,1820.3,-35.9,-1.93,1841.2,1884,1814,1856.2,365040,365040,,,,,,,,,,,56.78,50,NEUTRAL,kite:2026-05-08,2026-05-08T12:20:47.414Z
NHIT-IV,NATIONAL HIGHW INFRA TRUS,NSE EQ,163,0,0,0,163,163,163,0,0,,,,,,,,,,,,50,NEUTRAL,kite:2026-05-08,2026-05-08T12:20:47.414Z
NHPC,NHPC Limited,NSE EQ,80.77,-0.81,-0.99,81.65,82.19,80.6,81.58,15750498,15750498,92.34,71.62,,81.59,79.64,79.29,80.93,49.3,1.94,0.88,53.63,50,NEUTRAL,kite:2026-05-08,2026-05-08T12:20:47.414Z
NIACL,The New India Assurance Company Limited,NSE EQ,164.1,-0.89,-0.54,164.99,165.99,163,164.99,509483,509483,214.74,116.97,,159.02,152.5,154.09,165.23,62.81,4.51,0.06,34.42,66,BUY,kite:2026-05-08,2026-05-08T12:20:47.414Z
NIBE,NIBE,NSE EQ,1057.5,-1,-0.09,1054.1,1069.9,1039,1058.5,33232,33232,,,,,,,,,,,53,50,NEUTRAL,kite:2026-05-08,2026-05-08T12:20:47.414Z
NIBL,NRB INDUS. BEARINGS,NSE EQ,32.56,1.25,3.99,31.02,34.4,31.02,31.31,68828,68828,,,,,,,,,,,65.72,54,NEUTRAL,kite:2026-05-08,2026-05-08T12:20:47.414Z
NIDAN-SM,NIDAN LABS AND HEALTH,NSE EQ,14,-0.65,-4.44,14,14.45,13.95,14.65,17000,17000,,,,,,,,,,,,46,NEUTRAL,kite:2026-05-08,2026-05-08T12:20:47.414Z
NIDOZC26-N7,NIDOZC26-N7,NSE EQ,2521,1,0.04,2521,2521,2521,2520,1,1,,,,,,,,,,,,50,NEUTRAL,kite:2026-05-08,2026-05-08T12:20:47.414Z
NIF100BEES,NIPPON INDIA ETF NIFTY 100,NSE EQ,265.7,-1.89,-0.71,265.18,267.7,265.04,267.59,49175,49175,,,,,,,,,,,79.35,50,NEUTRAL,kite:2026-05-08,2026-05-08T12:20:47.414Z
NIFTY1,KOTAK NIFTY 50 ETF,NSE EQ,266.69,-1.23,-0.46,267.91,267.91,265.89,267.92,59280,59280,,,,,,,,,,,70.37,50,NEUTRAL,kite:2026-05-08,2026-05-08T12:20:47.414Z
NIFTY100EW,KOTAK NIFTY 100 EQUAL WEIGHT ETF,NSE EQ,34.39,-0.35,-1.01,34.72,34.72,34.31,34.74,457854,457854,,,,,,,,,,,53.64,50,NEUTRAL,kite:2026-05-08,2026-05-08T12:20:47.414Z
NIFTYADD,DSP NIFTY 50 ETF,NSE EQ,253.34,-1.11,-0.44,253.62,254.07,252.8,254.45,6816,6816,,,,,,,,,,,67.78,50,NEUTRAL,kite:2026-05-08,2026-05-08T12:20:47.414Z
NIFTYBEES,NIPPON INDIA ETF NIFTY 50 BEES,NSE EQ,273.94,-1.23,-0.45,273.62,274.68,272,275.17,6950558,6950558,,,,,,,,,,,59.02,50,NEUTRAL,kite:2026-05-08,2026-05-08T12:20:47.414Z
NIFTYBETA,UTI NIFTY 50 ETF,NSE EQ,266.62,-1.18,-0.44,266.99,267.42,266,267.8,73249,73249,,,,,,,,,,,95.19,50,NEUTRAL,kite:2026-05-08,2026-05-08T12:20:47.414Z
NIFTYBETF,BAJAJ FINSERV NIFTY 50 ETF,NSE EQ,247.6,-0.87,-0.35,248.01,248.28,247.04,248.47,1825,1825,,,,,,,,,,,94.3,50,NEUTRAL,kite:2026-05-08,2026-05-08T12:20:47.414Z
NIFTYCASE,ZERODHA NIFTY 50 ETF,NSE EQ,9.65,-0.04,-0.41,9.73,9.73,9.62,9.69,1064722,1064722,,,,,,,,,,,80.63,50,NEUTRAL,kite:2026-05-08,2026-05-08T12:20:47.414Z
NIFTYETF,MIRAE ASSET NIFTY 50 ETF,NSE EQ,261.39,-1.19,-0.45,263.15,263.16,261.02,262.58,106274,106274,,,,,,,,,,,55.86,50,NEUTRAL,kite:2026-05-08,2026-05-08T12:20:47.414Z
NIFTYQLITY,ADITYA BIRLA SUN LIFE NIFTY 200 QUALITY 30 ETF,NSE EQ,21.45,0.02,0.09,21.53,21.57,21.33,21.43,378145,378145,,,,,,,,,,,97.85,50,NEUTRAL,kite:2026-05-08,2026-05-08T12:20:47.414Z
NIITLTD,NIIT,NSE EQ,74.89,0.5,0.67,74,76.31,73.47,74.39,567547,567547,,,,,,,,,,,44.89,50,NEUTRAL,kite:2026-05-08,2026-05-08T12:20:47.414Z
NIITMTS,NIIT LEARNING SYSTEMS,NSE EQ,317.05,-4.35,-1.35,324.85,327.85,313.3,321.4,60911,60911,,,,,,,,,,,56.83,50,NEUTRAL,kite:2026-05-08,2026-05-08T12:20:47.414Z
NIKITA-SM,NIKITA GRENTEC RECYCL,NSE EQ,101,-0.75,-0.74,105.45,113,100,101.75,205200,205200,,,,,,,,,,,,50,NEUTRAL,kite:2026-05-08,2026-05-08T12:20:47.414Z
NILAINFRA,NILA INFRASTRUCTURES,NSE EQ,9.03,0.15,1.69,9.1,9.4,8.94,8.88,641256,641256,,,,,,,,,,,57.58,50,NEUTRAL,kite:2026-05-08,2026-05-08T12:20:47.414Z
NILASPACES,NILA SPACES,NSE EQ,15.49,0.39,2.58,15.1,15.61,14.68,15.1,1112565,1112565,,,,,,,,,,,61.12,50,NEUTRAL,kite:2026-05-08,2026-05-08T12:20:47.414Z
NILE,NILE,NSE EQ,1853.5,79.5,4.48,1774.1,1904.9,1774.1,1774,10294,10294,,,,,,,,,,,50.55,54,NEUTRAL,kite:2026-05-08,2026-05-08T12:20:47.414Z
NILKAMAL,NILKAMAL,NSE EQ,1297,-1.5,-0.12,1288,1302,1286.2,1298.5,4970,4970,,,,,,,,,,,85.41,50,NEUTRAL,kite:2026-05-08,2026-05-08T12:20:47.414Z
NIMBSPROJ,NIMBUS PROJECTS,NSE EQ,187.34,2.13,1.15,181.81,194.4,175.5,185.21,122626,122626,,,,,,,,,,,8.36,50,NEUTRAL,kite:2026-05-08,2026-05-08T12:20:47.414Z
NINSYS-BE,NINTEC SYSTEMS,NSE EQ,560,18.85,3.48,548,562.8,532.5,541.15,10034,10034,,,,,,,,,,,,54,NEUTRAL,kite:2026-05-08,2026-05-08T12:20:47.414Z
NIPPOBATRY,INDO-NATIONAL,NSE EQ,440.55,-4.45,-1,448,469,439,445,36723,36723,,,,,,,,,,,58.33,50,NEUTRAL,kite:2026-05-08,2026-05-08T12:20:47.414Z
NIRAJ,NIRAJ CEMENT STRUC,NSE EQ,34.68,1,2.97,36.45,36.85,34.5,33.68,457481,457481,,,,,,,,,,,62.55,50,NEUTRAL,kite:2026-05-08,2026-05-08T12:20:47.414Z
NIRAJISPAT-BE,NIRAJ ISPAT IND,NSE EQ,250.74,-4.26,-1.67,257.55,257.55,250.74,255,450,450,,,,,,,,,,,,50,NEUTRAL,kite:2026-05-08,2026-05-08T12:20:47.414Z
NIRLON,NIRLON,NSE EQ,585.4,3.7,0.64,584,589,584,581.7,5250,5250,,,,,,,,,,,83.24,50,NEUTRAL,kite:2026-05-08,2026-05-08T12:20:47.414Z
NIRMAN-ST,NIRMAN AGRI GENTICS,NSE EQ,52.3,-1.1,-2.06,54.45,55,52,53.4,31500,31500,,,,,,,,,,,,50,NEUTRAL,kite:2026-05-08,2026-05-08T12:20:47.414Z
NITCO,NITCO,NSE EQ,107.52,5.78,5.68,102.6,109,102.6,101.74,1969228,1969228,,,,,,,,,,,50.41,54,NEUTRAL,kite:2026-05-08,2026-05-08T12:20:47.414Z
NITINSPIN,NITIN SPINNERS,NSE EQ,480.7,-12.3,-2.49,486,515,474,493,512409,512409,,,,,,,,,,,30.3,50,NEUTRAL,kite:2026-05-08,2026-05-08T12:20:47.414Z
NITIRAJ,NITIRAJ ENGINEERS,NSE EQ,206,-0.23,-0.11,206,210.95,204.8,206.23,742,742,,,,,,,,,,,76.82,50,NEUTRAL,kite:2026-05-08,2026-05-08T12:20:47.414Z
NITTAGELA,NITTA GELATIN INDIA,NSE EQ,1271.55,55.05,4.53,1223.9,1297,1215,1216.5,26182,26182,,,,,,,,,,,58.01,54,NEUTRAL,kite:2026-05-08,2026-05-08T12:20:47.414Z
NIVABUPA,NIVA BUPA HEALTH INS CO L,NSE EQ,81.29,1.25,1.56,80.05,81.8,79.75,80.04,3136498,3136498,,,,,,,,,,,49.51,50,NEUTRAL,kite:2026-05-08,2026-05-08T12:20:47.414Z
NKIND,NK INDUSTRIES,NSE EQ,66.4,0.2,0.3,66.4,69,66.4,66.2,626,626,,,,,,,,,,,75.88,50,NEUTRAL,kite:2026-05-08,2026-05-08T12:20:47.414Z
NLCINDIA,NLC INDIA,NSE EQ,328.2,-0.5,-0.15,328.7,329.9,322.4,328.7,3872028,3872028,,,,,,,,,,,38.77,50,NEUTRAL,kite:2026-05-08,2026-05-08T12:20:47.414Z
NMDC,NMDC Limited,NSE EQ,88.8,-1.34,-1.49,90.05,90.5,88.67,90.14,12944581,12944581,92.77,62,,88.04,84.94,82.31,78.32,56.54,2.1,0.52,48.1,66,BUY,kite:2026-05-08,2026-05-08T12:20:47.414Z
NMSTEEL-SM,NEWMALAYALAM STEEL,NSE EQ,24.9,0,0,0,24.9,23.45,24.9,0,0,,,,,,,,,,,,50,NEUTRAL,kite:2026-05-08,2026-05-08T12:20:47.414Z
NOCIL,NOCIL,NSE EQ,182.48,-6.36,-3.37,184.17,185.57,178.25,188.84,1153858,1153858,,,,,,,,,,,35.54,46,NEUTRAL,kite:2026-05-08,2026-05-08T12:20:47.414Z
NOIDATOLL,NOIDA TOLL BRIDGE CO,NSE EQ,3.77,0.04,1.07,3.81,3.81,3.71,3.73,24147,24147,,,,,,,,,,,79.47,50,NEUTRAL,kite:2026-05-08,2026-05-08T12:20:47.414Z
NORBTEAEXP,NORBEN TEA & EXPORTS,NSE EQ,76.17,3.62,4.99,76.1,76.17,76.1,72.55,6025,6025,,,,,,,,,,,100,54,NEUTRAL,kite:2026-05-08,2026-05-08T12:20:47.414Z
NORTHARC,NORTHERN ARC CAPITAL,NSE EQ,287.3,2.75,0.97,284.3,292.8,284.3,284.55,652053,652053,,,,,,,,,,,56.93,50,NEUTRAL,kite:2026-05-08,2026-05-08T12:20:47.414Z
NOVAAGRI,NOVA AGRITECH,NSE EQ,29.46,0.05,0.17,29.9,29.91,28.4,29.41,175602,175602,,,,,,,,,,,66.44,50,NEUTRAL,kite:2026-05-08,2026-05-08T12:20:47.414Z
NOVARTIND,NOVARTIS INDIA,NSE EQ,1112.5,46.2,4.33,1066.3,1125,1060.2,1066.3,26837,26837,,,,,,,,,,,67.46,54,NEUTRAL,kite:2026-05-08,2026-05-08T12:20:47.414Z
NPBET,TATA NIFTY PRIVATE BANK ETF,NSE EQ,274.83,-1.67,-0.6,275,276.5,273.13,276.5,733,733,,,,,,,,,,,97.14,50,NEUTRAL,kite:2026-05-08,2026-05-08T12:20:47.414Z
NPST,NETWORK PEOPLE SRV TECH L,NSE EQ,1244.3,8.8,0.71,1235.5,1259.4,1230.1,1235.5,7960,7960,,,,,,,,,,,43.74,50,NEUTRAL,kite:2026-05-08,2026-05-08T12:20:47.414Z
NRAIL,N R AGARWAL INDS,NSE EQ,506,0.7,0.14,504.85,507,500,505.3,12055,12055,,,,,,,,,,,83.53,50,NEUTRAL,kite:2026-05-08,2026-05-08T12:20:47.414Z
NRBBEARING,NRB BEARING,NSE EQ,318,17.85,5.95,309,350,303.6,300.15,6760525,6760525,,,,,,,,,,,19.72,54,NEUTRAL,kite:2026-05-08,2026-05-08T12:20:47.414Z
NRL,NUPUR RECYCLERS,NSE EQ,56.74,0.19,0.34,57.25,57.4,56,56.55,68364,68364,,,,,,,,,,,62.22,50,NEUTRAL,kite:2026-05-08,2026-05-08T12:20:47.414Z
NRVANDANA-SM,N R VANDANA TEX IND,NSE EQ,65.15,1.2,1.88,64.15,66.1,63.05,63.95,54000,54000,,,,,,,,,,,,50,NEUTRAL,kite:2026-05-08,2026-05-08T12:20:47.414Z
NSIL,NALWA SONS INVESTMENT,NSE EQ,5874,-81,-1.36,5892,5997.5,5861.5,5955,1615,1615,,,,,,,,,,,51.15,50,NEUTRAL,kite:2026-05-08,2026-05-08T12:20:47.414Z
NSLNISP,NMDC STEEL,NSE EQ,43.66,-0.58,-1.31,44.37,44.8,43.5,44.24,4296953,4296953,,,,,,,,,,,44.92,50,NEUTRAL,kite:2026-05-08,2026-05-08T12:20:47.414Z
NTPC,NTPC Limited,NSE EQ,402.15,1.8,0.45,398,405.1,397.15,400.35,4740939,4740939,414.4,315.55,,395.98,384.9,371.41,357.19,59.5,8.41,0.46,55.52,66,BUY,kite:2026-05-08,2026-05-08T12:20:47.414Z
NTPCGREEN,NTPC GREEN ENERGY,NSE EQ,107.53,-1.73,-1.58,108.75,109.25,107.02,109.26,4316929,4316929,,,,,,,,,,,47.43,50,NEUTRAL,kite:2026-05-08,2026-05-08T12:20:47.414Z
NUCLEUS,NUCLEUS SOFTWARE EXPORTS,NSE EQ,817.05,5.1,0.63,812.75,844.8,807,811.95,39325,39325,,,,,,,,,,,32.22,50,NEUTRAL,kite:2026-05-08,2026-05-08T12:20:47.414Z
NURECA,NURECA,NSE EQ,293.15,3.2,1.1,291,300,284.8,289.95,12841,12841,,,,,,,,,,,61.65,50,NEUTRAL,kite:2026-05-08,2026-05-08T12:20:47.414Z
NUVAMA,NUVAMA WEALTH MANAGE,NSE EQ,1631.5,157,10.65,1474.5,1647.9,1462.3,1474.5,5943190,5943190,,,,,,,,,,,18.89,54,NEUTRAL,kite:2026-05-08,2026-05-08T12:20:47.414Z
NUVOCO,NUVOCO VISTAS CORP,NSE EQ,329.75,-6.7,-1.99,338.1,338.8,325.05,336.45,487691,487691,,,,,,,,,,,41.96,50,NEUTRAL,kite:2026-05-08,2026-05-08T12:20:47.414Z
NV20,KOTAK NIFTY 50 VALUE 20 ETF,NSE EQ,14.24,-0.19,-1.32,14.43,14.43,14.23,14.43,67880,67880,,,,,,,,,,,94.68,50,NEUTRAL,kite:2026-05-08,2026-05-08T12:20:47.414Z
NV20BEES,NIPPON INDIA ETF NV20,NSE EQ,143.04,-1.37,-0.95,144.43,144.43,142.56,144.41,38079,38079,,,,,,,,,,,79.81,50,NEUTRAL,kite:2026-05-08,2026-05-08T12:20:47.414Z
NXST-RR,NEXUS SELECT TRUST,NSE EQ,156.88,2.19,1.42,154.69,157.48,154.2,154.69,248496,248496,,,,,,,,,,,,50,NEUTRAL,kite:2026-05-08,2026-05-08T12:20:47.414Z
NXT-INFRA-IV,NXT-INFRA TRUST,NSE EQ,97,-3,-3,97,97,97,100,1200000,1200000,,,,,,,,,,,,46,NEUTRAL,kite:2026-05-08,2026-05-08T12:20:47.414Z
NYKAA,FSN E-Commerce Ventures Limited,NSE EQ,272.8,2.95,1.09,269.85,274,269.25,269.85,1681989,1681989,285.6,188.5,,264.68,259.5,255.61,243.75,62.37,6.31,0.46,49.31,66,BUY,kite:2026-05-08,2026-05-08T12:20:47.414Z
OAL,ORIENTAL AROMATICS,NSE EQ,316.8,-3.15,-0.98,323.75,323.75,316,319.95,8783,8783,,,,,,,,,,,38.07,50,NEUTRAL,kite:2026-05-08,2026-05-08T12:20:47.414Z
OBCL,ORISSA BENGAL CARRIER,NSE EQ,55.33,-1.54,-2.71,56,56.77,55.21,56.87,2814,2814,,,,,,,,,,,97.44,50,NEUTRAL,kite:2026-05-08,2026-05-08T12:20:47.414Z
OBEROIRLTY,Oberoi Realty Limited,NSE EQ,1703,28,1.67,1681,1715,1666.9,1675,467360,467360,2005,1391.2,,1666.4,1615.16,1607.5,1643.87,59.73,40.37,0.79,42.89,66,BUY,kite:2026-05-08,2026-05-08T12:20:47.414Z
OBSCP-SM,OBSC PERFECTION,NSE EQ,380.8,-11.05,-2.82,391.85,397.9,375.2,391.85,27200,27200,,,,,,,,,,,,50,NEUTRAL,kite:2026-05-08,2026-05-08T12:20:47.414Z
OCCLLTD,OCCL,NSE EQ,102.17,-1.95,-1.87,103,108.6,101.5,104.12,44531,44531,,,,,,,,,,,64.22,50,NEUTRAL,kite:2026-05-08,2026-05-08T12:20:47.414Z
ODIGMA-BE,ODIGMA CONSULTANCY SOL L,NSE EQ,28.72,1.36,4.97,27.25,28.72,27.25,27.36,32471,32471,,,,,,,,,,,,54,NEUTRAL,kite:2026-05-08,2026-05-08T12:20:47.414Z
OFSS,Oracle Financial Services Software Limited,NSE EQ,9345.5,-153,-1.61,9500.5,9580,9301,9498.5,198264,198264,9950,6234.5,,8883.12,8086.98,7866.98,8111.18,70.12,254.75,0.47,46.29,54,NEUTRAL,kite:2026-05-08,2026-05-08T12:20:47.414Z
OIL,OIL INDIA,NSE EQ,454.2,1.35,0.3,455.05,456.8,451.7,452.85,2276506,2276506,,,,,,,,,,,43.85,50,NEUTRAL,kite:2026-05-08,2026-05-08T12:20:47.414Z
OILCOUNTUB-BE,OIL COUNTRY TUBULAR,NSE EQ,58.46,-1.12,-1.88,60.75,60.75,57,59.58,50942,50942,,,,,,,,,,,,50,NEUTRAL,kite:2026-05-08,2026-05-08T12:20:47.414Z
OLAELEC,OLA ELECTRIC MOBILITY,NSE EQ,36.08,0.99,2.82,34.6,36.64,34.41,35.09,87200801,87200801,,,,,,,,,,,21.17,50,NEUTRAL,kite:2026-05-08,2026-05-08T12:20:47.414Z
OLECTRA,OLECTRA GREENTECH,NSE EQ,1340.7,70.9,5.58,1269,1397.9,1255.6,1269.8,3369526,3369526,,,,,,,,,,,21.04,54,NEUTRAL,kite:2026-05-08,2026-05-08T12:20:47.414Z
OLIL-ST,ONECLICK LOGISTICS IND L,NSE EQ,456.3,-21.7,-4.54,470,470,454.1,478,20400,20400,,,,,,,,,,,,46,NEUTRAL,kite:2026-05-08,2026-05-08T12:20:47.414Z
OMAXAUTO-BE,OMAX AUTOS,NSE EQ,235.35,8.7,3.84,235.35,235.35,224.15,226.65,254424,254424,,,,,,,,,,,,54,NEUTRAL,kite:2026-05-08,2026-05-08T12:20:47.414Z
OMAXE,OMAXE,NSE EQ,89.03,2,2.3,88.8,93.7,87,87.03,662238,662238,,,,,,,,,,,52.83,50,NEUTRAL,kite:2026-05-08,2026-05-08T12:20:47.414Z
OMFREIGHT,OM FREIGHT FORWARDERS,NSE EQ,88.41,-2.25,-2.48,87.66,93,85.5,90.66,161333,161333,,,,,,,,,,,35.26,50,NEUTRAL,kite:2026-05-08,2026-05-08T12:20:47.414Z
OMFURN-ST,OMFURN INDIA,NSE EQ,67,1.5,2.29,67,67,67,65.5,1200,1200,,,,,,,,,,,,50,NEUTRAL,kite:2026-05-08,2026-05-08T12:20:47.414Z
OMINFRAL,OM INFRA,NSE EQ,97.77,-1.9,-1.91,99.67,99.67,96.51,99.67,78800,78800,,,,,,,,,,,70.01,50,NEUTRAL,kite:2026-05-08,2026-05-08T12:20:47.414Z
OMNI,OMNITECH ENGINEERING,NSE EQ,437.95,6.15,1.42,430.75,443.75,422.6,431.8,229454,229454,,,,,,,,,,,28.63,50,NEUTRAL,kite:2026-05-08,2026-05-08T12:20:47.414Z
OMPOWER,OM POWER TRANSMISSION,NSE EQ,178.58,-10.47,-5.54,188.5,189.93,177.25,189.05,579165,579165,,,,,,,,,,,52.68,46,NEUTRAL,kite:2026-05-08,2026-05-08T12:20:47.414Z
ONDOOR-ST,ON DOOR CONCEPTS,NSE EQ,182,3.65,2.05,178,182,176,178.35,24600,24600,,,,,,,,,,,,50,NEUTRAL,kite:2026-05-08,2026-05-08T12:20:47.414Z
ONELIFECAP,ONELIFE CAP ADVISORS,NSE EQ,19.33,0.92,5,18.9,19.33,18.2,18.41,172096,172096,,,,,,,,,,,82.21,54,NEUTRAL,kite:2026-05-08,2026-05-08T12:20:47.414Z
ONEPOINT,ONE POINT ONE SOL,NSE EQ,61.04,1.49,2.5,59.5,63.9,59.5,59.55,5915884,5915884,,,,,,,,,,,49.64,50,NEUTRAL,kite:2026-05-08,2026-05-08T12:20:47.414Z
ONESOURCE,ONESOURCE SPECL PHARMA L,NSE EQ,1835.2,19.3,1.06,1800,1848,1792.9,1815.9,264468,264468,,,,,,,,,,,54.65,50,NEUTRAL,kite:2026-05-08,2026-05-08T12:20:47.414Z
ONGC,Oil and Natural Gas Corporation Limited,NSE EQ,279.2,-4.7,-1.66,283.6,284,278.6,283.9,9290168,9290168,307.5,228.45,,287.01,280.29,270.62,259.33,42.93,6.81,0.57,48.49,46,NEUTRAL,kite:2026-05-08,2026-05-08T12:20:47.414Z
ONMOBILE,ONMOBILE GLOBAL,NSE EQ,57.22,-1.4,-2.39,58.01,58.63,57.1,58.62,99988,99988,,,,,,,,,,,52.32,50,NEUTRAL,kite:2026-05-08,2026-05-08T12:20:47.414Z
ONWARDTEC,ONWARD TECHNOLOGIES,NSE EQ,276.27,27.32,10.97,255,280,255,248.95,1076184,1076184,,,,,,,,,,,35.71,54,NEUTRAL,kite:2026-05-08,2026-05-08T12:20:47.414Z
ONYX-SM,ONYX BIOTEC,NSE EQ,34.7,0,0,0,35.5,34.7,34.7,0,0,,,,,,,,,,,,50,NEUTRAL,kite:2026-05-08,2026-05-08T12:20:47.414Z
OPTIEMUS,OPTIEMUS INFRACOM,NSE EQ,462.5,19.15,4.32,442.6,468.35,438,443.35,403530,403530,,,,,,,,,,,69.8,54,NEUTRAL,kite:2026-05-08,2026-05-08T12:20:47.414Z
OPTIVALUE-SM,OPTIVALUE TEK CONSULT,NSE EQ,85,-0.1,-0.12,85.55,86,85,85.1,14400,14400,,,,,,,,,,,,50,NEUTRAL,kite:2026-05-08,2026-05-08T12:20:47.414Z
ORBTEXP,ORBIT EXPORTS,NSE EQ,166.92,-2.1,-1.24,169,173,165,169.02,6147,6147,,,,,,,,,,,64.97,50,NEUTRAL,kite:2026-05-08,2026-05-08T12:20:47.414Z
ORCHASP,ORCHASP,NSE EQ,2.04,-0.06,-2.86,2.18,2.18,1.98,2.1,1045105,1045105,,,,,,,,,,,74.21,50,NEUTRAL,kite:2026-05-08,2026-05-08T12:20:47.414Z
ORCHPHARMA,ORCHID PHARMA,NSE EQ,703.45,21.4,3.14,676,706,674.55,682.05,88814,88814,,,,,,,,,,,51.75,54,NEUTRAL,kite:2026-05-08,2026-05-08T12:20:47.414Z
ORIANA-SM,ORIANA POWER,NSE EQ,2001.75,-32.6,-1.6,2016,2065,1986,2034.35,50175,50175,,,,,,,,,,,,50,NEUTRAL,kite:2026-05-08,2026-05-08T12:20:47.414Z
ORICONENT,ORICON ENTERPRISES,NSE EQ,64.5,-0.02,-0.03,65,65,64.05,64.52,147982,147982,,,,,,,,,,,75.35,50,NEUTRAL,kite:2026-05-08,2026-05-08T12:20:47.414Z
ORIENTALTL,ORIENTAL TRIMEX,NSE EQ,7.02,0.08,1.15,7.06,7.06,6.8,6.94,94600,94600,,,,,,,,,,,79.76,50,NEUTRAL,kite:2026-05-08,2026-05-08T12:20:47.414Z
ORIENTBELL,ORIENT BELL,NSE EQ,347.8,-10.3,-2.88,360.9,360.95,343.6,358.1,17373,17373,,,,,,,,,,,64.11,50,NEUTRAL,kite:2026-05-08,2026-05-08T12:20:47.414Z
ORIENTCEM,ORIENT CEMENT,NSE EQ,141.47,-2.75,-1.91,144.22,145.78,141,144.22,298983,298983,,,,,,,,,,,56.1,50,NEUTRAL,kite:2026-05-08,2026-05-08T12:20:47.414Z
ORIENTCER,ORIENT CERATECH,NSE EQ,41.44,-0.67,-1.59,42.95,42.95,41.11,42.11,33611,33611,,,,,,,,,,,63.16,50,NEUTRAL,kite:2026-05-08,2026-05-08T12:20:47.414Z
ORIENTELEC,ORIENT ELECTRIC,NSE EQ,188.34,-3.75,-1.95,193.9,196.89,183.01,192.09,1820965,1820965,,,,,,,,,,,29.52,50,NEUTRAL,kite:2026-05-08,2026-05-08T12:20:47.414Z
ORIENTHOT,ORIENT HOTELS,NSE EQ,108.05,-0.36,-0.33,108.95,109.5,105.63,108.41,180803,180803,,,,,,,,,,,47.45,50,NEUTRAL,kite:2026-05-08,2026-05-08T12:20:47.414Z
ORIENTLTD,ORIENT PRESS,NSE EQ,66.17,-0.13,-0.2,66.3,67.5,66,66.3,2436,2436,,,,,,,,,,,53.08,50,NEUTRAL,kite:2026-05-08,2026-05-08T12:20:47.414Z
ORIENTPPR,ORIENT PAPER AND INDS,NSE EQ,19.31,-0.51,-2.57,19.7,20.34,19.18,19.82,462516,462516,,,,,,,,,,,42.63,50,NEUTRAL,kite:2026-05-08,2026-05-08T12:20:47.414Z
ORIENTTECH,ORIENT TECHNOLOGIES,NSE EQ,316.65,4.8,1.54,318.95,322.85,311.2,311.85,677435,677435,,,,,,,,,,,32.1,50,NEUTRAL,kite:2026-05-08,2026-05-08T12:20:47.414Z
ORISSAMINE,ORISSA MIN DEV CO,NSE EQ,4303.8,42.5,1,4250,4478.1,4220.3,4261.3,37048,37048,,,,,,,,,,,26.68,50,NEUTRAL,kite:2026-05-08,2026-05-08T12:20:47.414Z
ORKLAINDIA,ORKLA INDIA,NSE EQ,646.25,2.2,0.34,644.05,650,640.2,644.05,38572,38572,,,,,,,,,,,50.61,50,NEUTRAL,kite:2026-05-08,2026-05-08T12:20:47.414Z
ORTEL-BZ,ORTEL COMMUNICATIONS,NSE EQ,1.77,0.02,1.14,1.75,1.83,1.69,1.75,6756,6756,,,,,,,,,,,,50,NEUTRAL,kite:2026-05-08,2026-05-08T12:20:47.414Z
ORTINGLOBE-BE,ORTIN GLOBAL,NSE EQ,14.99,0.12,0.81,15,15,14.25,14.87,9424,9424,,,,,,,,,,,,50,NEUTRAL,kite:2026-05-08,2026-05-08T12:20:47.414Z
OSELDEVICE-SM,OSEL DEVICES,NSE EQ,566.5,22.25,4.09,544.25,572.5,544.25,544.25,28600,28600,,,,,,,,,,,,54,NEUTRAL,kite:2026-05-08,2026-05-08T12:20:47.414Z
OSIAHYPER-BE,OSIA HYPER RETAIL,NSE EQ,5.32,-0.28,-5,5.32,5.32,5.32,5.6,397782,397782,,,,,,,,,,,,46,NEUTRAL,kite:2026-05-08,2026-05-08T12:20:47.414Z
OSWALAGRO-BE,OSWAL AGRO MILLS,NSE EQ,48.85,0.16,0.33,48.69,49.48,47.75,48.69,12030,12030,,,,,,,,,,,,50,NEUTRAL,kite:2026-05-08,2026-05-08T12:20:47.414Z
OSWALGREEN,OSWAL GREENTECH,NSE EQ,27.65,-0.4,-1.43,27.91,28.24,27.5,28.05,156615,156615,,,,,,,,,,,70.11,50,NEUTRAL,kite:2026-05-08,2026-05-08T12:20:47.414Z
OSWALPUMPS,OSWAL PUMPS,NSE EQ,410.6,-21.35,-4.94,424.95,424.95,410.4,431.95,834192,834192,,,,,,,,,,,59.42,46,NEUTRAL,kite:2026-05-08,2026-05-08T12:20:47.414Z
OSWALSEEDS,SHREEOSWAL S AND CHE,NSE EQ,12.78,-0.17,-1.31,12.62,12.99,12.33,12.95,11148,11148,,,,,,,,,,,68.95,50,NEUTRAL,kite:2026-05-08,2026-05-08T12:20:47.414Z
OWAIS-SM,OWAIS METAL & MINERAL,NSE EQ,188,-1.35,-0.71,185.3,196,185,189.35,47900,47900,,,,,,,,,,,,50,NEUTRAL,kite:2026-05-08,2026-05-08T12:20:47.414Z
PACEDIGITK,PACE DIGITEK,NSE EQ,189.15,3.97,2.14,194.4,195.39,187.1,185.18,4837409,4837409,,,,,,,,,,,31.79,50,NEUTRAL,kite:2026-05-08,2026-05-08T12:20:47.414Z
PAGEIND,Page Industries Limited,NSE EQ,37365,20,0.05,37200,37500,36840,37345,17425,17425,50590,29805,,36718.96,35431.09,35756.75,38947.95,62.53,748.99,0.65,42.39,66,BUY,kite:2026-05-08,2026-05-08T12:20:47.414Z
PAISALO,PAISALO DIGITAL,NSE EQ,49.51,-0.04,-0.08,49.58,50.53,49.21,49.55,15268122,15268122,,,,,,,,,,,61.35,50,NEUTRAL,kite:2026-05-08,2026-05-08T12:20:47.414Z
PAKKA,PAKKA,NSE EQ,95.74,0.91,0.96,94.83,96.75,93.7,94.83,162027,162027,,,,,,,,,,,61.98,50,NEUTRAL,kite:2026-05-08,2026-05-08T12:20:47.414Z
PALASHSECU,PALASH SECURITIES,NSE EQ,97.61,-2.08,-2.09,98.6,99.85,97.2,99.69,571,571,,,,,,,,,,,79.68,50,NEUTRAL,kite:2026-05-08,2026-05-08T12:20:47.414Z
PALREDTEC-BE,PALRED TECHNOLOGIES,NSE EQ,38.54,-1.74,-4.32,38.5,40.27,38.27,40.28,4299,4299,,,,,,,,,,,,46,NEUTRAL,kite:2026-05-08,2026-05-08T12:20:47.414Z
PANACEABIO,PANACEA BIOTEC,NSE EQ,388.75,-15,-3.72,404.8,405.8,385,403.75,92398,92398,,,,,,,,,,,53.1,46,NEUTRAL,kite:2026-05-08,2026-05-08T12:20:47.414Z
PANACHE-BE,PANACHE DIGILIFE,NSE EQ,331.3,-11.15,-3.26,353.9,353.9,328.6,342.45,15898,15898,,,,,,,,,,,,46,NEUTRAL,kite:2026-05-08,2026-05-08T12:20:47.414Z
PANAMAPET,PANAMA PETROCHEM,NSE EQ,305.35,7.05,2.36,296,308.5,293.55,298.3,81794,81794,,,,,,,,,,,59.64,50,NEUTRAL,kite:2026-05-08,2026-05-08T12:20:47.414Z
PANSARI,PANSARI DEVELOPERS,NSE EQ,321.15,-0.7,-0.22,321.15,321.15,321.15,321.85,100,100,,,,,,,,,,,100,50,NEUTRAL,kite:2026-05-08,2026-05-08T12:20:47.414Z
PAR,PAR DRUGS AND CHEM,NSE EQ,94.08,0.2,0.21,93.42,95.55,93.11,93.88,4285,4285,,,,,,,,,,,82.05,50,NEUTRAL,kite:2026-05-08,2026-05-08T12:20:47.414Z
PARACABLES,PARAMOUNT COMM,NSE EQ,55.13,8.75,18.87,47.5,55.65,47.5,46.38,20451840,20451840,,,,,,,,,,,27.58,54,NEUTRAL,kite:2026-05-08,2026-05-08T12:20:47.414Z
PARADEEP,PARADEEP PHOSPHATES,NSE EQ,124.88,-2.51,-1.97,126.98,129.3,124.59,127.39,4847056,4847056,,,,,,,,,,,48.29,50,NEUTRAL,kite:2026-05-08,2026-05-08T12:20:47.414Z
PARAGMILK,PARAG MILK FOODS,NSE EQ,221.78,-8.74,-3.79,226,228,220,230.52,1074790,1074790,,,,,,,,,,,38.46,46,NEUTRAL,kite:2026-05-08,2026-05-08T12:20:47.414Z
PARAGON-SM,PARAGON FINE S.C.,NSE EQ,45.5,-4.75,-9.45,48.3,48.4,45.1,50.25,22800,22800,,,,,,,,,,,,46,NEUTRAL,kite:2026-05-08,2026-05-08T12:20:47.414Z
PARAMATRIX-SM,PARAMATRIX TECHNOLOGIES L,NSE EQ,67.5,0.15,0.22,68,68,67.5,67.35,2400,2400,,,,,,,,,,,,50,NEUTRAL,kite:2026-05-08,2026-05-08T12:20:47.414Z
PARAMOUNT-SM,PARAMOUNT DYE TEC,NSE EQ,60.45,10.05,19.94,53.5,60.45,53.5,50.4,49200,49200,,,,,,,,,,,,54,NEUTRAL,kite:2026-05-08,2026-05-08T12:20:47.414Z
PARAMPARA-ST,PARAMPARA DAIRY DLGHT,NSE EQ,11,0,0,0,11,11,11,0,0,,,,,,,,,,,,50,NEUTRAL,kite:2026-05-08,2026-05-08T12:20:47.414Z
PARAS,PARAS DEF AND SPCE TECH L,NSE EQ,866.6,-2.9,-0.33,873.75,888,859.25,869.5,2331063,2331063,,,,,,,,,,,28.63,50,NEUTRAL,kite:2026-05-08,2026-05-08T12:20:47.414Z
PARASPETRO-BE,PARAS PETROFILS,NSE EQ,2.21,0.05,2.31,2.16,2.24,2.16,2.16,112262,112262,,,,,,,,,,,,50,NEUTRAL,kite:2026-05-08,2026-05-08T12:20:47.414Z
PARIN-SM,PARIN ENTERPRISES,NSE EQ,633.8,-4.9,-0.77,648.25,648.25,622.1,638.7,9250,9250,,,,,,,,,,,,50,NEUTRAL,kite:2026-05-08,2026-05-08T12:20:47.414Z
PARKHOSPS,PARK MEDI WORLD,NSE EQ,249.75,3.76,1.53,246.79,252,244.06,245.99,663733,663733,,,,,,,,,,,58.46,50,NEUTRAL,kite:2026-05-08,2026-05-08T12:20:47.414Z
PARKHOTELS,PARKHOTELS,NSE EQ,129.73,-2.28,-1.73,131,133,128.75,132.01,150023,150023,,,,,,,,,,,56.87,50,NEUTRAL,kite:2026-05-08,2026-05-08T12:20:47.414Z
PARSVNATH-BE,PARSVNATH DEVELOPER,NSE EQ,6.8,0.32,4.94,6.48,6.8,6.36,6.48,813198,813198,,,,,,,,,,,,54,NEUTRAL,kite:2026-05-08,2026-05-08T12:20:47.414Z
PARTH-ST,PARTH ELEC & ENG,NSE EQ,367.4,5.55,1.53,379,379.9,366.2,361.85,16400,16400,,,,,,,,,,,,50,NEUTRAL,kite:2026-05-08,2026-05-08T12:20:47.414Z
PARTYCRUS-SM,PARTY CRUISERS,NSE EQ,99.65,5.4,5.73,95.8,99.7,95.8,94.25,17000,17000,,,,,,,,,,,,54,NEUTRAL,kite:2026-05-08,2026-05-08T12:20:47.414Z
PASHUPATI,PASHUPATI COTSPIN,NSE EQ,87.06,-0.66,-0.75,88.69,89,87,87.72,25391,25391,,,,,,,,,,,66.77,50,NEUTRAL,kite:2026-05-08,2026-05-08T12:20:47.414Z
PASUPTAC,PASUPATI ACRYLON,NSE EQ,54.6,0.58,1.07,53.2,55.34,53.01,54.02,177890,177890,,,,,,,,,,,56.07,50,NEUTRAL,kite:2026-05-08,2026-05-08T12:20:47.414Z
PATANJALI,PATANJALI FOODS,NSE EQ,461.6,1.25,0.27,460,463.75,457.1,460.35,1284672,1284672,,,,,,,,,,,46.13,50,NEUTRAL,kite:2026-05-08,2026-05-08T12:20:47.414Z
PATELENG,PATEL ENGINEERING,NSE EQ,28.82,-0.33,-1.13,29.13,29.37,28.66,29.15,3267338,3267338,,,,,,,,,,,51.5,50,NEUTRAL,kite:2026-05-08,2026-05-08T12:20:47.414Z
PATELRMART,PATEL RETAIL,NSE EQ,210.88,-0.77,-0.36,209.5,218.88,209.1,211.65,172481,172481,,,,,,,,,,,20.21,50,NEUTRAL,kite:2026-05-08,2026-05-08T12:20:47.414Z
PATILAUTOM-SM,PATIL AUTOMATION,NSE EQ,198.7,9.2,4.85,192.9,211,183.2,189.5,262200,262200,,,,,,,,,,,,54,NEUTRAL,kite:2026-05-08,2026-05-08T12:20:47.414Z
PATINTLOG,PATEL INT. LOG.,NSE EQ,12.04,0.28,2.38,11.98,12.2,11.79,11.76,38550,38550,,,,,,,,,,,85.2,50,NEUTRAL,kite:2026-05-08,2026-05-08T12:20:47.414Z
PATTECH-SM,PATTECH FITWELL TUB COM L,NSE EQ,116.85,0,0,0,116.85,116.85,116.85,0,0,,,,,,,,,,,,50,NEUTRAL,kite:2026-05-08,2026-05-08T12:20:47.414Z
PAUSHAKLTD,PAUSHAK,NSE EQ,504.75,-9.85,-1.91,518.7,518.7,500.05,514.6,10490,10490,,,,,,,,,,,64.27,50,NEUTRAL,kite:2026-05-08,2026-05-08T12:20:47.414Z
PAVNAIND-BE,PAVNA INDUSTRIES,NSE EQ,19.43,-0.19,-0.97,19.6,19.6,18.75,19.62,23850,23850,,,,,,,,,,,,50,NEUTRAL,kite:2026-05-08,2026-05-08T12:20:47.414Z
PAYTM,One97 Communications Limited,NSE EQ,1187.1,-10.3,-0.86,1195,1223,1184.1,1197.4,3536318,3536318,1381.8,818,,1124.72,1118.93,1139.08,1122.14,61.91,41.21,1.02,20.65,66,BUY,kite:2026-05-08,2026-05-08T12:20:47.414Z
PCBL,PCBL CHEMICAL,NSE EQ,306.15,1.7,0.56,304.05,313,303.6,304.45,1667689,1667689,,,,,,,,,,,33.23,50,NEUTRAL,kite:2026-05-08,2026-05-08T12:20:47.414Z
PCCL-SM,PETRO CARBON AND CHEMI L,NSE EQ,296,1.85,0.63,298,298,296,294.15,2400,2400,,,,,,,,,,,,50,NEUTRAL,kite:2026-05-08,2026-05-08T12:20:47.414Z
PCJEWELLER,PC JEWELLER,NSE EQ,9.5,0.03,0.32,9.5,9.55,9.37,9.47,26441796,26441796,,,,,,,,,,,38.21,50,NEUTRAL,kite:2026-05-08,2026-05-08T12:20:47.414Z
PCPL27-N0,PCPL27-N0,NSE EQ,99688.53,0,0,0,99688.53,99688.53,99688.53,0,0,,,,,,,,,,,,50,NEUTRAL,kite:2026-05-08,2026-05-08T12:20:47.414Z
PDMJEPAPER,PUDUMJEE PAPER PRO.,NSE EQ,86.24,-1.05,-1.2,86.2,88.05,85.6,87.29,64260,64260,,,,,,,,,,,52.42,50,NEUTRAL,kite:2026-05-08,2026-05-08T12:20:47.414Z
PDSL,PDS,NSE EQ,300.65,0.45,0.15,298,303.8,295.2,300.2,56635,56635,,,,,,,,,,,54.32,50,NEUTRAL,kite:2026-05-08,2026-05-08T12:20:47.414Z
PEARLPOLY-BE,PEARL POLYMERS,NSE EQ,20.14,-0.41,-2,19.7,20.83,19.7,20.55,4170,4170,,,,,,,,,,,,50,NEUTRAL,kite:2026-05-08,2026-05-08T12:20:47.414Z
PELATRO-SM,PELATRO,NSE EQ,280.7,-5.3,-1.85,285,285,275,286,7200,7200,,,,,,,,,,,,50,NEUTRAL,kite:2026-05-08,2026-05-08T12:20:47.414Z
PENIND,PENNAR INDUSTRIES,NSE EQ,169.72,-1.48,-0.86,171,173.2,169.01,171.2,289272,289272,,,,,,,,,,,51.28,50,NEUTRAL,kite:2026-05-08,2026-05-08T12:20:47.414Z
PENINLAND-BE,PENINSULA LAND,NSE EQ,18,0.81,4.71,17.2,18.04,17.19,17.19,609157,609157,,,,,,,,,,,,54,NEUTRAL,kite:2026-05-08,2026-05-08T12:20:47.414Z
PENTAGON-SM,PENTAGON RUBBER,NSE EQ,65,-4.95,-7.08,65.15,65.15,65,69.95,3000,3000,,,,,,,,,,,,46,NEUTRAL,kite:2026-05-08,2026-05-08T12:20:47.414Z
PERSISTENT,Persistent Systems Limited,NSE EQ,5113.6,129.6,2.6,4990,5137,4960,4984,633097,633097,6599,4449.1,,4997.74,5125.03,5339.22,5447.68,54.71,147.61,0.84,40.28,50,NEUTRAL,kite:2026-05-08,2026-05-08T12:20:47.414Z
PETRONET,PETRONET LNG,NSE EQ,283.8,1.7,0.6,282.1,286.25,278.95,282.1,1964345,1964345,,,,,,,,,,,52.97,50,NEUTRAL,kite:2026-05-08,2026-05-08T12:20:47.414Z
PFC,Power Finance Corporation Limited,NSE EQ,461.35,3.8,0.83,458,467.25,455.55,457.55,8789899,8789899,486.5,329.9,,453.18,433.96,416.77,409.59,57.7,12.06,1,63.92,66,BUY,kite:2026-05-08,2026-05-08T12:20:47.414Z
PFCL36-N7,PFCL36-N7,NSE EQ,50900,0,0,0,50900,50900,50900,0,0,,,,,,,,,,,,50,NEUTRAL,kite:2026-05-08,2026-05-08T12:20:47.414Z
PFCL36B-N9,PFCL36B-N9,NSE EQ,51371,0,0,0,51371,51371,51371,0,0,,,,,,,,,,,,50,NEUTRAL,kite:2026-05-08,2026-05-08T12:20:47.414Z
PFCL41A-NE,PFCL41A-NE,NSE EQ,930,0,0,0,930,930,930,0,0,,,,,,,,,,,,50,NEUTRAL,kite:2026-05-08,2026-05-08T12:20:47.414Z
PFIZER,PFIZER,NSE EQ,4818.8,68.2,1.44,4772.2,4850,4756.3,4750.6,17742,17742,,,,,,,,,,,51.35,50,NEUTRAL,kite:2026-05-08,2026-05-08T12:20:47.414Z
PFOCUS,PRIME FOCUS,NSE EQ,300.9,-6.9,-2.24,298,309.45,296.1,307.8,2575377,2575377,,,,,,,,,,,69.33,50,NEUTRAL,kite:2026-05-08,2026-05-08T12:20:47.414Z
PFS,PTC INDIA FIN SERV,NSE EQ,31.12,-0.26,-0.83,31.17,31.36,30.56,31.38,621375,621375,,,,,,,,,,,53.19,50,NEUTRAL,kite:2026-05-08,2026-05-08T12:20:47.414Z
PGEL,PG ELECTROPLAST,NSE EQ,530.35,-5.15,-0.96,536,536,524.65,535.5,1809874,1809874,,,,,,,,,,,27.29,50,NEUTRAL,kite:2026-05-08,2026-05-08T12:20:47.414Z
PGHH,P&G HYGIENE & HEALTH CARE,NSE EQ,9937,43,0.43,9900,9996,9881,9894,6971,6971,,,,,,,,,,,53.64,50,NEUTRAL,kite:2026-05-08,2026-05-08T12:20:47.414Z
PGHL,PROCTER & GAMBLE HEALTH L,NSE EQ,5355,34.5,0.65,5320.5,5368,5286,5320.5,10955,10955,,,,,,,,,,,51.97,50,NEUTRAL,kite:2026-05-08,2026-05-08T12:20:47.414Z
PGIL,PEARL GLOBAL IND,NSE EQ,1604.7,20.9,1.32,1570,1628,1555,1583.8,36492,36492,,,,,,,,,,,60.23,50,NEUTRAL,kite:2026-05-08,2026-05-08T12:20:47.414Z
PGINVIT-IV,POWERGRID INFRA. INVITS,NSE EQ,93.11,-0.04,-0.04,93.3,93.3,93.05,93.15,1872887,1872887,,,,,,,,,,,,50,NEUTRAL,kite:2026-05-08,2026-05-08T12:20:47.414Z
PHANTOMFX-SM,PHANTOM DIGITAL EFF,NSE EQ,210,1.35,0.65,213.35,217,202.7,208.65,30000,30000,,,,,,,,,,,,50,NEUTRAL,kite:2026-05-08,2026-05-08T12:20:47.414Z
PHARMABEES,NIPPON INDIA NIFTY PHARMA ETF,NSE EQ,24.78,-0.01,-0.04,24.81,24.96,24.6,24.79,7292625,7292625,,,,,,,,,,,70.05,50,NEUTRAL,kite:2026-05-08,2026-05-08T12:20:47.414Z
PHOENIXLTD,The Phoenix Mills Limited,NSE EQ,1829.3,-0.2,-0.01,1840,1845,1810.2,1829.5,144521,144521,1993,1402.5,,1768.11,1722.46,1708.5,1658.58,62.97,51.13,0.26,50.74,66,BUY,kite:2026-05-08,2026-05-08T12:20:47.414Z
PHOGLOBAL-SM,PHOENIX OVERSEAS,NSE EQ,18.7,-0.1,-0.53,18.5,18.9,18.2,18.8,20000,20000,,,,,,,,,,,,50,NEUTRAL,kite:2026-05-08,2026-05-08T12:20:47.414Z
PICCADIL,PICCADILY AGRO INDUSTRI L,NSE EQ,621.1,-13.3,-2.1,616.3,635.4,616.3,634.4,131503,131503,,,,,,,,,,,45.22,50,NEUTRAL,kite:2026-05-08,2026-05-08T12:20:47.414Z
PIDILITIND,Pidilite Industries Limited,NSE EQ,1476,25.6,1.77,1503.6,1515,1470,1450.4,5494105,5494105,1574.95,1259,,1393.46,1393.59,1416.68,1451.16,67.71,35.78,6.05,23.7,60,BUY,kite:2026-05-08,2026-05-08T12:20:47.414Z
PIGL,POWER INSTRUMENT (G),NSE EQ,120.3,3.77,3.24,117.96,124.02,112.02,116.53,141373,141373,,,,,,,,,,,54.51,54,NEUTRAL,kite:2026-05-08,2026-05-08T12:20:47.414Z
PIIND,PI Industries Limited,NSE EQ,3110.8,9.3,0.3,3099,3134.7,3067.5,3101.5,164302,164302,4330,2700,,3043.03,3035.99,3129.62,3379.17,58.92,70.74,0.59,48.13,66,BUY,kite:2026-05-08,2026-05-08T12:20:47.414Z
PILANIINVS,PILANI INV & IND COR,NSE EQ,4816.5,-20.5,-0.42,4850,4891.9,4756.5,4837,5427,5427,,,,,,,,,,,45.79,50,NEUTRAL,kite:2026-05-08,2026-05-08T12:20:47.414Z
PILITA,PIL ITALICA LIFESTYLE,NSE EQ,9.2,0.3,3.37,9.05,9.61,8.9,8.9,256086,256086,,,,,,,,,,,88.18,54,NEUTRAL,kite:2026-05-08,2026-05-08T12:20:47.414Z
PINELABS,PINE LABS,NSE EQ,196.14,-5.48,-2.72,202.96,207.5,195.5,201.62,1186927,1186927,,,,,,,,,,,42.06,50,NEUTRAL,kite:2026-05-08,2026-05-08T12:20:47.414Z
PIONEEREMB,PIONEER EMBROIDERIES,NSE EQ,26.96,-0.94,-3.37,27.9,27.9,26.6,27.9,21741,21741,,,,,,,,,,,88.57,46,NEUTRAL,kite:2026-05-08,2026-05-08T12:20:47.414Z
PIONRINV,PIONEER INVESTCORP,NSE EQ,100.05,-4.95,-4.71,105,113.95,95.32,105,2298,2298,,,,,,,,,,,28.24,46,NEUTRAL,kite:2026-05-08,2026-05-08T12:20:47.414Z
PIRAMALFIN,PIRAMAL FINANCE,NSE EQ,2017.6,102,5.32,1918,2031,1918,1915.6,1071460,1071460,,,,,,,,,,,45.76,54,NEUTRAL,kite:2026-05-08,2026-05-08T12:20:47.414Z
PITTIENG,PITTI ENGINEERING,NSE EQ,982.9,-14.6,-1.46,997.5,1012,978.1,997.5,45434,45434,,,,,,,,,,,47.73,50,NEUTRAL,kite:2026-05-08,2026-05-08T12:20:47.414Z
PIXTRANS,PIX TRANSMISSIONS,NSE EQ,1526.2,13.1,0.87,1513.1,1535.9,1496.3,1513.1,11270,11270,,,,,,,,,,,66.42,50,NEUTRAL,kite:2026-05-08,2026-05-08T12:20:47.414Z
PKTEA,THE P K TEA PROD CO,NSE EQ,861.1,-18,-2.05,880,884.9,857,879.1,151,151,,,,,,,,,,,68.87,50,NEUTRAL,kite:2026-05-08,2026-05-08T12:20:47.414Z
PLADAINFO-SM,PLADA INFOTECH SERVICES L,NSE EQ,11.2,0.5,4.67,11.2,11.2,11.2,10.7,3000,3000,,,,,,,,,,,,54,NEUTRAL,kite:2026-05-08,2026-05-08T12:20:47.414Z
PLASTIBLEN,PLASTIBLENDS INDIA,NSE EQ,177.52,4.42,2.55,173.53,179.59,171.61,173.1,49039,49039,,,,,,,,,,,62.28,50,NEUTRAL,kite:2026-05-08,2026-05-08T12:20:47.414Z
PLATIND,PLATINUM INDUSTRIES,NSE EQ,260.04,2.79,1.08,258,262.29,252.01,257.25,145465,145465,,,,,,,,,,,65.21,50,NEUTRAL,kite:2026-05-08,2026-05-08T12:20:47.414Z
PLAZACABLE,PLAZA WIRES,NSE EQ,60.55,4.55,8.12,55.98,65,53.53,56,1220805,1220805,,,,,,,,,,,31.4,54,NEUTRAL,kite:2026-05-08,2026-05-08T12:20:47.414Z
PML,PAUL MERCHANTS,NSE EQ,583.95,-14,-2.34,597,597,575.15,597.95,81,81,,,,,,,,,,,90.12,50,NEUTRAL,kite:2026-05-08,2026-05-08T12:20:47.414Z
PNB,Punjab National Bank,NSE EQ,107.24,-1.87,-1.71,108.9,108.9,106.62,109.11,26751702,26751702,135.15,89.45,,110.43,113.08,115.33,113.48,40.43,2.83,1.36,51.59,34,SELL,kite:2026-05-08,2026-05-08T12:20:47.414Z
PNBGILTS,PNB GILTS,NSE EQ,72.27,-0.61,-0.84,72.7,73.8,72,72.88,265074,265074,,,,,,,,,,,30.74,50,NEUTRAL,kite:2026-05-08,2026-05-08T12:20:47.414Z
PNBHOUSING,PNB HOUSING FIN,NSE EQ,1091.2,39.6,3.77,1059.1,1095.8,1053.3,1051.6,2066157,2066157,,,,,,,,,,,42.4,54,NEUTRAL,kite:2026-05-08,2026-05-08T12:20:47.414Z
PNC-BE,PRITISH NANDY COMMUNICATI,NSE EQ,21.07,0.05,0.24,21.01,22.02,20.53,21.02,2371,2371,,,,,,,,,,,,50,NEUTRAL,kite:2026-05-08,2026-05-08T12:20:47.414Z
PNCINFRA,PNC INFRATECH,NSE EQ,224.69,0.93,0.42,226.54,228.63,222.1,223.76,847479,847479,,,,,,,,,,,33.09,50,NEUTRAL,kite:2026-05-08,2026-05-08T12:20:47.414Z
PNGJL,P N GADGIL JEWELLERS,NSE EQ,727.9,16.55,2.33,719.4,736.4,710.85,711.35,469098,469098,,,,,,,,,,,58.8,50,NEUTRAL,kite:2026-05-08,2026-05-08T12:20:47.414Z
PNGSREVA,PNGS REVA DIAMOND JEWEL L,NSE EQ,456.25,-1.65,-0.36,458.95,472.8,451.4,457.9,252835,252835,,,,,,,,,,,63.79,50,NEUTRAL,kite:2026-05-08,2026-05-08T12:20:47.414Z
POCL,PONDY OXIDES & CHEM,NSE EQ,1431.5,-4.8,-0.33,1445,1480,1414.9,1436.3,341838,341838,,,,,,,,,,,45.19,50,NEUTRAL,kite:2026-05-08,2026-05-08T12:20:47.414Z
PODDARMENT,PODDAR PIGMENTS,NSE EQ,262.7,2.55,0.98,264.15,264.8,258,260.15,2695,2695,,,,,,,,,,,74.66,50,NEUTRAL,kite:2026-05-08,2026-05-08T12:20:47.414Z
POKARNA,POKARNA,NSE EQ,884.7,-9.3,-1.04,890,900.45,882.15,894,21267,21267,,,,,,,,,,,56.27,50,NEUTRAL,kite:2026-05-08,2026-05-08T12:20:47.414Z
POLICYBZR,PB Fintech Limited,NSE EQ,1645.1,-39,-2.32,1685.1,1711.8,1633.6,1684.1,1950285,1950285,1978,1364,,1625.51,1583.68,1609.6,1679.46,56.53,62.82,1.08,51.38,66,BUY,kite:2026-05-08,2026-05-08T12:20:47.414Z
POLYCAB,Polycab India Limited,NSE EQ,9083,80,0.89,9030,9159,8952.5,9003,613457,613457,9159,5600,,8200.34,7884.23,7687.22,7375.4,76.16,257.37,1.18,38.91,54,NEUTRAL,kite:2026-05-08,2026-05-08T12:20:47.414Z
POLYMED,POLY MEDICURE,NSE EQ,1652.1,-27.8,-1.65,1684.9,1684.9,1648,1679.9,57575,57575,,,,,,,,,,,44.43,50,NEUTRAL,kite:2026-05-08,2026-05-08T12:20:47.414Z
POLYPLEX,POLYPLEX CORPORATION,NSE EQ,950.1,9.65,1.03,940.15,954.65,930.9,940.45,40025,40025,,,,,,,,,,,53.84,50,NEUTRAL,kite:2026-05-08,2026-05-08T12:20:47.414Z
POLYSIL-ST,POLYSIL IRRIGATION SYST L,NSE EQ,151.05,2.95,1.99,0,151.05,151.05,148.1,2000,2000,,,,,,,,,,,,50,NEUTRAL,kite:2026-05-08,2026-05-08T12:20:47.414Z
PONNIERODE,PONNIE SUGARS (ERODE),NSE EQ,319.6,3.6,1.14,318,321.25,314.1,316,22982,22982,,,,,,,,,,,57.08,50,NEUTRAL,kite:2026-05-08,2026-05-08T12:20:47.414Z
POONAWALLA,Poonawalla Fincorp Limited,NSE EQ,462.3,6.6,1.45,457.75,468.3,451.8,455.7,3051588,3051588,570.4,361.2,,428.48,425.17,433.16,439.26,70.9,14.76,0.91,52.64,54,NEUTRAL,kite:2026-05-08,2026-05-08T12:20:47.414Z
POSITRON-ST,POSITRON ENERGY,NSE EQ,211.65,10.05,4.99,211.6,211.65,211.6,201.6,6300,6300,,,,,,,,,,,,54,NEUTRAL,kite:2026-05-08,2026-05-08T12:20:47.414Z
POWERGRID,Power Grid Corporation of India Limited,NSE EQ,313.95,0.15,0.05,315.2,315.2,310.6,313.8,7929393,7929393,324.95,250,,314.01,305.18,296.23,292.62,53.81,5.75,0.74,62.44,50,NEUTRAL,kite:2026-05-08,2026-05-08T12:20:47.414Z
POWERICA,POWERICA,NSE EQ,509.5,17.45,3.55,493.8,523,493.8,492.05,747768,747768,,,,,,,,,,,56.44,54,NEUTRAL,kite:2026-05-08,2026-05-08T12:20:47.414Z
POWERINDIA,HITACHI ENERGY INDIA,NSE EQ,34005,-870,-2.49,34950,35095,33445,34875,169469,169469,,,,,,,,,,,39.14,50,NEUTRAL,kite:2026-05-08,2026-05-08T12:20:47.414Z
POWERMECH,POWER MECH PROJECTS,NSE EQ,2605.8,28.2,1.09,2584.8,2645.2,2566,2577.6,104927,104927,,,,,,,,,,,53.49,50,NEUTRAL,kite:2026-05-08,2026-05-08T12:20:47.414Z
PPAP,PPAP AUTOMOTIVE,NSE EQ,232.25,14.65,6.73,216.5,237,212.5,217.6,70463,70463,,,,,,,,,,,51.46,54,NEUTRAL,kite:2026-05-08,2026-05-08T12:20:47.414Z
PPL,PRAKASH PIPES,NSE EQ,213.56,-4.02,-1.85,220,220,210,217.58,98445,98445,,,,,,,,,,,62,50,NEUTRAL,kite:2026-05-08,2026-05-08T12:20:47.414Z
PPLPHARMA,PIRAMAL PHARMA,NSE EQ,179.85,-3.88,-2.11,183.5,185.47,178.3,183.73,6184773,6184773,,,,,,,,,,,28.28,50,NEUTRAL,kite:2026-05-08,2026-05-08T12:20:47.414Z
PPSL-ST,PICTUREPOST STUDIOS,NSE EQ,6.8,-0.15,-2.16,6.75,6.8,6.75,6.95,12000,12000,,,,,,,,,,,,50,NEUTRAL,kite:2026-05-08,2026-05-08T12:20:47.414Z
PRABHA,PRABHA ENERGY,NSE EQ,159.67,-1.66,-1.03,165.7,165.7,157.52,161.33,46876,46876,,,,,,,,,,,62.86,50,NEUTRAL,kite:2026-05-08,2026-05-08T12:20:47.414Z
PRADPME,PRADEEP METALS,NSE EQ,403.4,14.9,3.84,392.5,411,384,388.5,48129,48129,,,,,,,,,,,68.75,54,NEUTRAL,kite:2026-05-08,2026-05-08T12:20:47.414Z
PRAENG,PRAJAY ENG. SYN.,NSE EQ,23.9,1,4.37,23.01,24.99,23.01,22.9,178300,178300,,,,,,,,,,,53.39,54,NEUTRAL,kite:2026-05-08,2026-05-08T12:20:47.414Z
PRAJIND,PRAJ INDUSTRIES,NSE EQ,403.45,-0.15,-0.04,405.9,406.7,399,403.6,852339,852339,,,,,,,,,,,35.95,50,NEUTRAL,kite:2026-05-08,2026-05-08T12:20:47.414Z
PRAKASH,PRAKASH INDUSTRIES,NSE EQ,152.2,-1.27,-0.83,153.5,155.88,151.5,153.47,293650,293650,,,,,,,,,,,46.66,50,NEUTRAL,kite:2026-05-08,2026-05-08T12:20:47.414Z
PRAKASHSTL,PRAKASH STEELAGE,NSE EQ,4.55,-0.07,-1.52,4.73,4.73,4.28,4.62,243780,243780,,,,,,,,,,,75.13,50,NEUTRAL,kite:2026-05-08,2026-05-08T12:20:47.414Z
PRAMARA-SM,PRAMARA PROMOTIONS,NSE EQ,348.7,4.75,1.38,345,352,340,343.95,173500,173500,,,,,,,,,,,,50,NEUTRAL,kite:2026-05-08,2026-05-08T12:20:47.414Z
PRANIK-SM,PRANIK LOGISTICS,NSE EQ,61.2,0,0,0,61.2,61.2,61.2,0,0,,,,,,,,,,,,50,NEUTRAL,kite:2026-05-08,2026-05-08T12:20:47.414Z
PRATHAM-SM,PRATHAM EPC PROJECTS,NSE EQ,146.15,3.25,2.27,147.45,149.8,143,142.9,13200,13200,,,,,,,,,,,,50,NEUTRAL,kite:2026-05-08,2026-05-08T12:20:47.414Z
PRAVEG,PRAVEG,NSE EQ,303.55,-1.15,-0.38,310,310,302.9,304.7,21671,21671,,,,,,,,,,,75.75,50,NEUTRAL,kite:2026-05-08,2026-05-08T12:20:47.414Z
PRAXIS-BE,PRAXIS HOME RETAIL,NSE EQ,7.71,0.05,0.65,7.69,7.77,7.5,7.66,45995,45995,,,,,,,,,,,,50,NEUTRAL,kite:2026-05-08,2026-05-08T12:20:47.414Z
PRECAM,PRECISION CAMSHAFTS,NSE EQ,168.26,5.09,3.12,162.1,171,160.22,163.17,680503,680503,,,,,,,,,,,45.82,54,NEUTRAL,kite:2026-05-08,2026-05-08T12:20:47.414Z
PRECISION-SM,PRECISION METALIKS,NSE EQ,8,0,0,7.75,8,7.65,8,14000,14000,,,,,,,,,,,,50,NEUTRAL,kite:2026-05-08,2026-05-08T12:20:47.414Z
PRECOT-BE,PRECOT,NSE EQ,620.35,-6.35,-1.01,601.2,641.7,601.2,626.7,5319,5319,,,,,,,,,,,,50,NEUTRAL,kite:2026-05-08,2026-05-08T12:20:47.414Z
PRECWIRE,PRECISION WIRES INDIA,NSE EQ,421.15,15.45,3.81,407.6,423.5,405.9,405.7,518597,518597,,,,,,,,,,,40.36,54,NEUTRAL,kite:2026-05-08,2026-05-08T12:20:47.414Z
PREMCO,PREMCO GLOBAL,NSE EQ,469.6,8.9,1.93,484.9,484.9,455.9,460.7,3747,3747,,,,,,,,,,,79.24,50,NEUTRAL,kite:2026-05-08,2026-05-08T12:20:47.414Z
PREMEXPLN,PREMIER EXPLOSIVES,NSE EQ,550.35,-9.1,-1.63,560.1,569,548.1,559.45,308861,308861,,,,,,,,,,,41.85,50,NEUTRAL,kite:2026-05-08,2026-05-08T12:20:47.414Z
PREMIER-BE,PREMIER,NSE EQ,2.9,-0.08,-2.68,2.98,2.98,2.88,2.98,4599,4599,,,,,,,,,,,,50,NEUTRAL,kite:2026-05-08,2026-05-08T12:20:47.414Z
PREMIERENE,PREMIER ENERGIES,NSE EQ,1011.6,-6.9,-0.68,1020,1040,1008.6,1018.5,795310,795310,,,,,,,,,,,33.43,50,NEUTRAL,kite:2026-05-08,2026-05-08T12:20:47.414Z
PREMIERPOL-BE,PREMIER POLYFILMS,NSE EQ,56.61,0.09,0.16,56.89,57.4,55.52,56.52,43242,43242,,,,,,,,,,,,50,NEUTRAL,kite:2026-05-08,2026-05-08T12:20:47.414Z
PREMIUM-SM,PREMIUM PLAST,NSE EQ,38.9,0,0,38.9,38.9,38.9,38.9,3000,3000,,,,,,,,,,,,50,NEUTRAL,kite:2026-05-08,2026-05-08T12:20:47.414Z
PRESSTONIC-ST,PRESSTONIC ENGINEERING L,NSE EQ,40.75,-1.1,-2.63,41.85,41.85,40.45,41.85,18400,18400,,,,,,,,,,,,50,NEUTRAL,kite:2026-05-08,2026-05-08T12:20:47.414Z
PRESTIGE,Prestige Estates Projects Limited,NSE EQ,1507.3,23.8,1.6,1480,1514.7,1477.8,1483.5,918187,918187,1814,1090,,1404.01,1383.58,1429.36,1496.87,69.79,41.13,1.11,57.85,66,BUY,kite:2026-05-08,2026-05-08T12:20:47.414Z
PRICOLLTD,PRICOL,NSE EQ,622.25,3.45,0.56,620.7,636.35,608.5,618.8,771979,771979,,,,,,,,,,,42.82,50,NEUTRAL,kite:2026-05-08,2026-05-08T12:20:47.414Z
PRIMECAB-SM,PRIME CABLE INDUSTRIES L,NSE EQ,111.65,0.95,0.86,114.4,114.4,109,110.7,32000,32000,,,,,,,,,,,,50,NEUTRAL,kite:2026-05-08,2026-05-08T12:20:47.414Z
PRIMESECU,PRIME SECURITIES,NSE EQ,285.75,2,0.7,282.35,288.9,280.15,283.75,18517,18517,,,,,,,,,,,86.32,50,NEUTRAL,kite:2026-05-08,2026-05-08T12:20:47.414Z
PRIMO,PRIMO CHEMICALS,NSE EQ,24.89,-0.18,-0.72,25.19,25.29,24.56,25.07,136853,136853,,,,,,,,,,,67.29,50,NEUTRAL,kite:2026-05-08,2026-05-08T12:20:47.414Z
PRINCEPIPE,PRINCE PIPES FITTINGS,NSE EQ,259.65,-6.3,-2.37,264.65,269.85,258.2,265.95,210640,210640,,,,,,,,,,,54.03,50,NEUTRAL,kite:2026-05-08,2026-05-08T12:20:47.414Z
PRITI-BE,PRITI INTERNATIONAL,NSE EQ,45.59,0.2,0.44,45.7,46.9,44.03,45.39,7388,7388,,,,,,,,,,,,50,NEUTRAL,kite:2026-05-08,2026-05-08T12:20:47.414Z
PRITIKA-SM,PRITIKA ENG COMPO,NSE EQ,71.9,1,1.41,70.9,71.9,70.9,70.9,6000,6000,,,,,,,,,,,,50,NEUTRAL,kite:2026-05-08,2026-05-08T12:20:47.414Z
PRITIKAUTO,PRITIKA AUTO INDUS,NSE EQ,14.75,0.75,5.36,14.2,14.95,13.91,14,431904,431904,,,,,,,,,,,68.69,54,NEUTRAL,kite:2026-05-08,2026-05-08T12:20:47.414Z
PRIVISCL,PRIVI SPECIALITY CHE,NSE EQ,3487.9,-5.6,-0.16,3515,3515,3414.9,3493.5,109355,109355,,,,,,,,,,,52.13,50,NEUTRAL,kite:2026-05-08,2026-05-08T12:20:47.414Z
PRIZOR-ST,PRIZOR VIZTECH,NSE EQ,708.4,-6.75,-0.94,728.95,728.95,680.05,715.15,16000,16000,,,,,,,,,,,,50,NEUTRAL,kite:2026-05-08,2026-05-08T12:20:47.414Z
PRLIND-SM,PREMIER ROADLINES,NSE EQ,66,0,0,0,67,66,66,0,0,,,,,,,,,,,,50,NEUTRAL,kite:2026-05-08,2026-05-08T12:20:47.414Z
PROFX-SM,PRO FX TECH,NSE EQ,72.1,0.1,0.14,71,73,70.5,72,8000,8000,,,,,,,,,,,,50,NEUTRAL,kite:2026-05-08,2026-05-08T12:20:47.414Z
PROLIFE-SM,PROLIFE INDUSTRIES,NSE EQ,58.8,-3.05,-4.93,58.8,58.8,58.8,61.85,1000,1000,,,,,,,,,,,,46,NEUTRAL,kite:2026-05-08,2026-05-08T12:20:47.414Z
PROPEQUITY-SM,P. E. ANALYTICS,NSE EQ,215.55,0.6,0.28,215.55,215.55,215.55,214.95,600,600,,,,,,,,,,,,50,NEUTRAL,kite:2026-05-08,2026-05-08T12:20:47.414Z
PROSTARM,PROSTARM INFO SYSTEMS,NSE EQ,168.14,-1.91,-1.12,169,179,167,170.05,1090589,1090589,,,,,,,,,,,32.94,50,NEUTRAL,kite:2026-05-08,2026-05-08T12:20:47.414Z
PROTEAN,PROTEAN EGOV TECHNO,NSE EQ,587.65,-13.8,-2.29,596.95,601.05,582.55,601.45,375033,375033,,,,,,,,,,,46.37,50,NEUTRAL,kite:2026-05-08,2026-05-08T12:20:47.414Z
PROV-SM,PROVENTUS AGROCOM,NSE EQ,1320,0,0,1320,1320,1320,1320,160,160,,,,,,,,,,,,50,NEUTRAL,kite:2026-05-08,2026-05-08T12:20:47.414Z
PROZONER,PROZONE REALTY,NSE EQ,52.38,-0.38,-0.72,52.76,53.01,51.3,52.76,220235,220235,,,,,,,,,,,48.48,50,NEUTRAL,kite:2026-05-08,2026-05-08T12:20:47.414Z
PRSMJOHNSN,PRISM JOHNSON,NSE EQ,131.85,-1.7,-1.27,133.55,134.4,131.41,133.55,275070,275070,,,,,,,,,,,60.44,50,NEUTRAL,kite:2026-05-08,2026-05-08T12:20:47.414Z
PRUDENT,PRUDENT CORP ADV SER,NSE EQ,2829.1,-108.1,-3.68,2937.2,2937.2,2780,2937.2,87311,87311,,,,,,,,,,,73.01,46,NEUTRAL,kite:2026-05-08,2026-05-08T12:20:47.414Z
PRUDMOULI,PRUDENTIAL SUGAR CORPORAT,NSE EQ,17.13,-0.18,-1.04,17.79,17.79,16.74,17.31,20345,20345,,,,,,,,,,,63.41,50,NEUTRAL,kite:2026-05-08,2026-05-08T12:20:47.414Z
PSB,PUNJAB & SIND BANK,NSE EQ,25.06,-0.95,-3.65,26.19,26.33,25,26.01,5012580,5012580,,,,,,,,,,,60.33,46,NEUTRAL,kite:2026-05-08,2026-05-08T12:20:47.414Z
PSFL-SM,PARAMOUNT SPECIALI FORG L,NSE EQ,32.1,-0.3,-0.93,32.1,32.1,32.1,32.4,2000,2000,,,,,,,,,,,,50,NEUTRAL,kite:2026-05-08,2026-05-08T12:20:47.414Z
PSPPROJECT,PSP PROJECTS,NSE EQ,833.15,-17.8,-2.09,850,863,826.2,850.95,105950,105950,,,,,,,,,,,60.62,50,NEUTRAL,kite:2026-05-08,2026-05-08T12:20:47.414Z
PSRAJ-SM,P S RAJ STEELS,NSE EQ,345.95,8.95,2.66,347,348.5,335,337,17000,17000,,,,,,,,,,,,50,NEUTRAL,kite:2026-05-08,2026-05-08T12:20:47.414Z
PSUBANK,KOTAK NIFTY PSU BANK ETF,NSE EQ,837.23,-25.14,-2.92,862.01,864.23,830.5,862.37,46901,46901,,,,,,,,,,,72.13,50,NEUTRAL,kite:2026-05-08,2026-05-08T12:20:47.414Z
PSUBANKADD,DSP NIFTY PSU BANK ETF,NSE EQ,84.32,-2.61,-3,89.1,89.1,83.85,86.93,383484,383484,,,,,,,,,,,70.62,46,NEUTRAL,kite:2026-05-08,2026-05-08T12:20:47.414Z
PSUBNKBEES,NIPPON INDIA ETF PSU BANK BEES,NSE EQ,93.28,-2.88,-3,96.16,96.33,92.75,96.16,4992805,4992805,,,,,,,,,,,55.8,50,NEUTRAL,kite:2026-05-08,2026-05-08T12:20:47.414Z
PTC,PTC INDIA,NSE EQ,222.81,-4.57,-2.01,227,229.38,222,227.38,1727878,1727878,,,,,,,,,,,50.99,50,NEUTRAL,kite:2026-05-08,2026-05-08T12:20:47.414Z
PTCIL,PTC INDUSTRIES,NSE EQ,16786,-28,-0.17,16775,17100,16715,16814,8039,8039,,,,,,,,,,,52.44,50,NEUTRAL,kite:2026-05-08,2026-05-08T12:20:47.414Z
PTL,PTL ENTERPRISES,NSE EQ,40.72,0.16,0.39,40.55,41,40.16,40.56,65824,65824,,,,,,,,,,,70.45,50,NEUTRAL,kite:2026-05-08,2026-05-08T12:20:47.414Z
PULZ-SM,PULZ ELECTRONICS,NSE EQ,24.85,0,0,0,24.85,24.85,24.85,0,0,,,,,,,,,,,,50,NEUTRAL,kite:2026-05-08,2026-05-08T12:20:47.414Z
PUNJABCHEM,PUNJAB CHEM & CROP PROT L,NSE EQ,1123.2,10.3,0.93,1113.5,1134.8,1113.1,1112.9,3152,3152,,,,,,,,,,,64.82,50,NEUTRAL,kite:2026-05-08,2026-05-08T12:20:47.414Z
PURPLEUTED-SM,PURPLE UNITED SALES,NSE EQ,342.5,31.1,9.99,313.5,342.5,296.05,311.4,118500,118500,,,,,,,,,,,,54,NEUTRAL,kite:2026-05-08,2026-05-08T12:20:47.414Z
PURVA,PURAVANKARA,NSE EQ,218.73,-3.09,-1.39,222.45,222.45,217.04,221.82,95515,95515,,,,,,,,,,,47.34,50,NEUTRAL,kite:2026-05-08,2026-05-08T12:20:47.414Z
PURVFLEXI-ST,PURV FLEXIPACK,NSE EQ,65.4,2.4,3.81,65.4,65.4,65.4,63,800,800,,,,,,,,,,,,54,NEUTRAL,kite:2026-05-08,2026-05-08T12:20:47.414Z
PUSHPA-SM,PUSHPA JEWELLERS,NSE EQ,128,-1.5,-1.16,128,128,128,129.5,5000,5000,,,,,,,,,,,,50,NEUTRAL,kite:2026-05-08,2026-05-08T12:20:47.414Z
PVP,PVP VENTURES,NSE EQ,30.9,-0.9,-2.83,31.81,32.34,30.6,31.8,3994180,3994180,,,,,,,,,,,17.31,50,NEUTRAL,kite:2026-05-08,2026-05-08T12:20:47.414Z
PVRINOX,PVR INOX Limited,NSE EQ,1073.8,7.7,0.72,1061.1,1077.1,1061.1,1066.1,144843,144843,1249.7,907.4,,1025.38,1007.93,1015.4,1028.3,66.33,28.27,0.35,57.44,66,BUY,kite:2026-05-08,2026-05-08T12:20:47.414Z
PVSL,POPULAR VEHICLES N SER L,NSE EQ,113.28,6.95,6.54,106.33,115.5,105.01,106.33,211176,211176,,,,,,,,,,,57.88,54,NEUTRAL,kite:2026-05-08,2026-05-08T12:20:47.414Z
PVTBANKADD,DSP NIFTY PRIVATE BANK ETF,NSE EQ,26.93,-0.07,-0.26,26.93,26.95,26.5,27,160435,160435,,,,,,,,,,,67.02,50,NEUTRAL,kite:2026-05-08,2026-05-08T12:20:47.414Z
PWL,PHYSICSWALLAH,NSE EQ,108.53,-1.41,-1.28,109.01,110.79,108.01,109.94,1463011,1463011,,,,,,,,,,,45.76,50,NEUTRAL,kite:2026-05-08,2026-05-08T12:20:47.414Z
PYRAMID,PYRAMID TECHNOPLAST,NSE EQ,178.18,3.76,2.16,173.69,180,173.14,174.42,35398,35398,,,,,,,,,,,78.95,50,NEUTRAL,kite:2026-05-08,2026-05-08T12:20:47.414Z
QFIL-SM,QUALITY FOILS (INDIA),NSE EQ,39.9,0,0,0,39.9,39.9,39.9,0,0,,,,,,,,,,,,50,NEUTRAL,kite:2026-05-08,2026-05-08T12:20:47.414Z
QGOLDHALF,QUANTUM GOLD FUND,NSE EQ,124.48,-0.36,-0.29,121.85,125.43,121.85,124.84,41551,41551,,,,,,,,,,,46.42,50,NEUTRAL,kite:2026-05-08,2026-05-08T12:20:47.414Z
QMSMEDI-SM,QMS MEDICAL ALLIED S,NSE EQ,89,0,0,89,89,89,89,3000,3000,,,,,,,,,,,,50,NEUTRAL,kite:2026-05-08,2026-05-08T12:20:47.414Z
QNIFTY,QUANTUM NIFTY 50 ETF,NSE EQ,264.69,-1.59,-0.6,265,265.4,264.59,266.28,1157,1157,,,,,,,,,,,48.92,50,NEUTRAL,kite:2026-05-08,2026-05-08T12:20:47.414Z
QPOWER,QUALITY POWER ELEC EQUP L,NSE EQ,1265.7,-13.5,-1.06,1279.1,1314,1255.4,1279.2,646697,646697,,,,,,,,,,,29.61,50,NEUTRAL,kite:2026-05-08,2026-05-08T12:20:47.414Z
QSIFHDG-SF,QSIFHDG-SF,NSE EQ,11,0,0,0,11,11,11,0,0,,,,,,,,,,,,50,NEUTRAL,kite:2026-05-08,2026-05-08T12:20:47.414Z
QUADFUTURE,QUADRANT FUTURE TEK,NSE EQ,321.75,-5.1,-1.56,324,325.85,318.55,326.85,196385,196385,,,,,,,,,,,38.74,50,NEUTRAL,kite:2026-05-08,2026-05-08T12:20:47.414Z
QUADPRO-SM,QUADPRO ITES,NSE EQ,2,0.05,2.56,2,2,2,1.95,12000,12000,,,,,,,,,,,,50,NEUTRAL,kite:2026-05-08,2026-05-08T12:20:47.414Z
QUALITY30,KOTAK NIFTY200 QUALITY 30 ETF,NSE EQ,20.8,0.04,0.19,20.7,20.96,20.7,20.76,10232,10232,,,,,,,,,,,67.11,50,NEUTRAL,kite:2026-05-08,2026-05-08T12:20:47.414Z
QUESS,QUESS CORP,NSE EQ,223.59,-3.27,-1.44,225.9,230.55,222.51,226.86,472693,472693,,,,,,,,,,,40.61,50,NEUTRAL,kite:2026-05-08,2026-05-08T12:20:47.414Z
QUESTLAB-ST,QUEST LABORATORIES,NSE EQ,129.85,-6.8,-4.98,137,141.95,129.85,136.65,91200,91200,,,,,,,,,,,,46,NEUTRAL,kite:2026-05-08,2026-05-08T12:20:47.414Z
QUICKHEAL,QUICK HEAL TECH,NSE EQ,214.51,35.13,19.58,179.69,215.25,179.69,179.38,9152347,9152347,,,,,,,,,,,15.67,54,NEUTRAL,kite:2026-05-08,2026-05-08T12:20:47.414Z
QUICKTOUCH-SM,QUICKTOUCH TECHNOLOGIES L,NSE EQ,27.2,-0.3,-1.09,26.55,27.45,26.55,27.5,2000,2000,,,,,,,,,,,,50,NEUTRAL,kite:2026-05-08,2026-05-08T12:20:47.414Z
QUINT,QUINT DIGITAL,NSE EQ,41.94,-1.3,-3.01,43.24,45,41.2,43.24,2316,2316,,,,,,,,,,,83.42,46,NEUTRAL,kite:2026-05-08,2026-05-08T12:20:47.414Z
QVCEL-SM,QVC EXPORTS,NSE EQ,29.1,0,0,0,29.1,29.1,29.1,0,0,,,,,,,,,,,,50,NEUTRAL,kite:2026-05-08,2026-05-08T12:20:47.414Z
RACE-BE,RACE ECO CHAIN,NSE EQ,126.44,1.01,0.81,127.94,128.49,124.71,125.43,88357,88357,,,,,,,,,,,,50,NEUTRAL,kite:2026-05-08,2026-05-08T12:20:47.414Z
RACLGEAR,RACL GEARTECH,NSE EQ,1268.7,-54.6,-4.13,1285,1298,1243.9,1323.3,45427,45427,,,,,,,,,,,47.17,46,NEUTRAL,kite:2026-05-08,2026-05-08T12:20:47.414Z
RADAAN,RADAAN MEDIAWORKS (I),NSE EQ,3.28,0.04,1.23,3.29,3.32,3.25,3.24,15809,15809,,,,,,,,,,,69.11,50,NEUTRAL,kite:2026-05-08,2026-05-08T12:20:47.414Z
RADHIKAJWE,RADHIKA JEWELTECH,NSE EQ,69.54,3.08,4.63,66.11,71.22,65.76,66.46,1104581,1104581,,,,,,,,,,,42.12,54,NEUTRAL,kite:2026-05-08,2026-05-08T12:20:47.414Z
RADIANTCMS,RADIANT CASH MGMT SER,NSE EQ,44.66,-0.17,-0.38,45.04,45.3,44.13,44.83,92178,92178,,,,,,,,,,,53.52,50,NEUTRAL,kite:2026-05-08,2026-05-08T12:20:47.414Z
RADICO,RADICO KHAITAN,NSE EQ,3477.2,70.2,2.06,3420.8,3522,3414.3,3407,866740,866740,,,,,,,,,,,52.98,50,NEUTRAL,kite:2026-05-08,2026-05-08T12:20:47.414Z
RADIOCITY-BE,MUSIC BROADCAST,NSE EQ,6.16,0.17,2.84,6.11,6.2,5.99,5.99,118770,118770,,,,,,,,,,,,50,NEUTRAL,kite:2026-05-08,2026-05-08T12:20:47.414Z
RADIOWALLA-SM,RADIOWALLA NETWORK,NSE EQ,36.55,-1.8,-4.69,36.65,36.65,36.45,38.35,24000,24000,,,,,,,,,,,,46,NEUTRAL,kite:2026-05-08,2026-05-08T12:20:47.414Z
RAILTEL,RAILTEL CORP OF IND,NSE EQ,342.6,-5.65,-1.62,348,349.5,341.2,348.25,1324435,1324435,,,,,,,,,,,40,50,NEUTRAL,kite:2026-05-08,2026-05-08T12:20:47.414Z
RAIN,RAIN INDUSTRIES,NSE EQ,143.82,9.21,6.84,135,144.88,134.61,134.61,10277955,10277955,,,,,,,,,,,48.25,54,NEUTRAL,kite:2026-05-08,2026-05-08T12:20:47.414Z
RAINBOW,RAINBOW CHILDRENS MED,NSE EQ,1304.5,12.3,0.95,1289.1,1335,1276.6,1292.2,802279,802279,,,,,,,,,,,70.4,50,NEUTRAL,kite:2026-05-08,2026-05-08T12:20:47.414Z
RAJESHEXPO-BZ,RAJESH EXPORTS,NSE EQ,121.99,-0.25,-0.2,123.87,124,121,122.24,77574,77574,,,,,,,,,,,,50,NEUTRAL,kite:2026-05-08,2026-05-08T12:20:47.414Z
RAJINDLTD-SM,RAJPUTANA INDUSTRIES,NSE EQ,73.05,-2.9,-3.82,71.2,74.8,71.2,75.95,13500,13500,,,,,,,,,,,,46,NEUTRAL,kite:2026-05-08,2026-05-08T12:20:47.414Z
RAJMET-BE,RAJNANDINI METAL,NSE EQ,4.06,0.07,1.75,3.96,4.1,3.96,3.99,315562,315562,,,,,,,,,,,,50,NEUTRAL,kite:2026-05-08,2026-05-08T12:20:47.414Z
RAJOOENG,RAJOO ENGINEERS,NSE EQ,61.55,2.03,3.41,59.89,63,59.06,59.52,931552,931552,,,,,,,,,,,53.6,54,NEUTRAL,kite:2026-05-08,2026-05-08T12:20:47.414Z
RAJPALAYAM,RAJAPALAYAM MILLS,NSE EQ,848.4,18.35,2.21,821,853.95,821,830.05,948,948,,,,,,,,,,,92.93,50,NEUTRAL,kite:2026-05-08,2026-05-08T12:20:47.414Z
RAJPUTANA-SM,RAJPUTANA BIODIESEL,NSE EQ,232.8,1.15,0.5,232.8,232.8,232.8,231.65,500,500,,,,,,,,,,,,50,NEUTRAL,kite:2026-05-08,2026-05-08T12:20:47.414Z
RAJRATAN,RAJRATAN GLOBAL WIRE,NSE EQ,446.2,-5.5,-1.22,455,460.8,445,451.7,64197,64197,,,,,,,,,,,51.38,50,NEUTRAL,kite:2026-05-08,2026-05-08T12:20:47.414Z
RAJRILTD-BE,RAJ RAYON INDUSTRIES,NSE EQ,20.99,-0.05,-0.24,21.04,21.2,20.8,21.04,6899,6899,,,,,,,,,,,,50,NEUTRAL,kite:2026-05-08,2026-05-08T12:20:47.414Z
RAJSREESUG,RAJSHREE SUGAR & CHEMICAL,NSE EQ,36.24,-0.28,-0.77,36,37.96,35.55,36.52,40890,40890,,,,,,,,,,,68.2,50,NEUTRAL,kite:2026-05-08,2026-05-08T12:20:47.414Z
RAJTV,RAJ TV NETWORK,NSE EQ,23.72,-0.27,-1.13,24,24.48,23.56,23.99,17231,17231,,,,,,,,,,,46.22,50,NEUTRAL,kite:2026-05-08,2026-05-08T12:20:47.414Z
RALLIS,RALLIS INDIA,NSE EQ,267.95,3.25,1.23,264.7,269.8,261.3,264.7,393520,393520,,,,,,,,,,,47.66,50,NEUTRAL,kite:2026-05-08,2026-05-08T12:20:47.414Z
RAMANEWS,SHREE RAMA NEWSPRINT,NSE EQ,32.1,-0.13,-0.4,32,32.4,31.35,32.23,63901,63901,,,,,,,,,,,28.54,50,NEUTRAL,kite:2026-05-08,2026-05-08T12:20:47.414Z
RAMAPHO,RAMA PHOSPHATES,NSE EQ,138,-3.68,-2.6,143,143,137.51,141.68,42027,42027,,,,,,,,,,,62.82,50,NEUTRAL,kite:2026-05-08,2026-05-08T12:20:47.414Z
RAMASTEEL,RAMA STEEL TUBES,NSE EQ,5.78,-0.04,-0.69,5.82,5.88,5.76,5.82,3921603,3921603,,,,,,,,,,,74.15,50,NEUTRAL,kite:2026-05-08,2026-05-08T12:20:47.414Z
RAMCOCEM,The Ramco Cements Limited,NSE EQ,959.5,-0.45,-0.05,964.2,970,949.5,959.95,485039,485039,1214.5,860.1,,957.65,987.43,1014.43,1028.81,48.45,25.77,1.83,77.37,44,NEUTRAL,kite:2026-05-08,2026-05-08T12:20:47.414Z
RAMCOIND,RAMCO INDUSTRIES,NSE EQ,285.75,-2.05,-0.71,285,288.3,282,287.8,23592,23592,,,,,,,,,,,63.33,50,NEUTRAL,kite:2026-05-08,2026-05-08T12:20:47.414Z
RAMCOSYS,RAMCO SYSTEMS,NSE EQ,412.1,-2.6,-0.63,417,420.35,409.55,414.7,37077,37077,,,,,,,,,,,53.31,50,NEUTRAL,kite:2026-05-08,2026-05-08T12:20:47.414Z
RAMKY,RAMKY INFRA,NSE EQ,503.1,-9.05,-1.77,513,513.15,500.45,512.15,46144,46144,,,,,,,,,,,60.2,50,NEUTRAL,kite:2026-05-08,2026-05-08T12:20:47.414Z
RAMRAT,RAM RATNA WIRES,NSE EQ,444.75,-9.25,-2.04,458.5,464.2,440.6,454,196218,196218,,,,,,,,,,,48.92,50,NEUTRAL,kite:2026-05-08,2026-05-08T12:20:47.414Z
RANASUG,RANA SUGARS,NSE EQ,13.65,-0.25,-1.8,14.1,14.1,13.55,13.9,513636,513636,,,,,,,,,,,71.31,50,NEUTRAL,kite:2026-05-08,2026-05-08T12:20:47.414Z
RANEHOLDIN,RANE HOLDINGS,NSE EQ,1175.7,-3.8,-0.32,1165.5,1187.8,1150,1179.5,16393,16393,,,,,,,,,,,59.67,50,NEUTRAL,kite:2026-05-08,2026-05-08T12:20:47.414Z
RAPIDFLEET-SM,RAPID FLEET MGT SERVICE L,NSE EQ,172,0,0,0,194,162,172,0,0,,,,,,,,,,,,50,NEUTRAL,kite:2026-05-08,2026-05-08T12:20:47.414Z
RAPPID-SM,RAPPID VALVES (INDIA),NSE EQ,262,-3.75,-1.41,265.35,265.35,256.3,265.75,7800,7800,,,,,,,,,,,,50,NEUTRAL,kite:2026-05-08,2026-05-08T12:20:47.414Z
RATEGAIN,RATEGAIN TRAVEL TECHN,NSE EQ,634.75,0.55,0.09,634,645,629.1,634.2,180047,180047,,,,,,,,,,,53.48,50,NEUTRAL,kite:2026-05-08,2026-05-08T12:20:47.414Z
RATNAMANI,Ratnamani Metals & Tubes Limited,NSE EQ,2869.4,42.3,1.5,2845,2881.4,2791,2827.1,60553,60553,3050,1936.5,,2597.3,2453.33,2399.64,2468.18,77.4,109.86,1.08,55.09,54,NEUTRAL,kite:2026-05-08,2026-05-08T12:20:47.414Z
RATNAVEER,RATNAVEER PRECISION ENG L,NSE EQ,176.12,-2.25,-1.26,178.8,180.88,175.6,178.37,1134008,1134008,,,,,,,,,,,48.34,50,NEUTRAL,kite:2026-05-08,2026-05-08T12:20:47.414Z
RAYMOND,RAYMOND,NSE EQ,515.7,1.9,0.37,513.8,521.6,505.6,513.8,904451,904451,,,,,,,,,,,27.61,50,NEUTRAL,kite:2026-05-08,2026-05-08T12:20:47.414Z
RAYMONDLSL,RAYMOND LIFESTYLE,NSE EQ,788.65,-23.5,-2.89,808.75,819.3,786,812.15,202114,202114,,,,,,,,,,,59.77,50,NEUTRAL,kite:2026-05-08,2026-05-08T12:20:47.414Z
RAYMONDREL,RAYMOND REALTY,NSE EQ,629.6,-5.6,-0.88,629.95,650,614.7,635.2,2936677,2936677,,,,,,,,,,,14.08,50,NEUTRAL,kite:2026-05-08,2026-05-08T12:20:47.414Z
RBA,RESTAURANT BRAND ASIA,NSE EQ,68.09,0.43,0.64,67.52,68.2,67,67.66,7090650,7090650,,,,,,,,,,,81.79,50,NEUTRAL,kite:2026-05-08,2026-05-08T12:20:47.414Z
RBLBANK,RBL Bank Limited,NSE EQ,343.45,-2.3,-0.67,348,349.7,339.4,345.75,6162654,6162654,349.9,188.1,,327.47,318.17,310.57,291.54,62.84,11.92,0.97,24.21,66,BUY,kite:2026-05-08,2026-05-08T12:20:47.414Z
RBMINFRA-SM,RBM INFRACON,NSE EQ,378.9,-2.85,-0.75,381.75,383.65,377.5,381.75,11200,11200,,,,,,,,,,,,50,NEUTRAL,kite:2026-05-08,2026-05-08T12:20:47.414Z
RBS-ST,RAMDEVBABA SOLVENT,NSE EQ,102,-2,-1.92,104.8,104.8,102,104,6400,6400,,,,,,,,,,,,50,NEUTRAL,kite:2026-05-08,2026-05-08T12:20:47.414Z
RBZJEWEL,RBZ JEWELLERS,NSE EQ,152,8.52,5.94,145.5,153,142.21,143.48,139535,139535,,,,,,,,,,,57.71,54,NEUTRAL,kite:2026-05-08,2026-05-08T12:20:47.414Z
RCDL-SM,RAJGOR CASTOR DERIVATI L,NSE EQ,24,1.95,8.84,24,24,24,22.05,3000,3000,,,,,,,,,,,,54,NEUTRAL,kite:2026-05-08,2026-05-08T12:20:47.414Z
RCF,RASHTRIYA CHEMICALS & FER,NSE EQ,130.58,-1.17,-0.89,131,133.7,130.31,131.75,1214573,1214573,,,,,,,,,,,40.49,50,NEUTRAL,kite:2026-05-08,2026-05-08T12:20:47.414Z
RCOM-BE,RELIANCE COMMUNICATIONS L,NSE EQ,0.97,0,0,0.97,0.98,0.96,0.97,2438062,2438062,,,,,,,,,,,,50,NEUTRAL,kite:2026-05-08,2026-05-08T12:20:47.414Z
READYMIX-SM,READYMIX CONSTRU MACHI L,NSE EQ,92.95,0.1,0.11,90,92.95,89.05,92.85,5000,5000,,,,,,,,,,,,50,NEUTRAL,kite:2026-05-08,2026-05-08T12:20:47.414Z
RECLTD,REC Limited,NSE EQ,359.4,-0.35,-0.1,359.75,363.6,356.15,359.75,5059153,5059153,428.7,304.05,,359.09,354.21,355.89,366.1,51.84,9.38,0.6,43.21,62,BUY,kite:2026-05-08,2026-05-08T12:20:47.414Z
REDINGTON,REDINGTON,NSE EQ,223.02,-1.47,-0.65,224.49,226.45,221.39,224.49,1919442,1919442,,,,,,,,,,,45.81,50,NEUTRAL,kite:2026-05-08,2026-05-08T12:20:47.414Z
REDTAPE,REDTAPE,NSE EQ,133.83,3.25,2.49,130.02,135,129.5,130.58,638868,638868,,,,,,,,,,,53.78,50,NEUTRAL,kite:2026-05-08,2026-05-08T12:20:47.414Z
REFEX,REFEX INDUSTRIES,NSE EQ,263,-1.6,-0.6,264.6,273.55,262,264.6,687213,687213,,,,,,,,,,,50.48,50,NEUTRAL,kite:2026-05-08,2026-05-08T12:20:47.414Z
REFRACTORY-SM,REFRACTORY SHAPES,NSE EQ,41.55,1.8,4.53,41.3,41.7,41,39.75,7000,7000,,,,,,,,,,,,54,NEUTRAL,kite:2026-05-08,2026-05-08T12:20:47.414Z
REGAAL,REGAAL RESOURCES,NSE EQ,95.59,8.38,9.61,87.49,96.1,85.85,87.21,4611854,4611854,,,,,,,,,,,39.51,54,NEUTRAL,kite:2026-05-08,2026-05-08T12:20:47.414Z
REGENCERAM,REGENCY CERAMICS,NSE EQ,44.93,0.19,0.42,49.76,49.76,43.96,44.74,2092,2092,,,,,,,,,,,41.01,50,NEUTRAL,kite:2026-05-08,2026-05-08T12:20:47.414Z
RELAXO,RELAXO FOOT,NSE EQ,308.85,3.6,1.18,306.7,312.1,305.35,305.25,163827,163827,,,,,,,,,,,47.75,50,NEUTRAL,kite:2026-05-08,2026-05-08T12:20:47.414Z
RELCHEMQ,RELIANCE CHEMOTEX IND,NSE EQ,124.85,-0.53,-0.42,126,129.87,124.04,125.38,4143,4143,,,,,,,,,,,50.69,50,NEUTRAL,kite:2026-05-08,2026-05-08T12:20:47.414Z
RELIABLE,RELIABLE DATA SERVICE,NSE EQ,130.42,-2,-1.51,133.9,133.9,128,132.42,15509,15509,,,,,,,,,,,64.21,50,NEUTRAL,kite:2026-05-08,2026-05-08T12:20:47.414Z
RELIANCE,Reliance Industries Limited,NSE EQ,1435.2,-1,-0.07,1426,1442.8,1417.5,1436.2,8663105,8663105,1611.8,1290,,1403.9,1398.17,1415.1,1424.67,59.02,29.74,0.42,53.51,66,BUY,kite:2026-05-08,2026-05-08T12:20:47.414Z
RELIGARE,RELIGARE ENTER.,NSE EQ,223,-0.51,-0.23,223.05,225.45,222.18,223.51,1062597,1062597,,,,,,,,,,,58.33,50,NEUTRAL,kite:2026-05-08,2026-05-08T12:20:47.414Z
RELTD,RAVINDRA ENERGY,NSE EQ,138.41,-1.2,-0.86,139,140,136.92,139.61,95445,95445,,,,,,,,,,,59.07,50,NEUTRAL,kite:2026-05-08,2026-05-08T12:20:47.414Z
REMSONSIND,REMSONS INDUSTRIES,NSE EQ,115.09,-0.12,-0.1,117,125,114,115.21,1292755,1292755,,,,,,,,,,,22.44,50,NEUTRAL,kite:2026-05-08,2026-05-08T12:20:47.414Z
REMUS-SM,REMUS PHARMACEUTICALS L,NSE EQ,773.95,27.05,3.62,755,782.85,737.95,746.9,9500,9500,,,,,,,,,,,,54,NEUTRAL,kite:2026-05-08,2026-05-08T12:20:47.414Z
RENUKA,SHREE RENUKA SUGARS,NSE EQ,27.59,-0.96,-3.36,28.62,28.74,27.41,28.55,8726534,8726534,,,,,,,,,,,52.45,46,NEUTRAL,kite:2026-05-08,2026-05-08T12:20:47.414Z
REPCOHOME,REPCO HOME FINANCE,NSE EQ,404.4,-9.65,-2.33,413,415.95,403,414.05,116129,116129,,,,,,,,,,,61.13,50,NEUTRAL,kite:2026-05-08,2026-05-08T12:20:47.414Z
REPL-BE,RUDRABHISHEK ENTERP,NSE EQ,77.04,-1.46,-1.86,76.8,80,76.5,78.5,5561,5561,,,,,,,,,,,,50,NEUTRAL,kite:2026-05-08,2026-05-08T12:20:47.414Z
REPRO,REPRO INDIA,NSE EQ,382.15,-4.7,-1.21,390,393,377.35,386.85,15764,15764,,,,,,,,,,,48.71,50,NEUTRAL,kite:2026-05-08,2026-05-08T12:20:47.414Z
RESPONIND,RESPONSIVE INDUSTRIES,NSE EQ,176.31,-6.76,-3.69,183.98,185.82,174.8,183.07,117827,117827,,,,,,,,,,,26.8,46,NEUTRAL,kite:2026-05-08,2026-05-08T12:20:47.414Z
RETAIL,JHS SVENDGAARD RETAIL V L,NSE EQ,20.8,-0.25,-1.19,20.95,21.01,20.61,21.05,285,285,,,,,,,,,,,79.65,50,NEUTRAL,kite:2026-05-08,2026-05-08T12:20:47.414Z
REXPIPES-SM,REX PIPES AND CABLES,NSE EQ,202,0,0,0,202,202,202,0,0,,,,,,,,,,,,50,NEUTRAL,kite:2026-05-08,2026-05-08T12:20:47.414Z
REXPRO-SM,REXPRO ENTERPRISES,NSE EQ,43,-0.1,-0.23,45.25,45.25,43,43.1,2000,2000,,,,,,,,,,,,50,NEUTRAL,kite:2026-05-08,2026-05-08T12:20:47.414Z
RGL,RENAISSANCE GLOBAL,NSE EQ,113.87,2.45,2.2,112.87,115,111.97,111.42,1464896,1464896,,,,,,,,,,,56.98,50,NEUTRAL,kite:2026-05-08,2026-05-08T12:20:47.414Z
RHETAN,RHETAN TMT,NSE EQ,26.8,-0.01,-0.04,26.88,27,26.5,26.81,3744579,3744579,,,,,,,,,,,19.85,50,NEUTRAL,kite:2026-05-08,2026-05-08T12:20:47.414Z
RHFL-BZ,RELIANCE HOME FINANCE,NSE EQ,2.3,0.1,4.55,2.31,2.31,2.2,2.2,4513326,4513326,,,,,,,,,,,,54,NEUTRAL,kite:2026-05-08,2026-05-08T12:20:47.414Z
RHIM,RHI MAGNESITA INDIA,NSE EQ,410.45,-1.25,-0.3,410,414.75,407.3,411.7,78906,78906,,,,,,,,,,,53.54,50,NEUTRAL,kite:2026-05-08,2026-05-08T12:20:47.414Z
RHL,ROBUST HOTELS,NSE EQ,182.98,0.48,0.26,182.8,183,180,182.5,2535,2535,,,,,,,,,,,96.33,50,NEUTRAL,kite:2026-05-08,2026-05-08T12:20:47.414Z
RICHA-SM,RICHA INFO SYSTEMS,NSE EQ,79.65,0,0,0,79.65,79,79.65,0,0,,,,,,,,,,,,50,NEUTRAL,kite:2026-05-08,2026-05-08T12:20:47.414Z
RICOAUTO,RICO AUTO INDUSTRIES,NSE EQ,126.44,2.34,1.89,124.1,128.45,121.81,124.1,3701310,3701310,,,,,,,,,,,33.85,50,NEUTRAL,kite:2026-05-08,2026-05-08T12:20:47.414Z
RIIL,RELIANCE INDUSTRIAL INFRA,NSE EQ,794.45,-7.25,-0.9,798.1,806,790,801.7,78073,78073,,,,,,,,,,,36.52,50,NEUTRAL,kite:2026-05-08,2026-05-08T12:20:47.414Z
RIIT-IV,RAAJMARG INFRA INVEST T,NSE EQ,110.99,0.72,0.65,110.27,111.05,110.1,110.27,278127,278127,,,,,,,,,,,,50,NEUTRAL,kite:2026-05-08,2026-05-08T12:20:47.414Z
RILINFRA-SM,RACHANA INFRA,NSE EQ,34,0.1,0.29,33.5,34.2,33.5,33.9,8100,8100,,,,,,,,,,,,50,NEUTRAL,kite:2026-05-08,2026-05-08T12:20:47.414Z
RISHABH,RISHABH INSTRUMENTS,NSE EQ,527.15,24.65,4.91,506.9,543.2,506,502.5,338385,338385,,,,,,,,,,,49.88,54,NEUTRAL,kite:2026-05-08,2026-05-08T12:20:47.414Z
RITCO,RITCO LOGISTICS,NSE EQ,248.09,6.15,2.54,244.9,253.44,242.85,241.94,66153,66153,,,,,,,,,,,43.44,50,NEUTRAL,kite:2026-05-08,2026-05-08T12:20:47.414Z
RITES,RITES,NSE EQ,227.15,-1.67,-0.73,228.6,230.85,226.54,228.82,484092,484092,,,,,,,,,,,43.49,50,NEUTRAL,kite:2026-05-08,2026-05-08T12:20:47.414Z
RITEZONE-ST,RITE ZONE CHEMCON IND,NSE EQ,27.3,1.3,5,25.9,27.3,25.9,26,17600,17600,,,,,,,,,,,,54,NEUTRAL,kite:2026-05-08,2026-05-08T12:20:47.414Z
RKDL,RAVI KUMAR DIST.,NSE EQ,22.22,0.15,0.68,21.79,22.5,21.51,22.07,16936,16936,,,,,,,,,,,50.87,50,NEUTRAL,kite:2026-05-08,2026-05-08T12:20:47.414Z
RKEC,RKEC PROJECTS,NSE EQ,37.05,-1.09,-2.86,38.79,38.79,36.37,38.14,18814,18814,,,,,,,,,,,54.92,50,NEUTRAL,kite:2026-05-08,2026-05-08T12:20:47.414Z
RKFORGE,RAMKRISHNA FORGINGS,NSE EQ,610.25,-11.75,-1.89,623.5,625,605.2,622,643253,643253,,,,,,,,,,,60.15,50,NEUTRAL,kite:2026-05-08,2026-05-08T12:20:47.414Z
RKSWAMY,R K SWAMY,NSE EQ,94.04,1.03,1.11,94.99,95.8,93,93.01,33522,33522,,,,,,,,,,,60.22,50,NEUTRAL,kite:2026-05-08,2026-05-08T12:20:47.414Z
RMC-BE,RMC SWITCHGEARS,NSE EQ,446.25,-15.3,-3.31,464,464,439.1,461.55,17422,17422,,,,,,,,,,,,46,NEUTRAL,kite:2026-05-08,2026-05-08T12:20:47.414Z
RMDRIP,R M DRIP & SPRINK SYS,NSE EQ,19.46,-0.53,-2.65,20,20.1,19.27,19.99,412502,412502,,,,,,,,,,,65.96,50,NEUTRAL,kite:2026-05-08,2026-05-08T12:20:47.414Z
RML,RANE (MADRAS),NSE EQ,917.3,-21.4,-2.28,944,945.05,911,938.7,39037,39037,,,,,,,,,,,39.6,50,NEUTRAL,kite:2026-05-08,2026-05-08T12:20:47.414Z
RNBDENIMS-BE,R&B DENIMS,NSE EQ,13.32,-0.23,-1.7,13.74,13.74,13.14,13.55,331530,331530,,,,,,,,,,,,50,NEUTRAL,kite:2026-05-08,2026-05-08T12:20:47.414Z
RNFI-SM,RNFI SERVICES,NSE EQ,290.6,-4.4,-1.49,299.7,302.95,286.5,295,39600,39600,,,,,,,,,,,,50,NEUTRAL,kite:2026-05-08,2026-05-08T12:20:47.414Z
RNPL-SM,RENOL POLYCHEM,NSE EQ,135.1,-2.8,-2.03,135.05,137,135,137.9,7200,7200,,,,,,,,,,,,50,NEUTRAL,kite:2026-05-08,2026-05-08T12:20:47.414Z
ROCKINGDCE-SM,ROCKINGDEALS CIRCU ECO L,NSE EQ,206.55,7.55,3.79,199,207,192,199,5000,5000,,,,,,,,,,,,54,NEUTRAL,kite:2026-05-08,2026-05-08T12:20:47.414Z
ROCKPP-E1,ROCKINGDCE RS.5 PPD UP,NSE EQ,75,0,0,0,79,75,75,0,0,,,,,,,,,,,,50,NEUTRAL,kite:2026-05-08,2026-05-08T12:20:47.414Z
ROHLTD,ROYAL ORCHID HOTELS,NSE EQ,340.5,-4.05,-1.18,344.55,345.95,340,344.55,15399,15399,,,,,,,,,,,62.32,50,NEUTRAL,kite:2026-05-08,2026-05-08T12:20:47.414Z
ROLEXRINGS,ROLEX RINGS,NSE EQ,150.84,2.76,1.86,147.52,154,146.51,148.08,2944052,2944052,,,,,,,,,,,32.47,50,NEUTRAL,kite:2026-05-08,2026-05-08T12:20:47.414Z
ROLLT-BE,ROLLATAINERS,NSE EQ,2.2,0.1,4.76,2,2.2,2,2.1,528506,528506,,,,,,,,,,,,54,NEUTRAL,kite:2026-05-08,2026-05-08T12:20:47.414Z
ROML,RAJ OIL MILLS,NSE EQ,45.8,1.21,2.71,46.39,46.8,45.41,44.59,6618,6618,,,,,,,,,,,91.67,50,NEUTRAL,kite:2026-05-08,2026-05-08T12:20:47.414Z
ROSSARI,ROSSARI BIOTECH,NSE EQ,544,4.7,0.87,540.9,560,534,539.3,323346,323346,,,,,,,,,,,39.43,50,NEUTRAL,kite:2026-05-08,2026-05-08T12:20:47.414Z
ROSSELLIND,ROSSELL INDIA,NSE EQ,57.79,-1.05,-1.78,59.42,60.01,56.9,58.84,67759,67759,,,,,,,,,,,68.29,50,NEUTRAL,kite:2026-05-08,2026-05-08T12:20:47.414Z
ROSSTECH,ROSSELL TECHSYS,NSE EQ,910.55,-132.5,-12.7,1034.05,1034.05,901,1043.05,269605,269605,,,,,,,,,,,56.18,46,NEUTRAL,kite:2026-05-08,2026-05-08T12:20:47.414Z
ROTO,ROTO PUMPS,NSE EQ,59.46,-1.31,-2.16,60.9,60.92,59.3,60.77,352277,352277,,,,,,,,,,,51.38,50,NEUTRAL,kite:2026-05-08,2026-05-08T12:20:47.414Z
ROUTE,ROUTE MOBILE,NSE EQ,552.5,-25.15,-4.35,575,577.5,550.6,577.65,572927,572927,,,,,,,,,,,40.57,46,NEUTRAL,kite:2026-05-08,2026-05-08T12:20:47.414Z
ROXHITECH-ST,ROX HI TECH,NSE EQ,33.55,-1.75,-4.96,34.55,34.55,33.55,35.3,12800,12800,,,,,,,,,,,,46,NEUTRAL,kite:2026-05-08,2026-05-08T12:20:47.414Z
ROYALARC-SM,ROYAL ARC ELECTRODES,NSE EQ,165,0,0,0,165,165,165,0,0,,,,,,,,,,,,50,NEUTRAL,kite:2026-05-08,2026-05-08T12:20:47.414Z
RPEL,RAGHAV PRODUCTIVITY ENH L,NSE EQ,794.6,29.9,3.91,773.4,809,767,764.7,423933,423933,,,,,,,,,,,65.34,54,NEUTRAL,kite:2026-05-08,2026-05-08T12:20:47.414Z
RPGLIFE,RPG LIFE SCIENCES,NSE EQ,2463.1,-28.9,-1.16,2500,2503.3,2434.1,2492,15609,15609,,,,,,,,,,,39.77,50,NEUTRAL,kite:2026-05-08,2026-05-08T12:20:47.414Z
RPOWER,RELIANCE POWER,NSE EQ,28.7,-0.42,-1.44,29.12,29.19,28.6,29.12,24546660,24546660,,,,,,,,,,,35.99,50,NEUTRAL,kite:2026-05-08,2026-05-08T12:20:47.414Z
RPPINFRA,R.P.P INFRA PROJECTS,NSE EQ,79.36,-1.69,-2.09,81,81.38,78.32,81.05,21087,21087,,,,,,,,,,,52.97,50,NEUTRAL,kite:2026-05-08,2026-05-08T12:20:47.414Z
RPPL,RAJSHREE POLYPACK,NSE EQ,18.18,1.11,6.5,17.2,18.9,17.07,17.07,340490,340490,,,,,,,,,,,70.37,54,NEUTRAL,kite:2026-05-08,2026-05-08T12:20:47.414Z
RPSGVENT,RPSG VENTURES,NSE EQ,1083.05,98.45,10,995,1083.05,962.05,984.6,622985,622985,,,,,,,,,,,46.73,54,NEUTRAL,kite:2026-05-08,2026-05-08T12:20:47.414Z
RPTECH,RASHI PERIPHERALS,NSE EQ,530.6,18.65,3.64,511.8,538,510.65,511.95,323780,323780,,,,,,,,,,,53.47,54,NEUTRAL,kite:2026-05-08,2026-05-08T12:20:47.414Z
RRIL,R R I L,NSE EQ,20.14,-0.1,-0.49,20.32,20.35,19.71,20.24,69781,69781,,,,,,,,,,,69.05,50,NEUTRAL,kite:2026-05-08,2026-05-08T12:20:47.414Z
RRKABEL,R R KABEL,NSE EQ,1942.4,15.4,0.8,1933.9,1984,1907,1927,681938,681938,,,,,,,,,,,45.7,50,NEUTRAL,kite:2026-05-08,2026-05-08T12:20:47.414Z
RSDFIN,R S D FINANCE,NSE EQ,85,0,0,85,85,85,85,11,11,,,,,,,,,,,100,50,NEUTRAL,kite:2026-05-08,2026-05-08T12:20:47.414Z
RSL,RAJPUTANA STAINLESS,NSE EQ,135.09,-2.28,-1.66,137.99,139.9,134.05,137.37,255901,255901,,,,,,,,,,,44.01,50,NEUTRAL,kite:2026-05-08,2026-05-08T12:20:47.414Z
RSSOFTWARE-BE,R. S. SOFTWARE (INDIA) LI,NSE EQ,34.86,-1.8,-4.91,34.83,36,34.83,36.66,88685,88685,,,,,,,,,,,,46,NEUTRAL,kite:2026-05-08,2026-05-08T12:20:47.414Z
RSWM,RSWM,NSE EQ,166.83,-2.16,-1.28,170.74,173.48,164.01,168.99,80706,80706,,,,,,,,,,,54.56,50,NEUTRAL,kite:2026-05-08,2026-05-08T12:20:47.414Z
RSYSTEMS,R SYS INTERNATIONAL,NSE EQ,309.05,6.3,2.08,303,324.7,300.6,302.75,1391214,1391214,,,,,,,,,,,28.73,50,NEUTRAL,kite:2026-05-08,2026-05-08T12:20:47.414Z
RTL-ST,RAMA TELECOM,NSE EQ,85.9,2.4,2.87,82,85.9,82,83.5,54000,54000,,,,,,,,,,,,50,NEUTRAL,kite:2026-05-08,2026-05-08T12:20:47.414Z
RTNINDIA,RATTANINDIA ENT,NSE EQ,37.79,-1.93,-4.86,39.72,39.84,37.67,39.72,3816911,3816911,,,,,,,,,,,47.25,46,NEUTRAL,kite:2026-05-08,2026-05-08T12:20:47.414Z
RTNPOWER,RATTANINDIA POWER,NSE EQ,10.02,-0.27,-2.62,10.09,10.13,9.92,10.29,23689645,23689645,,,,,,,,,,,53.35,50,NEUTRAL,kite:2026-05-08,2026-05-08T12:20:47.414Z
RUBFILA,RUBFILA INTERNATIONAL,NSE EQ,74.25,-0.33,-0.44,74.58,75.48,73.5,74.58,27968,27968,,,,,,,,,,,78.5,50,NEUTRAL,kite:2026-05-08,2026-05-08T12:20:47.414Z
RUBICON,RUBICON RESEARCH,NSE EQ,955.8,4.45,0.47,951.35,965.95,935.35,951.35,203826,203826,,,,,,,,,,,43.73,50,NEUTRAL,kite:2026-05-08,2026-05-08T12:20:47.414Z
RUBYMILLS,THE RUBY MILLS,NSE EQ,238.37,-7,-2.85,245.37,247,236.4,245.37,16029,16029,,,,,,,,,,,57.84,50,NEUTRAL,kite:2026-05-08,2026-05-08T12:20:47.414Z
RUCHINFRA,RUCHI INFRASTRUCTURE,NSE EQ,6.27,0.01,0.16,6.39,6.39,6.2,6.26,43068,43068,,,,,,,,,,,65.14,50,NEUTRAL,kite:2026-05-08,2026-05-08T12:20:47.414Z
RUCHIRA,RUCHIRA PAPERS,NSE EQ,123.21,-2.31,-1.84,123.2,125,123,125.52,16683,16683,,,,,,,,,,,80,50,NEUTRAL,kite:2026-05-08,2026-05-08T12:20:47.414Z
RUDRA-BE,RUDRA GLOBAL INFRA PROD L,NSE EQ,20.57,0.28,1.38,20.74,20.75,20.4,20.29,20109,20109,,,,,,,,,,,,50,NEUTRAL,kite:2026-05-08,2026-05-08T12:20:47.414Z
RULKA-SM,RULKA ELECTRICALS,NSE EQ,120.95,4.4,3.78,119,121,116.05,116.55,4500,4500,,,,,,,,,,,,54,NEUTRAL,kite:2026-05-08,2026-05-08T12:20:47.414Z
RUPA,RUPA & COMPANY,NSE EQ,152.45,-1.47,-0.96,153.97,155.39,152,153.92,83284,83284,,,,,,,,,,,53.68,50,NEUTRAL,kite:2026-05-08,2026-05-08T12:20:47.414Z
RUSHIL,RUSHIL DECOR,NSE EQ,16.9,-0.56,-3.21,17.49,17.5,15.78,17.46,826346,826346,,,,,,,,,,,40.8,46,NEUTRAL,kite:2026-05-08,2026-05-08T12:20:47.414Z
RUSTOMJEE,KEYSTONE REALTORS,NSE EQ,434.1,4.4,1.02,429.6,438,424,429.7,78063,78063,,,,,,,,,,,45.23,50,NEUTRAL,kite:2026-05-08,2026-05-08T12:20:47.414Z
RVHL,RAVINDER HEIGHTS,NSE EQ,41.08,-0.8,-1.91,41.88,42.8,40,41.88,20218,20218,,,,,,,,,,,79.13,50,NEUTRAL,kite:2026-05-08,2026-05-08T12:20:47.414Z
RVNL,Rail Vikas Nigam Limited,NSE EQ,305,-3.7,-1.2,308.4,309.35,303.5,308.7,5172774,5172774,447.8,248,,297.3,294.93,304.39,324.61,58.26,7.86,0.57,33.92,66,BUY,kite:2026-05-08,2026-05-08T12:20:47.414Z
RVTH,REVATHI EQUIPMENT INDIA L,NSE EQ,681,51.2,8.13,629.85,710,629.8,629.8,2190,2190,,,,,,,,,,,89.13,54,NEUTRAL,kite:2026-05-08,2026-05-08T12:20:47.414Z
S&SPOWER-BE,S&S POWER SWITCHGEARS,NSE EQ,396.9,-8.1,-2,0,397,396.9,405,215,215,,,,,,,,,,,,50,NEUTRAL,kite:2026-05-08,2026-05-08T12:20:47.414Z
SAAKSHI-SM,SAAKSHI MEDTEC N PANELS L,NSE EQ,269.05,5,1.89,264.1,273.5,262.9,264.05,17400,17400,,,,,,,,,,,,50,NEUTRAL,kite:2026-05-08,2026-05-08T12:20:47.414Z
SAATVIKGL,SAATVIK GREEN ENERGY,NSE EQ,471.15,-6.85,-1.43,475,491.9,470.1,478,93575,93575,,,,,,,,,,,44.8,50,NEUTRAL,kite:2026-05-08,2026-05-08T12:20:47.414Z
SABAR-ST,SABAR FLEX INDIA,NSE EQ,4.9,0,0,0,4.9,4.9,4.9,0,0,,,,,,,,,,,,50,NEUTRAL,kite:2026-05-08,2026-05-08T12:20:47.414Z
SACHEEROME-SM,SACHEEROME,NSE EQ,350,-7.95,-2.22,350.55,361,346.1,357.95,9900,9900,,,,,,,,,,,,50,NEUTRAL,kite:2026-05-08,2026-05-08T12:20:47.414Z
SADBHAV-BE,SADBHAV ENGINEERING,NSE EQ,8.9,-0.15,-1.66,0,9,8.9,9.05,121187,121187,,,,,,,,,,,,50,NEUTRAL,kite:2026-05-08,2026-05-08T12:20:47.414Z
SADBHIN,SADBHAV INFRA PROJ,NSE EQ,2.81,-0.08,-2.77,2.88,2.9,2.78,2.89,255945,255945,,,,,,,,,,,90.28,50,NEUTRAL,kite:2026-05-08,2026-05-08T12:20:47.414Z
SADHAV-SM,SADHAV SHIPPING,NSE EQ,118,1.9,1.64,118.7,118.7,114.85,116.1,5400,5400,,,,,,,,,,,,50,NEUTRAL,kite:2026-05-08,2026-05-08T12:20:47.414Z
SADHNANIQ-BE,SADHANA NITROCHEM,NSE EQ,2.68,-0.05,-1.83,0,2.68,2.68,2.73,6178205,6178205,,,,,,,,,,,,50,NEUTRAL,kite:2026-05-08,2026-05-08T12:20:47.414Z
SAFARI,SAFARI IND (INDIA),NSE EQ,1524.4,-13.5,-0.88,1537.9,1543.8,1509,1537.9,149635,149635,,,,,,,,,,,58.97,50,NEUTRAL,kite:2026-05-08,2026-05-08T12:20:47.414Z
SAFEENTP-SM,SAFE ENTER RETAIL FIX,NSE EQ,268.95,-10.7,-3.83,284.95,284.95,265.1,279.65,74000,74000,,,,,,,,,,,,46,NEUTRAL,kite:2026-05-08,2026-05-08T12:20:47.414Z
SAGARDEEP,SAGARDEEP ALLOYS,NSE EQ,24.01,-0.43,-1.76,24.44,24.44,23.8,24.44,913,913,,,,,,,,,,,86.2,50,NEUTRAL,kite:2026-05-08,2026-05-08T12:20:47.414Z
SAGCEM,SAGAR CEMENTS,NSE EQ,189.48,-3.88,-2.01,195,199.39,187.7,193.36,221409,221409,,,,,,,,,,,33.48,50,NEUTRAL,kite:2026-05-08,2026-05-08T12:20:47.414Z
SAGILITY,SAGILITY,NSE EQ,44.19,1.38,3.22,42.81,45.14,42.61,42.81,41832444,41832444,,,,,,,,,,,42.53,54,NEUTRAL,kite:2026-05-08,2026-05-08T12:20:47.414Z
SAHAJSOLAR-SM,SAHAJ SOLAR,NSE EQ,154.75,5.45,3.65,151,158.6,149.3,149.3,14000,14000,,,,,,,,,,,,54,NEUTRAL,kite:2026-05-08,2026-05-08T12:20:47.414Z
SAHANA-SM,SAHANA SYSTEM,NSE EQ,820,5.05,0.62,807.25,851,807.25,814.95,11875,11875,,,,,,,,,,,,50,NEUTRAL,kite:2026-05-08,2026-05-08T12:20:47.414Z
SAHASRA-SM,SAHASRA ELECTRONIC SOLU L,NSE EQ,337.6,0.05,0.01,339,347.9,331.3,337.55,68800,68800,,,,,,,,,,,,50,NEUTRAL,kite:2026-05-08,2026-05-08T12:20:47.414Z
SAHLIBHFI,SHALIBHADRA FINANCE,NSE EQ,75.02,-4.79,-6,81.99,81.99,73,79.81,61256,61256,,,,,,,,,,,76.08,46,NEUTRAL,kite:2026-05-08,2026-05-08T12:20:47.414Z
SAHYADRI,SAHYADRI INDUSTRIES,NSE EQ,304.5,4.25,1.42,297.6,314.9,289.95,300.25,23243,23243,,,,,,,,,,,62.44,50,NEUTRAL,kite:2026-05-08,2026-05-08T12:20:47.414Z
SAIFL-SM,SAMEERA AGRO AND INFRA L,NSE EQ,8.2,0.1,1.23,8,8.25,7.9,8.1,1548000,1548000,,,,,,,,,,,,50,NEUTRAL,kite:2026-05-08,2026-05-08T12:20:47.414Z
SAIL,Steel Authority of India Limited,NSE EQ,184.88,-2.4,-1.28,187,187.7,184.15,187.28,9202608,9202608,190.5,106.25,,178.91,168.47,159.08,147.24,67.19,4.5,0.42,37.31,66,BUY,kite:2026-05-08,2026-05-08T12:20:47.414Z
SAILIFE,SAI LIFE SCIENCES,NSE EQ,1115.6,25.9,2.38,1085,1124,1080,1089.7,537579,537579,,,,,,,,,,,49.72,50,NEUTRAL,kite:2026-05-08,2026-05-08T12:20:47.414Z
SAIPARENT,SAI PARENTERALS,NSE EQ,489.85,-7.25,-1.46,504.85,505.1,487.8,497.1,147748,147748,,,,,,,,,,,70.1,50,NEUTRAL,kite:2026-05-08,2026-05-08T12:20:47.414Z
SAJHOTELS-SM,SAJ HOTELS,NSE EQ,39.7,-0.15,-0.38,40.95,40.95,39.7,39.85,6000,6000,,,,,,,,,,,,50,NEUTRAL,kite:2026-05-08,2026-05-08T12:20:47.414Z
SAKAR,SAKAR HEALTHCARE,NSE EQ,545.5,-9.5,-1.71,550,568.85,537.1,555,94070,94070,,,,,,,,,,,45.2,50,NEUTRAL,kite:2026-05-08,2026-05-08T12:20:47.414Z
SAKHTISUG,SAKTHI SUGARS,NSE EQ,18.68,-0.67,-3.46,19.6,19.6,18.5,19.35,151324,151324,,,,,,,,,,,66.63,46,NEUTRAL,kite:2026-05-08,2026-05-08T12:20:47.414Z
SAKSOFT,SAKSOFT,NSE EQ,148.78,1.49,1.01,146.88,153.19,145,147.29,384923,384923,,,,,,,,,,,39.49,50,NEUTRAL,kite:2026-05-08,2026-05-08T12:20:47.414Z
SAKUMA-BE,SAKUMA EXPORTS,NSE EQ,1.9,0.01,0.53,1.92,1.92,1.88,1.89,480029,480029,,,,,,,,,,,,50,NEUTRAL,kite:2026-05-08,2026-05-08T12:20:47.414Z
SALASAR,SALASAR TECHNO ENGG.,NSE EQ,7.68,-0.12,-1.54,7.8,7.8,7.63,7.8,2789903,2789903,,,,,,,,,,,35.6,50,NEUTRAL,kite:2026-05-08,2026-05-08T12:20:47.414Z
SALONA,SALONA COTSPIN,NSE EQ,294.35,0.9,0.31,291,297,280.1,293.45,2895,2895,,,,,,,,,,,66.56,50,NEUTRAL,kite:2026-05-08,2026-05-08T12:20:47.414Z
SALSTEEL-BE,S.A.L. STEEL,NSE EQ,56.35,-0.64,-1.12,56.68,57.9,54.66,56.99,82020,82020,,,,,,,,,,,,50,NEUTRAL,kite:2026-05-08,2026-05-08T12:20:47.414Z
SALZERELEC,SALZER ELECTRONICS,NSE EQ,734.4,34.1,4.87,699.95,748,695,700.3,385768,385768,,,,,,,,,,,31.04,54,NEUTRAL,kite:2026-05-08,2026-05-08T12:20:47.414Z
SAMAY-SM,SAMAY PROJECT SERVICES L,NSE EQ,39.45,0,0,39.45,39.45,39.45,39.45,4000,4000,,,,,,,,,,,,50,NEUTRAL,kite:2026-05-08,2026-05-08T12:20:47.414Z
SAMBHAAV-BE,SAMBHAAV MEDIA,NSE EQ,7.18,0.1,1.41,7.43,7.43,6.85,7.08,55221,55221,,,,,,,,,,,,50,NEUTRAL,kite:2026-05-08,2026-05-08T12:20:47.414Z
SAMBHV,SAMBHV STEEL TUBES,NSE EQ,129.57,0.57,0.44,129.81,135,126.9,129,3445624,3445624,,,,,,,,,,,43.41,50,NEUTRAL,kite:2026-05-08,2026-05-08T12:20:47.414Z
SAMHI,SAMHI HOTELS,NSE EQ,157.46,-0.9,-0.57,158.39,158.87,155.58,158.36,681107,681107,,,,,,,,,,,49.9,50,NEUTRAL,kite:2026-05-08,2026-05-08T12:20:47.414Z
SAMMAANCAP,SAMMAAN CAPITAL,NSE EQ,148.78,-3,-1.98,152.75,153,147.91,151.78,10807016,10807016,,,,,,,,,,,43.58,50,NEUTRAL,kite:2026-05-08,2026-05-08T12:20:47.414Z
SAMPANN,SAMPANN UTPADAN INDIA,NSE EQ,28,-0.18,-0.64,28.18,28.5,27.73,28.18,43994,43994,,,,,,,,,,,77.01,50,NEUTRAL,kite:2026-05-08,2026-05-08T12:20:47.414Z
SANATHAN,SANATHAN TEXTILES,NSE EQ,453.4,-4.45,-0.97,457.85,466,450,457.85,14615,14615,,,,,,,,,,,40.99,50,NEUTRAL,kite:2026-05-08,2026-05-08T12:20:47.414Z
SANCO-BZ,SANCO INDUSTRIES,NSE EQ,3.19,0.1,3.24,3.23,3.24,2.94,3.09,26080,26080,,,,,,,,,,,,54,NEUTRAL,kite:2026-05-08,2026-05-08T12:20:47.414Z
SANDESH,SANDESH,NSE EQ,1098.3,2.7,0.25,1062.1,1113,1062.1,1095.6,1311,1311,,,,,,,,,,,62.55,50,NEUTRAL,kite:2026-05-08,2026-05-08T12:20:47.414Z
SANDHAR,SANDHAR TECHNOLOGIES,NSE EQ,534.95,6.65,1.26,530,543,515,528.3,137404,137404,,,,,,,,,,,48.22,50,NEUTRAL,kite:2026-05-08,2026-05-08T12:20:47.414Z
SANDUMA,SANDUR MANG & IRON ORES L,NSE EQ,241.11,24.15,11.13,230,253.9,227.05,216.96,31359588,31359588,,,,,,,,,,,14.13,54,NEUTRAL,kite:2026-05-08,2026-05-08T12:20:47.414Z
SANGAMIND,SANGAM (INDIA),NSE EQ,523,-4.5,-0.85,530.15,535,520.1,527.5,28204,28204,,,,,,,,,,,37.26,50,NEUTRAL,kite:2026-05-08,2026-05-08T12:20:47.414Z
SANGANI-SM,SANGANI HOSPITALS,NSE EQ,54.9,0,0,0,54.9,54.9,54.9,0,0,,,,,,,,,,,,50,NEUTRAL,kite:2026-05-08,2026-05-08T12:20:47.414Z
SANGHVIMOV,SANGHVI MOVERS,NSE EQ,338.65,0.9,0.27,336.5,345.6,333.2,337.75,257214,257214,,,,,,,,,,,49.31,50,NEUTRAL,kite:2026-05-08,2026-05-08T12:20:47.414Z
SANGINITA-BE,SANGINITA CHEMICALS,NSE EQ,24.62,1.17,4.99,24.62,24.62,24.62,23.45,48021,48021,,,,,,,,,,,,54,NEUTRAL,kite:2026-05-08,2026-05-08T12:20:47.414Z
SANOFI,SANOFI INDIA,NSE EQ,3330.6,-60,-1.77,3393.5,3400.8,3323,3390.6,35014,35014,,,,,,,,,,,64.44,50,NEUTRAL,kite:2026-05-08,2026-05-08T12:20:47.414Z
SANOFICONR,SANOFI CONS HEALTHC IND L,NSE EQ,4767.7,7,0.15,4708.7,4798.9,4684.2,4760.7,4754,4754,,,,,,,,,,,55.22,50,NEUTRAL,kite:2026-05-08,2026-05-08T12:20:47.414Z
SANSERA,SANSERA ENGINEERING,NSE EQ,2519.8,-28.3,-1.11,2559.5,2587.9,2510,2548.1,146416,146416,,,,,,,,,,,57.83,50,NEUTRAL,kite:2026-05-08,2026-05-08T12:20:47.414Z
SANSTAR,SANSTAR,NSE EQ,95.46,3.01,3.26,92.4,96,91.9,92.45,375948,375948,,,,,,,,,,,51.18,54,NEUTRAL,kite:2026-05-08,2026-05-08T12:20:47.414Z
SANWARIA-BZ,SANWARIA CONSUMER,NSE EQ,0.24,0,0,0.25,0.25,0.24,0.24,2683479,2683479,,,,,,,,,,,,50,NEUTRAL,kite:2026-05-08,2026-05-08T12:20:47.414Z
SAPPHIRE,SAPPHIRE FOODS INDIA,NSE EQ,183.72,-4.27,-2.27,185.2,187.05,182.52,187.99,830544,830544,,,,,,,,,,,45.89,50,NEUTRAL,kite:2026-05-08,2026-05-08T12:20:47.414Z
SAPPL,SHREE AJIT PULP & PAPER L,NSE EQ,309.45,-3.5,-1.12,301,318.85,300.45,312.95,2067,2067,,,,,,,,,,,98.84,50,NEUTRAL,kite:2026-05-08,2026-05-08T12:20:47.414Z
SARDAEN,SARDA ENERGY & MIN,NSE EQ,589.15,-4.8,-0.81,594.05,605.85,586.4,593.95,396450,396450,,,,,,,,,,,38.49,50,NEUTRAL,kite:2026-05-08,2026-05-08T12:20:47.414Z
SAREGAMA,SAREGAMA INDIA,NSE EQ,360.4,10.55,3.02,349.85,375,346.8,349.85,927400,927400,,,,,,,,,,,31.15,54,NEUTRAL,kite:2026-05-08,2026-05-08T12:20:47.414Z
SARLAPOLY,SARLA PERF. FIBERS,NSE EQ,93.04,-1.83,-1.93,95,95.59,92.5,94.87,67663,67663,,,,,,,,,,,71.24,50,NEUTRAL,kite:2026-05-08,2026-05-08T12:20:47.414Z
SAROJA-SM,SAROJA PHARMA INDUS IND L,NSE EQ,33,0,0,0,33,33,33,0,0,,,,,,,,,,,,50,NEUTRAL,kite:2026-05-08,2026-05-08T12:20:47.414Z
SARTELE-SM,SAR TELEVENTURE,NSE EQ,152.85,-0.6,-0.39,154.8,155.3,151.4,153.45,50000,50000,,,,,,,,,,,,50,NEUTRAL,kite:2026-05-08,2026-05-08T12:20:47.414Z
SARVESHWAR-BE,SARVESHWAR FOODS,NSE EQ,3.95,0,0,3.96,3.97,3.91,3.95,709189,709189,,,,,,,,,,,,50,NEUTRAL,kite:2026-05-08,2026-05-08T12:20:47.414Z
SASKEN,SASKEN TECHNOLOGIES,NSE EQ,1362.2,19.5,1.45,1355,1384.8,1342.7,1342.7,24786,24786,,,,,,,,,,,41.47,50,NEUTRAL,kite:2026-05-08,2026-05-08T12:20:47.414Z
SATECH-ST,S A TECH SOFTWARE INDIA L,NSE EQ,48.25,-2.5,-4.93,48.3,48.3,48.25,50.75,3000,3000,,,,,,,,,,,,46,NEUTRAL,kite:2026-05-08,2026-05-08T12:20:47.414Z
SATIA,SATIA INDUSTRIES,NSE EQ,70.92,-0.38,-0.53,71.5,71.89,69.62,71.3,82035,82035,,,,,,,,,,,70.53,50,NEUTRAL,kite:2026-05-08,2026-05-08T12:20:47.414Z
SATIN,SATIN CREDIT NET,NSE EQ,212.72,8.93,4.38,200.73,215.5,200.73,203.79,1150232,1150232,,,,,,,,,,,58.84,54,NEUTRAL,kite:2026-05-08,2026-05-08T12:20:47.414Z
SATIPOLY-SM,SATI POLY PLAST,NSE EQ,41,1,2.5,41.4,41.4,41,40,1500,1500,,,,,,,,,,,,50,NEUTRAL,kite:2026-05-08,2026-05-08T12:20:47.414Z
SATKARTAR-ST,SAT KARTAR LIFE,NSE EQ,201.15,3.95,2,199,207,199,197.2,49600,49600,,,,,,,,,,,,50,NEUTRAL,kite:2026-05-08,2026-05-08T12:20:47.414Z
SATTVAENGG-SM,SATTVA ENGINEERING CSTN L,NSE EQ,71.9,1.9,2.71,68.55,72.2,68.55,70,16000,16000,,,,,,,,,,,,50,NEUTRAL,kite:2026-05-08,2026-05-08T12:20:47.414Z
SAURASHCEM,SAURASHTRA CEMENT,NSE EQ,64.16,-0.45,-0.7,64.29,65.09,63,64.61,106120,106120,,,,,,,,,,,64.58,50,NEUTRAL,kite:2026-05-08,2026-05-08T12:20:47.414Z
SAVY-SM,SAVY INFRA AND LOGI,NSE EQ,132.05,-0.05,-0.04,132,132.2,130,132.1,16800,16800,,,,,,,,,,,,50,NEUTRAL,kite:2026-05-08,2026-05-08T12:20:47.414Z
SAWALIYA-SM,SAWALIYA FOOD PRODUCTS L,NSE EQ,284.9,0.15,0.05,299.9,299.9,283,284.75,3000,3000,,,,,,,,,,,,50,NEUTRAL,kite:2026-05-08,2026-05-08T12:20:47.414Z
SAYAJIHOTL,SAYAJI HOTELS,NSE EQ,285,10.2,3.71,278,285,275,274.8,62,62,,,,,,,,,,,98.39,54,NEUTRAL,kite:2026-05-08,2026-05-08T12:20:47.414Z
SBC,SBC EXPORTS,NSE EQ,34.27,0.28,0.82,34.22,34.64,34.07,33.99,17674962,17674962,,,,,,,,,,,35.94,50,NEUTRAL,kite:2026-05-08,2026-05-08T12:20:47.414Z
SBCL,SHIVALIK BIMETAL CON.,NSE EQ,636.65,15.05,2.42,638.25,655,583.65,621.6,981565,981565,,,,,,,,,,,36.27,50,NEUTRAL,kite:2026-05-08,2026-05-08T12:20:47.414Z
SBFC,SBFC FINANCE,NSE EQ,98.77,2.01,2.08,96.76,101.19,96.19,96.76,5618479,5618479,,,,,,,,,,,53.11,50,NEUTRAL,kite:2026-05-08,2026-05-08T12:20:47.414Z
SBGLP,SURATWWALA BUS GROUP,NSE EQ,27,0.08,0.3,27.59,27.6,26.8,26.92,128390,128390,,,,,,,,,,,85.03,50,NEUTRAL,kite:2026-05-08,2026-05-08T12:20:47.414Z
SBIBPB,SBI BSE PSU BANK ETF,NSE EQ,48.43,-1.15,-2.32,49.72,49.72,47.9,49.58,813204,813204,,,,,,,,,,,70.61,50,NEUTRAL,kite:2026-05-08,2026-05-08T12:20:47.414Z
SBICARD,SBI Cards and Payment Services Limited,NSE EQ,645.4,-2.75,-0.42,649.95,650.75,643.8,648.15,1302941,1302941,1027.25,615.5,,659.78,690.33,737.24,796.48,38.79,14.07,0.89,59.47,34,SELL,kite:2026-05-08,2026-05-08T12:20:47.414Z
SBIETFCON,SBI ETF CONSUMPTION ETF,NSE EQ,119.81,0.06,0.05,120.95,120.95,118.82,119.75,4005,4005,,,,,,,,,,,82.77,50,NEUTRAL,kite:2026-05-08,2026-05-08T12:20:47.414Z
SBIETFIT,SBI ETF IT ETF,NSE EQ,324.84,3.7,1.15,324.93,325.2,321.67,321.14,8705,8705,,,,,,,,,,,72.58,50,NEUTRAL,kite:2026-05-08,2026-05-08T12:20:47.414Z
SBIETFPB,SBI ETF PRIVATE BANK ETF,NSE EQ,269.91,-2.26,-0.83,271.38,271.38,268.34,272.17,3074,3074,,,,,,,,,,,77.81,50,NEUTRAL,kite:2026-05-08,2026-05-08T12:20:47.414Z
SBIETFQLTY,SBI NIFTY 200 QUALITY 30 ETF,NSE EQ,224.18,0.88,0.39,224.38,224.96,223.27,223.3,1446,1446,,,,,,,,,,,85.34,50,NEUTRAL,kite:2026-05-08,2026-05-08T12:20:47.414Z
SBILIFE,SBI Life Insurance Company Limited,NSE EQ,1872.1,-0.1,-0.01,1874.9,1885,1865.2,1872.2,673259,673259,2132,1693.1,,1858.16,1896.64,1924.42,1896.7,50.9,36.38,0.37,65.71,50,NEUTRAL,kite:2026-05-08,2026-05-08T12:20:47.414Z
SBILIQETF,SBI NIFTY 1D RATE LIQUID ETF,NSE EQ,1038.18,0.43,0.04,1038.16,1038.18,1038.16,1037.75,220851,220851,,,,,,,,,,,99.62,50,NEUTRAL,kite:2026-05-08,2026-05-08T12:20:47.414Z
SBIMIDMOM,SBIAMC - SBIMIDMOM,NSE EQ,63.79,-0.02,-0.03,64.44,64.5,63.38,63.81,17630,17630,,,,,,,,,,,52.98,50,NEUTRAL,kite:2026-05-08,2026-05-08T12:20:47.414Z
SBIN,State Bank of India,NSE EQ,1019.3,-72.7,-6.66,1090,1095,1010.9,1092,48065909,48065909,1234.7,755.5,,1074.38,1076.56,1053.68,975.04,37.49,31.42,3.17,45.34,24,STRONG_SELL,kite:2026-05-08,2026-05-08T12:20:47.414Z
SBINEQWETF,SBI NIFTY50 EQUAL WEIGHT ETF,NSE EQ,33.05,-0.1,-0.3,33.31,33.31,32.91,33.15,16450,16450,,,,,,,,,,,69.7,50,NEUTRAL,kite:2026-05-08,2026-05-08T12:20:47.414Z
SBINMID150,SBIAMC - SBINMID150,NSE EQ,22.86,0.1,0.44,22.5,22.98,22.5,22.76,31463,31463,,,,,,,,,,,81.32,50,NEUTRAL,kite:2026-05-08,2026-05-08T12:20:47.414Z
SBISILVER,SBI SILVER ETF,NSE EQ,245.53,0.56,0.23,245.9,247.34,243.6,244.97,1594518,1594518,,,,,,,,,,,42.7,50,NEUTRAL,kite:2026-05-08,2026-05-08T12:20:47.414Z
SCANSTL,SCAN STEELS,NSE EQ,39.61,1.21,3.15,39.65,40,38.3,38.4,116024,116024,,,,,,,,,,,77.91,54,NEUTRAL,kite:2026-05-08,2026-05-08T12:20:47.414Z
SCHAEFFLER,SCHAEFFLER INDIA,NSE EQ,4247.9,0.6,0.01,4240.1,4260,4180.7,4247.3,73577,73577,,,,,,,,,,,53.87,50,NEUTRAL,kite:2026-05-08,2026-05-08T12:20:47.414Z
SCHAND,S CHAND AND COMPANY,NSE EQ,172.18,4.05,2.41,167,175,167,168.13,46491,46491,,,,,,,,,,,61.96,50,NEUTRAL,kite:2026-05-08,2026-05-08T12:20:47.414Z
SCHNEIDER-BE,SCHNEIDER ELECTRIC INFRA,NSE EQ,1344.6,1.2,0.09,1336,1359.8,1310,1343.4,168452,168452,,,,,,,,,,,,50,NEUTRAL,kite:2026-05-08,2026-05-08T12:20:47.414Z
SCI,SHIPPING CORP OF INDIA LT,NSE EQ,339.05,19.45,6.09,319.5,345,318.75,319.6,33413486,33413486,,,,,,,,,,,21.93,54,NEUTRAL,kite:2026-05-08,2026-05-08T12:20:47.414Z
SCILAL,SHIPPING CORP OF ILA,NSE EQ,52.94,0.87,1.67,53,54.5,52.26,52.07,5392955,5392955,,,,,,,,,,,25.17,50,NEUTRAL,kite:2026-05-08,2026-05-08T12:20:47.414Z
SCL0182025-NC,SCL0182025-NC,NSE EQ,935.13,0,0,0,945.13,935.13,935.13,0,0,,,,,,,,,,,,50,NEUTRAL,kite:2026-05-08,2026-05-08T12:20:47.414Z
SCL01825-N6,SCL01825-N6,NSE EQ,1012.2,0,0,0,1012.2,1012.2,1012.2,0,0,,,,,,,,,,,,50,NEUTRAL,kite:2026-05-08,2026-05-08T12:20:47.414Z
SCL190325A-N1,SCL190325A-N1,NSE EQ,1075,8,0.75,1075,1075,1075,1067,50,50,,,,,,,,,,,,50,NEUTRAL,kite:2026-05-08,2026-05-08T12:20:47.414Z
SCL19325A-N1,SCL19325A-N1,NSE EQ,1000.2,0,0,0,1027,980.1,1000.2,0,0,,,,,,,,,,,,50,NEUTRAL,kite:2026-05-08,2026-05-08T12:20:47.414Z
SCL25924A-N1,SCL25924A-N1,NSE EQ,1148,0,0,0,1148,1148,1148,0,0,,,,,,,,,,,,50,NEUTRAL,kite:2026-05-08,2026-05-08T12:20:47.414Z
SCL25924C-N1,SCL25924C-N1,NSE EQ,820,0,0,0,820,820,820,0,0,,,,,,,,,,,,50,NEUTRAL,kite:2026-05-08,2026-05-08T12:20:47.414Z
SCL25924D-N1,SCL25924D-N1,NSE EQ,1140.22,0,0,0,1140.22,1140.22,1140.22,0,0,,,,,,,,,,,,50,NEUTRAL,kite:2026-05-08,2026-05-08T12:20:47.414Z
SCL271224-N1,SCL271224-N1,NSE EQ,1020,0,0,0,1020,1020,1020,0,0,,,,,,,,,,,,50,NEUTRAL,kite:2026-05-08,2026-05-08T12:20:47.414Z
SCL271224A-N1,SCL271224A-N1,NSE EQ,1125,0,0,0,1125,1125,1125,0,0,,,,,,,,,,,,50,NEUTRAL,kite:2026-05-08,2026-05-08T12:20:47.414Z
SCL271224B-N1,SCL271224B-N1,NSE EQ,1100,0,0,0,1100,1100,1100,0,0,,,,,,,,,,,,50,NEUTRAL,kite:2026-05-08,2026-05-08T12:20:47.414Z
SCL310524-ZF,SCL310524-ZF,NSE EQ,1192,0,0,0,1192,1192,1192,0,0,,,,,,,,,,,,50,NEUTRAL,kite:2026-05-08,2026-05-08T12:20:47.414Z
SCL310524A-ZK,SCL310524A-ZK,NSE EQ,1192,0,0,0,1192,1192,1192,0,0,,,,,,,,,,,,50,NEUTRAL,kite:2026-05-08,2026-05-08T12:20:47.414Z
SCLZC26-NB,SCLZC26-NB,NSE EQ,2220,3.8,0.17,2270,2270,2220,2216.2,34,34,,,,,,,,,,,,50,NEUTRAL,kite:2026-05-08,2026-05-08T12:20:47.414Z
SCLZC26A-NF,SCLZC26A-NF,NSE EQ,2261,0,0,0,2261,2261,2261,0,0,,,,,,,,,,,,50,NEUTRAL,kite:2026-05-08,2026-05-08T12:20:47.414Z
SCLZC26B-AY,SCLZC26B-AY,NSE EQ,1290,0,0,0,1290,1282,1290,0,0,,,,,,,,,,,,50,NEUTRAL,kite:2026-05-08,2026-05-08T12:20:47.414Z
SCLZC26C-NB,SCLZC26C-NB,NSE EQ,1284,0,0,0,1284,1269,1284,0,0,,,,,,,,,,,,50,NEUTRAL,kite:2026-05-08,2026-05-08T12:20:47.414Z
SCLZC26E-NP,SCLZC26E-NP,NSE EQ,1236.5,0,0,0,1236.5,1236.5,1236.5,0,0,,,,,,,,,,,,50,NEUTRAL,kite:2026-05-08,2026-05-08T12:20:47.414Z
SCLZC26G-YA,SCLZC26G-YA,NSE EQ,1181.2,0,0,0,1181.2,1181.2,1181.2,0,0,,,,,,,,,,,,50,NEUTRAL,kite:2026-05-08,2026-05-08T12:20:47.414Z
SCML-SM,SHARP CHUCKS N MACHINES L,NSE EQ,135.3,-3.65,-2.63,138.95,138.95,135,138.95,8000,8000,,,,,,,,,,,,50,NEUTRAL,kite:2026-05-08,2026-05-08T12:20:47.414Z
SCODATUBES,SCODA TUBES,NSE EQ,155.21,6.98,4.71,148.5,161.97,146.76,148.23,2233643,2233643,,,,,,,,,,,49.8,54,NEUTRAL,kite:2026-05-08,2026-05-08T12:20:47.414Z
SCPL-BE,SHEETAL COOL PRODUCTS,NSE EQ,459.15,-5.45,-1.17,465.3,475,445,464.6,17283,17283,,,,,,,,,,,,50,NEUTRAL,kite:2026-05-08,2026-05-08T12:20:47.414Z
SDBL,SOM DIST & BREW,NSE EQ,96.24,0.98,1.03,95.65,98.45,95.26,95.26,1240227,1240227,,,,,,,,,,,46.15,50,NEUTRAL,kite:2026-05-08,2026-05-08T12:20:47.414Z
SDREAMS-SM,S D RETAIL,NSE EQ,101.8,0,0,0,101.8,100,101.8,0,0,,,,,,,,,,,,50,NEUTRAL,kite:2026-05-08,2026-05-08T12:20:47.414Z
SEAMECLTD,SEAMEC,NSE EQ,1501.3,-56.9,-3.65,1559.7,1576.5,1473,1558.2,66578,66578,,,,,,,,,,,52.31,46,NEUTRAL,kite:2026-05-08,2026-05-08T12:20:47.414Z
SECMARK-BE,SECMARK CONSULTANCY,NSE EQ,134.74,-3.26,-2.36,132.6,137.31,132.5,138,4742,4742,,,,,,,,,,,,50,NEUTRAL,kite:2026-05-08,2026-05-08T12:20:47.414Z
SECURKLOUD-BE,SECUREKLOUD TECH,NSE EQ,22.93,-0.05,-0.22,23.59,23.59,22.37,22.98,17815,17815,,,,,,,,,,,,50,NEUTRAL,kite:2026-05-08,2026-05-08T12:20:47.414Z
SEDEMAC,SEDEMAC MECHATRONICS,NSE EQ,2026.1,90.9,4.7,1968,2046,1950,1935.2,248801,248801,,,,,,,,,,,50.87,54,NEUTRAL,kite:2026-05-08,2026-05-08T12:20:47.414Z
SEIL,SHANTI EDU INITIATIVES L,NSE EQ,211.01,6.31,3.08,207.77,213.29,206.07,204.7,699640,699640,,,,,,,,,,,70.67,54,NEUTRAL,kite:2026-05-08,2026-05-08T12:20:47.414Z
SEITINVIT-IV,SUSTAINABLE ENERGY INFRA,NSE EQ,119,0,0,0,119,119,119,0,0,,,,,,,,,,,,50,NEUTRAL,kite:2026-05-08,2026-05-08T12:20:47.414Z
SEJALLTD-BE,SEJAL GLASS,NSE EQ,819.65,18,2.25,801.65,830,791,801.65,16131,16131,,,,,,,,,,,,50,NEUTRAL,kite:2026-05-08,2026-05-08T12:20:47.414Z
SEL-ST,SUNGARNER ENERGIES,NSE EQ,206.15,9.8,4.99,206.15,206.15,206,196.35,1200,1200,,,,,,,,,,,,54,NEUTRAL,kite:2026-05-08,2026-05-08T12:20:47.414Z
SELECTIPO,MIRAE ASSET BSE SELECT IPO ETF,NSE EQ,44.46,0.17,0.38,44.51,44.52,44.32,44.29,20767,20767,,,,,,,,,,,86.61,50,NEUTRAL,kite:2026-05-08,2026-05-08T12:20:47.414Z
SELLOWRAP-SM,SELLOWRAP INDUSTRIES,NSE EQ,71,-2,-2.74,72.9,73,71,73,4800,4800,,,,,,,,,,,,50,NEUTRAL,kite:2026-05-08,2026-05-08T12:20:47.414Z
SELMC,SEL MANUFACTURING CO,NSE EQ,30.58,-0.76,-2.43,31,31.44,30.51,31.34,6086,6086,,,,,,,,,,,60.58,50,NEUTRAL,kite:2026-05-08,2026-05-08T12:20:47.414Z
SEMAC,SEMAC CONSTRUCTION,NSE EQ,308.3,28,9.99,280.3,308.3,280.3,280.3,1710,1710,,,,,,,,,,,71.4,54,NEUTRAL,kite:2026-05-08,2026-05-08T12:20:47.414Z
SENCO,SENCO GOLD,NSE EQ,365.4,21.7,6.31,343.7,369,342.4,343.7,2921471,2921471,,,,,,,,,,,36.5,54,NEUTRAL,kite:2026-05-08,2026-05-08T12:20:47.414Z
SENORES,SENORES PHARMACEUTICALS L,NSE EQ,965.55,33.75,3.62,939,976,929.9,931.8,363666,363666,,,,,,,,,,,45.74,54,NEUTRAL,kite:2026-05-08,2026-05-08T12:20:47.414Z
SENSEXADD,DSP BSE SENSEX ETF,NSE EQ,79.27,-1.49,-1.84,81.78,81.78,79,80.76,7538,7538,,,,,,,,,,,94.63,50,NEUTRAL,kite:2026-05-08,2026-05-08T12:20:47.414Z
SENSEXBETA,UTI BSE SENSEX ETF,NSE EQ,857.7,0.15,0.02,857,863.9,851,857.55,1092,1092,,,,,,,,,,,83.61,50,NEUTRAL,kite:2026-05-08,2026-05-08T12:20:47.414Z
SENSEXETF,MIRAE ASSET S&P BSE SENSEX ETF,NSE EQ,79.35,-0.45,-0.56,79.42,79.61,79.1,79.8,18209,18209,,,,,,,,,,,82.65,50,NEUTRAL,kite:2026-05-08,2026-05-08T12:20:47.414Z
SEPC,SEPC,NSE EQ,8.05,-0.1,-1.23,8.09,8.17,8.03,8.15,6602454,6602454,,,,,,,,,,,58.51,50,NEUTRAL,kite:2026-05-08,2026-05-08T12:20:47.414Z
SERVICE-ST,SERVICE CARE,NSE EQ,53.35,0.35,0.66,53.25,53.5,53.25,53,12000,12000,,,,,,,,,,,,50,NEUTRAL,kite:2026-05-08,2026-05-08T12:20:47.414Z
SERVOTECH,SERVOTECH REN POW SYS,NSE EQ,95.05,-0.86,-0.9,96.4,97.42,94,95.91,795938,795938,,,,,,,,,,,43.55,50,NEUTRAL,kite:2026-05-08,2026-05-08T12:20:47.414Z
SESHAPAPER,SESHASAYEE PAPER & BOARDS,NSE EQ,265.05,-7.55,-2.77,273.7,274.65,264.15,272.6,18940,18940,,,,,,,,,,,74.1,50,NEUTRAL,kite:2026-05-08,2026-05-08T12:20:47.414Z
SETCO-BE,SETCO AUTOMOTIVE,NSE EQ,26.37,-0.53,-1.97,0,26.37,26.37,26.9,156710,156710,,,,,,,,,,,,50,NEUTRAL,kite:2026-05-08,2026-05-08T12:20:47.414Z
SETF10GILT,SBI NIFTY 10 YR BENCHMARK G-SEC ETF,NSE EQ,259.17,-0.42,-0.16,259.89,259.99,258.56,259.59,33547,33547,,,,,,,,,,,91.04,50,NEUTRAL,kite:2026-05-08,2026-05-08T12:20:47.414Z
SETFGOLD,SBI GOLD ETF,NSE EQ,128.19,-0.1,-0.08,129.82,129.82,127.9,128.29,2999173,2999173,,,,,,,,,,,65.38,50,NEUTRAL,kite:2026-05-08,2026-05-08T12:20:47.414Z
SETFNIF50,SBI NIFTY 50 ETF,NSE EQ,258.72,-1.27,-0.49,259.69,259.7,258.05,259.99,572245,572245,,,,,,,,,,,64.49,50,NEUTRAL,kite:2026-05-08,2026-05-08T12:20:47.414Z
SETFNIFBK,SBI NIFTY BANK ETF,NSE EQ,566.23,-6.42,-1.12,571,571,564,572.65,277660,277660,,,,,,,,,,,79.23,50,NEUTRAL,kite:2026-05-08,2026-05-08T12:20:47.414Z
SETFNN50,SBI NIFTY NEXT 50 ETF,NSE EQ,765.35,-3.77,-0.49,771.49,771.5,762.68,769.12,27604,27604,,,,,,,,,,,73.39,50,NEUTRAL,kite:2026-05-08,2026-05-08T12:20:47.414Z
SETL,STANDARD ENGNG TCNLGY,NSE EQ,139.75,-3.28,-2.29,143.03,145,139.05,143.03,118304,118304,,,,,,,,,,,62.2,50,NEUTRAL,kite:2026-05-08,2026-05-08T12:20:47.414Z
SEYAIND-BE,SEYA INDUSTRIES,NSE EQ,15.31,0.3,2,15.31,15.31,15.31,15.01,5152,5152,,,,,,,,,,,,50,NEUTRAL,kite:2026-05-08,2026-05-08T12:20:47.414Z
SFL,SHEELA FOAM,NSE EQ,580.85,7.55,1.32,579,594,570.6,573.3,197385,197385,,,,,,,,,,,52.33,50,NEUTRAL,kite:2026-05-08,2026-05-08T12:20:47.414Z
SFLZC26A-ZC,SFLZC26A-ZC,NSE EQ,1862.99,6.99,0.38,1864.99,1864.99,1720,1856,579,579,,,,,,,,,,,,50,NEUTRAL,kite:2026-05-08,2026-05-08T12:20:47.414Z
SFML-SM,SUPREME FACILITY MGMT,NSE EQ,23.75,-0.85,-3.46,23,25.45,23,24.6,12800,12800,,,,,,,,,,,,46,NEUTRAL,kite:2026-05-08,2026-05-08T12:20:47.414Z
SGFIN,SG FINSERVE,NSE EQ,598.65,-6.5,-1.07,602,611.95,593,605.15,344132,344132,,,,,,,,,,,47.33,50,NEUTRAL,kite:2026-05-08,2026-05-08T12:20:47.414Z
SGIL,SYNERGY GREEN IND.,NSE EQ,582.05,20.3,3.61,562,585,560,561.75,17125,17125,,,,,,,,,,,63.25,54,NEUTRAL,kite:2026-05-08,2026-05-08T12:20:47.414Z
SGL,STL GLOBAL,NSE EQ,12.03,0.27,2.3,12.2,12.2,11.76,11.76,2042,2042,,,,,,,,,,,75.02,50,NEUTRAL,kite:2026-05-08,2026-05-08T12:20:47.414Z
SGMART,SG MART,NSE EQ,599.5,45.7,8.25,556,618,556,553.8,1654781,1654781,,,,,,,,,,,54.09,54,NEUTRAL,kite:2026-05-08,2026-05-08T12:20:47.414Z
SHADOWFAX,SHADOWFAX TECHNOLOGIES L,NSE EQ,169.48,-0.54,-0.32,170.02,177.01,167.01,170.02,1289599,1289599,,,,,,,,,,,38.32,50,NEUTRAL,kite:2026-05-08,2026-05-08T12:20:47.414Z
SHAH,SHAH METACORP,NSE EQ,5.78,0.04,0.7,5.75,5.8,5.67,5.74,2061647,2061647,,,,,,,,,,,70.88,50,NEUTRAL,kite:2026-05-08,2026-05-08T12:20:47.414Z
SHAHALLOYS,SHAH ALLOYS,NSE EQ,73.75,1.47,2.03,71,73.75,70,72.28,2797,2797,,,,,,,,,,,65.89,50,NEUTRAL,kite:2026-05-08,2026-05-08T12:20:47.414Z
SHAILY,SHAILY ENG PLASTICS,NSE EQ,2679.2,5.4,0.2,2665,2720,2621.3,2673.8,208686,208686,,,,,,,,,,,32.47,50,NEUTRAL,kite:2026-05-08,2026-05-08T12:20:47.414Z
SHAIVAL-ST,SHAIVAL REALITY,NSE EQ,33,0,0,0,33,33,33,0,0,,,,,,,,,,,,50,NEUTRAL,kite:2026-05-08,2026-05-08T12:20:47.414Z
SHAKTIPUMP,SHAKTI PUMPS (I),NSE EQ,550.05,-45.35,-7.62,560,561.35,545.9,595.4,4053393,4053393,,,,,,,,,,,38.76,46,NEUTRAL,kite:2026-05-08,2026-05-08T12:20:47.414Z
SHALBY,SHALBY,NSE EQ,168.6,1.41,0.84,166,172,166,167.19,89429,89429,,,,,,,,,,,48.35,50,NEUTRAL,kite:2026-05-08,2026-05-08T12:20:47.414Z
SHALPAINTS,SHALIM PAINTS,NSE EQ,55.13,-1.06,-1.89,56.7,56.89,55,56.19,55743,55743,,,,,,,,,,,54.62,50,NEUTRAL,kite:2026-05-08,2026-05-08T12:20:47.414Z
SHANKARA-BE,SHANKARA BLDG PRODUCT,NSE EQ,110.97,-2.14,-1.89,113.95,114.4,109.1,113.11,44282,44282,,,,,,,,,,,,50,NEUTRAL,kite:2026-05-08,2026-05-08T12:20:47.414Z
SHANTHALA-SM,SHANTHALA FMCG PRODUCTS L,NSE EQ,26,-0.05,-0.19,26,26,26,26.05,1200,1200,,,,,,,,,,,,50,NEUTRAL,kite:2026-05-08,2026-05-08T12:20:47.414Z
SHANTI,SHANTI OVERSEAS INDIA,NSE EQ,7.04,-0.08,-1.12,7.27,7.27,6.85,7.12,28548,28548,,,,,,,,,,,64.9,50,NEUTRAL,kite:2026-05-08,2026-05-08T12:20:47.414Z
SHANTIGEAR,SHANTHI GEARS,NSE EQ,462.7,1.7,0.37,459.15,465.95,457.05,461,8721,8721,,,,,,,,,,,53.33,50,NEUTRAL,kite:2026-05-08,2026-05-08T12:20:47.414Z
SHANTIGOLD,SHANTI GOLD INTERNATION L,NSE EQ,227.22,-2.4,-1.05,229.99,235.62,226.01,229.62,615401,615401,,,,,,,,,,,49.21,50,NEUTRAL,kite:2026-05-08,2026-05-08T12:20:47.414Z
SHARDACROP,SHARDA CROPCHEM,NSE EQ,1122.4,-9.8,-0.87,1132.2,1139.8,1111.2,1132.2,161195,161195,,,,,,,,,,,48.75,50,NEUTRAL,kite:2026-05-08,2026-05-08T12:20:47.414Z
SHARDAMOTR,SHARDA MOTOR INDS,NSE EQ,909.55,1.75,0.19,907.8,923.95,905,907.8,60053,60053,,,,,,,,,,,44.43,50,NEUTRAL,kite:2026-05-08,2026-05-08T12:20:47.414Z
SHARDUL,SHARDUL SECURITIES,NSE EQ,31.18,0.38,1.23,29.4,32.75,25,30.8,9260,9260,,,,,,,,,,,60.31,50,NEUTRAL,kite:2026-05-08,2026-05-08T12:20:47.414Z
SHAREINDIA,SHARE IND. SECURITIES,NSE EQ,147.5,-0.93,-0.63,146,149.75,146,148.43,397496,397496,,,,,,,,,,,45.7,50,NEUTRAL,kite:2026-05-08,2026-05-08T12:20:47.414Z
SHARIABEES,NIPPON INDIA ETF NIFTY 50 SHARIAH BEES,NSE EQ,468.47,0.96,0.21,467.51,469.85,465.12,467.51,4130,4130,,,,,,,,,,,69.73,50,NEUTRAL,kite:2026-05-08,2026-05-08T12:20:47.414Z
SHBAJRG,SHRI BAJRANG ALLIANCE L,NSE EQ,177,8.96,5.33,168.04,177,165,168.04,1343,1343,,,,,,,,,,,100,54,NEUTRAL,kite:2026-05-08,2026-05-08T12:20:47.414Z
SHEEL-SM,SHEEL BIOTECH,NSE EQ,44.5,-1.25,-2.73,44.5,44.5,44.5,45.75,2000,2000,,,,,,,,,,,,50,NEUTRAL,kite:2026-05-08,2026-05-08T12:20:47.414Z
SHEETAL-SM,SHEETAL UNIVERSAL,NSE EQ,268.9,8.3,3.18,261.1,270,261.1,260.6,5500,5500,,,,,,,,,,,,54,NEUTRAL,kite:2026-05-08,2026-05-08T12:20:47.414Z
SHEKHAWATI-BE,SHEKHAWATI INDUSTRIES,NSE EQ,14.61,-0.69,-4.51,14.54,15.3,14.54,15.3,29318,29318,,,,,,,,,,,,46,NEUTRAL,kite:2026-05-08,2026-05-08T12:20:47.414Z
SHEMAROO,SHEMAROO ENTER.,NSE EQ,103.4,0.98,0.96,103,104.7,101.31,102.42,5666,5666,,,,,,,,,,,67.72,50,NEUTRAL,kite:2026-05-08,2026-05-08T12:20:47.414Z
SHERA-SM,SHERA ENERGY,NSE EQ,156.2,-4.3,-2.68,159.7,161.95,155,160.5,29000,29000,,,,,,,,,,,,50,NEUTRAL,kite:2026-05-08,2026-05-08T12:20:47.414Z
SHETHJI-SM,SHREEJI GLOBAL FMCG,NSE EQ,124.55,-0.75,-0.6,125.5,125.85,124.5,125.3,71000,71000,,,,,,,,,,,,50,NEUTRAL,kite:2026-05-08,2026-05-08T12:20:47.414Z
SHIGAN-ST,SHIGAN QUANTUM TECH,NSE EQ,72.1,-0.45,-0.62,72,72.1,72,72.55,3000,3000,,,,,,,,,,,,50,NEUTRAL,kite:2026-05-08,2026-05-08T12:20:47.414Z
SHILCTECH,SHILCHAR TECHNOLOGIES,NSE EQ,4315,-74.5,-1.7,4389.5,4460,4255,4389.5,61654,61654,,,,,,,,,,,39.9,50,NEUTRAL,kite:2026-05-08,2026-05-08T12:20:47.414Z
SHILPAMED,SHILPA MEDICARE,NSE EQ,437,-4.7,-1.06,438,447.7,432.05,441.7,692480,692480,,,,,,,,,,,49.89,50,NEUTRAL,kite:2026-05-08,2026-05-08T12:20:47.414Z
SHINDL,SHARAT INDUSTRIES,NSE EQ,153.49,0.56,0.37,156,157.19,151.01,152.93,146282,146282,,,,,,,,,,,8.52,50,NEUTRAL,kite:2026-05-08,2026-05-08T12:20:47.414Z
SHIVALIK,SHIVALIK RASAYAN,NSE EQ,283.6,6.9,2.49,280.05,292,276.45,276.7,93011,93011,,,,,,,,,,,51.37,50,NEUTRAL,kite:2026-05-08,2026-05-08T12:20:47.414Z
SHIVAMAUTO-BE,SHIVAM AUTO.LTD,NSE EQ,19.58,-0.61,-3.02,20.17,20.2,19.3,20.19,45204,45204,,,,,,,,,,,,46,NEUTRAL,kite:2026-05-08,2026-05-08T12:20:47.414Z
SHIVAMILLS,SHIVA MILLS,NSE EQ,68,5.36,8.56,64.85,68.9,61,62.64,42816,42816,,,,,,,,,,,63.17,54,NEUTRAL,kite:2026-05-08,2026-05-08T12:20:47.414Z
SHIVASHRIT-SM,SHIVASHRIT FOODS,NSE EQ,129.1,0.2,0.16,132,135,127.55,128.9,74000,74000,,,,,,,,,,,,50,NEUTRAL,kite:2026-05-08,2026-05-08T12:20:47.414Z
SHIVATEX,SHIVA TEXYARN,NSE EQ,175.69,0.59,0.34,179,179,172.2,175.1,842,842,,,,,,,,,,,45.25,50,NEUTRAL,kite:2026-05-08,2026-05-08T12:20:47.414Z
SHIVAUM-BE,SHIV AUM STEELS,NSE EQ,351,0,0,0,351,333.9,351,0,0,,,,,,,,,,,,50,NEUTRAL,kite:2026-05-08,2026-05-08T12:20:47.414Z
SHK,S H KELKAR AND CO.,NSE EQ,152.83,-2.8,-1.8,155,156.53,151.9,155.63,263086,263086,,,,,,,,,,,54.62,50,NEUTRAL,kite:2026-05-08,2026-05-08T12:20:47.414Z
SHKSIL-SM,SHRI HARE-KRI SPO IRON L,NSE EQ,45,-1,-2.17,45,45,45,46,4000,4000,,,,,,,,,,,,50,NEUTRAL,kite:2026-05-08,2026-05-08T12:20:47.414Z
SHOPERSTOP,SHOPPERS STOP,NSE EQ,357.2,-1.3,-0.36,352,364.65,351.5,358.5,125366,125366,,,,,,,,,,,25.27,50,NEUTRAL,kite:2026-05-08,2026-05-08T12:20:47.414Z
SHRADHA,SHRADHA REALTY,NSE EQ,36.8,-1.54,-4.02,38.1,38.93,36.33,38.34,8007,8007,,,,,,,,,,,73.29,46,NEUTRAL,kite:2026-05-08,2026-05-08T12:20:47.414Z
SHREDIGCEM,SHREE DIGVIJAY CEM CO,NSE EQ,78.15,-0.63,-0.8,78.6,80,77.66,78.78,121460,121460,,,,,,,,,,,67.28,50,NEUTRAL,kite:2026-05-08,2026-05-08T12:20:47.414Z
SHREECEM,Shree Cement Limited,NSE EQ,25435,-160,-0.63,25590,25590,25165,25595,30524,30524,32490,22550,,24853.2,24942.96,25635.36,27138.95,57.75,610.68,0.91,51.68,54,NEUTRAL,kite:2026-05-08,2026-05-08T12:20:47.414Z
SHREEJISPG,SHREEJI SHIPPING GLOBAL L,NSE EQ,417.05,-3.05,-0.73,419.5,428.25,414.15,420.1,660451,660451,,,,,,,,,,,24.76,50,NEUTRAL,kite:2026-05-08,2026-05-08T12:20:47.414Z
SHREEKARNI-SM,SHREE KARNI FABCOM,NSE EQ,442,-10.05,-2.22,443.5,444,442,452.05,1050,1050,,,,,,,,,,,,50,NEUTRAL,kite:2026-05-08,2026-05-08T12:20:47.414Z
SHREEOSFM-SM,SHREE OSFM E-MOBILITY,NSE EQ,69.6,0.6,0.87,69,71.9,69,69,17000,17000,,,,,,,,,,,,50,NEUTRAL,kite:2026-05-08,2026-05-08T12:20:47.414Z
SHREEPUSHK,SHRE PUSH CHEM & FERT,NSE EQ,411.8,23.75,6.12,389.6,423,387.95,388.05,358723,358723,,,,,,,,,,,28.86,54,NEUTRAL,kite:2026-05-08,2026-05-08T12:20:47.414Z
SHREERAMA,SHREE RAMA MULTI TECH,NSE EQ,50.28,0.87,1.76,49.65,52.1,49.5,49.41,160295,160295,,,,,,,,,,,53.32,50,NEUTRAL,kite:2026-05-08,2026-05-08T12:20:47.414Z
SHREMINVIT-IV,SHREM INVIT,NSE EQ,100,-1,-0.99,101.05,101.05,100,101,125000,125000,,,,,,,,,,,,50,NEUTRAL,kite:2026-05-08,2026-05-08T12:20:47.414Z
SHRENIK-BZ,SHRENIK,NSE EQ,0.4,-0.01,-2.44,0.41,0.41,0.4,0.41,105102,105102,,,,,,,,,,,,50,NEUTRAL,kite:2026-05-08,2026-05-08T12:20:47.414Z
SHREYANIND,SHREYANS INDUSTRIES,NSE EQ,170.79,2.04,1.21,170.58,171.95,166.12,168.75,2423,2423,,,,,,,,,,,69.46,50,NEUTRAL,kite:2026-05-08,2026-05-08T12:20:47.414Z
SHRIAHIMSA-SM,SHRI AHIMSA NATURALS,NSE EQ,261.7,-1.3,-0.49,265,275,260,263,148800,148800,,,,,,,,,,,,50,NEUTRAL,kite:2026-05-08,2026-05-08T12:20:47.414Z
SHRIKANHA-ST,SHRI KANHA STAINLESS,NSE EQ,25.85,-1.25,-4.61,26,26,25.75,27.1,6400,6400,,,,,,,,,,,,46,NEUTRAL,kite:2026-05-08,2026-05-08T12:20:47.414Z
SHRIKRISH,SHRI KRISHNA DEVCON,NSE EQ,45.45,-0.84,-1.81,46.65,47.88,42.06,46.29,3035,3035,,,,,,,,,,,72.75,50,NEUTRAL,kite:2026-05-08,2026-05-08T12:20:47.414Z
SHRINGARMS,SHRINGAR HOU OF MANGALS L,NSE EQ,225.5,8.58,3.96,217.7,227,217.08,216.92,2028638,2028638,,,,,,,,,,,32.51,54,NEUTRAL,kite:2026-05-08,2026-05-08T12:20:47.414Z
SHRIPISTON,SHRIRAM PIST. & RING,NSE EQ,3604.4,-1,-0.03,3600,3626.9,3556.7,3605.4,35967,35967,,,,,,,,,,,43.44,50,NEUTRAL,kite:2026-05-08,2026-05-08T12:20:47.414Z
SHRIRAMFIN,SHRIRAM FINANCE,NSE EQ,1007.75,-7.9,-0.78,1013,1013.35,1001.25,1015.65,5755029,5755029,,,,,,,,,,,71.84,50,NEUTRAL,kite:2026-05-08,2026-05-08T12:20:47.414Z
SHRIRAMPPS,SHRIRAM PROPERTIES,NSE EQ,96.89,5.37,5.87,91.45,98.89,91.1,91.52,4390641,4390641,,,,,,,,,,,49.24,54,NEUTRAL,kite:2026-05-08,2026-05-08T12:20:47.414Z
SHRITECH-SM,SHRI TECHTEX,NSE EQ,66.2,0,0,0,68.95,61.05,66.2,0,0,,,,,,,,,,,,50,NEUTRAL,kite:2026-05-08,2026-05-08T12:20:47.414Z
SHUBHLAXMI-SM,SHUBHLAXMI JEWEL ART,NSE EQ,23.8,0.65,2.81,24,24,23.1,23.15,4000,4000,,,,,,,,,,,,50,NEUTRAL,kite:2026-05-08,2026-05-08T12:20:47.414Z
SHUBHSHREE-SM,SHUBHSHREE BIOFUELS ENE L,NSE EQ,330,0,0,330.1,330.1,325,330,2100,2100,,,,,,,,,,,,50,NEUTRAL,kite:2026-05-08,2026-05-08T12:20:47.414Z
SHYAMCENT,SHYAM CENTURY FERROUS,NSE EQ,5.77,-0.17,-2.86,5.8,5.98,5.75,5.94,137737,137737,,,,,,,,,,,84.68,50,NEUTRAL,kite:2026-05-08,2026-05-08T12:20:47.414Z
SHYAMDHANI-SM,SHYAM DHANI INDUSTRIES L,NSE EQ,70,-0.05,-0.07,70,70,70,70.05,6000,6000,,,,,,,,,,,,50,NEUTRAL,kite:2026-05-08,2026-05-08T12:20:47.414Z
SHYAMMETL,SHYAM METALICS AND ENGY L,NSE EQ,903.5,19.45,2.2,883,926.9,879.9,884.05,1446963,1446963,,,,,,,,,,,42.77,50,NEUTRAL,kite:2026-05-08,2026-05-08T12:20:47.414Z
SHYAMTEL-BE,SHYAM TELECOM,NSE EQ,24.07,-0.48,-1.96,0,24.07,24.06,24.55,1559,1559,,,,,,,,,,,,50,NEUTRAL,kite:2026-05-08,2026-05-08T12:20:47.414Z
SICAGEN,SICAGEN INDIA,NSE EQ,54.74,-2.6,-4.53,57.34,59.5,53.31,57.34,47920,47920,,,,,,,,,,,64.91,46,NEUTRAL,kite:2026-05-08,2026-05-08T12:20:47.414Z
SICALLOG-BE,SICAL LOGISTICS,NSE EQ,66.68,0.21,0.32,66.5,67.92,66,66.47,9943,9943,,,,,,,,,,,,50,NEUTRAL,kite:2026-05-08,2026-05-08T12:20:47.414Z
SIDDHICOTS-ST,SIDDHI COTSPIN,NSE EQ,30.15,-0.85,-2.74,30.5,31,30.15,31,7200,7200,,,,,,,,,,,,50,NEUTRAL,kite:2026-05-08,2026-05-08T12:20:47.414Z
SIDDHIKA-SM,SIDDHIKA COATINGS,NSE EQ,231.9,-0.1,-0.04,230,231.9,230,232,1000,1000,,,,,,,,,,,,50,NEUTRAL,kite:2026-05-08,2026-05-08T12:20:47.414Z
SIEMENS,Siemens Limited,NSE EQ,3822.6,-48.9,-1.26,3871.6,3906.9,3786,3871.5,366353,366353,3930,2788.3,,3704.85,3485.6,3345,3263.63,65.3,101.18,0.65,40.89,66,BUY,kite:2026-05-08,2026-05-08T12:20:47.414Z
SIGACHI-BE,SIGACHI INDUSTRIES,NSE EQ,21.94,1.04,4.98,20.82,21.94,20.75,20.9,1188466,1188466,,,,,,,,,,,,54,NEUTRAL,kite:2026-05-08,2026-05-08T12:20:47.414Z
SIGIND,SIGNET INDUSTRIES,NSE EQ,51.8,-0.19,-0.37,53.7,53.7,50.93,51.99,10806,10806,,,,,,,,,,,58.97,50,NEUTRAL,kite:2026-05-08,2026-05-08T12:20:47.414Z
SIGMA,SIGMA SOLVE,NSE EQ,46.41,-0.15,-0.32,46.5,46.98,45.72,46.56,45745,45745,,,,,,,,,,,68.1,50,NEUTRAL,kite:2026-05-08,2026-05-08T12:20:47.414Z
SIGMAADV-BE,SIGMA ADVANCED SYSTEM,NSE EQ,322.85,15.35,4.99,310.1,322.85,308,307.5,395403,395403,,,,,,,,,,,,54,NEUTRAL,kite:2026-05-08,2026-05-08T12:20:47.414Z
SIGNATURE,SIGNATUREGLOBAL INDIA,NSE EQ,905.25,1.5,0.17,903,910,894,903.75,217244,217244,,,,,,,,,,,16.54,50,NEUTRAL,kite:2026-05-08,2026-05-08T12:20:47.414Z
SIGNORIA-SM,SIGNORIA CREATION,NSE EQ,64.3,0,0,0,64.3,64.3,64.3,0,0,,,,,,,,,,,,50,NEUTRAL,kite:2026-05-08,2026-05-08T12:20:47.414Z
SIGNPOST,SIGNPOST INDIA,NSE EQ,296.25,-2.1,-0.7,298.35,298.5,291,298.35,28120,28120,,,,,,,,,,,49.45,50,NEUTRAL,kite:2026-05-08,2026-05-08T12:20:47.414Z
SIKA,SIKA INTERPLANT SYSTEMS L,NSE EQ,1159.7,64.9,5.93,1107.5,1199.8,1075,1094.8,76567,76567,,,,,,,,,,,39.65,54,NEUTRAL,kite:2026-05-08,2026-05-08T12:20:47.414Z
SIKKO,SIKKO INDUSTRIES,NSE EQ,4.7,-0.05,-1.05,4.82,4.85,4.67,4.75,410587,410587,,,,,,,,,,,68.26,50,NEUTRAL,kite:2026-05-08,2026-05-08T12:20:47.414Z
SIL,STANDARD INDUSTRIES,NSE EQ,16.28,0.29,1.81,16.25,16.49,15.36,15.99,23551,23551,,,,,,,,,,,70.09,50,NEUTRAL,kite:2026-05-08,2026-05-08T12:20:47.414Z
SILGO,SILGO RETAIL,NSE EQ,79.18,-0.48,-0.6,80.37,83.51,77,79.66,936691,936691,,,,,,,,,,,46.86,50,NEUTRAL,kite:2026-05-08,2026-05-08T12:20:47.414Z
SILINV,SIL INVESTMENTS,NSE EQ,467.15,-1.85,-0.39,464.75,480.85,462.15,469,2386,2386,,,,,,,,,,,62.07,50,NEUTRAL,kite:2026-05-08,2026-05-08T12:20:47.414Z
SILKFLEX-ST,SILKFLEX POLYMERS INDIA L,NSE EQ,200.25,-3.75,-1.84,202,202,193.8,204,28000,28000,,,,,,,,,,,,50,NEUTRAL,kite:2026-05-08,2026-05-08T12:20:47.414Z
SILKY-SM,SILKY OVERSEAS,NSE EQ,134,-1,-0.74,135,135,134,135,2400,2400,,,,,,,,,,,,50,NEUTRAL,kite:2026-05-08,2026-05-08T12:20:47.414Z
SILLYMONKS,SILLY MONKS ENTERTAIN,NSE EQ,17,-0.16,-0.93,17.9,17.9,16.7,17.16,1602,1602,,,,,,,,,,,77.65,50,NEUTRAL,kite:2026-05-08,2026-05-08T12:20:47.414Z
SILVER,ADITYA BIRLA SUN LIFE SILVER ETF,NSE EQ,250.36,0.8,0.32,250.36,251.99,248.2,249.56,1900017,1900017,,,,,,,,,,,29.19,50,NEUTRAL,kite:2026-05-08,2026-05-08T12:20:47.414Z
SILVER1,KOTAK SILVER ETF,NSE EQ,24.37,0.07,0.29,24.32,24.56,24.15,24.3,7878917,7878917,,,,,,,,,,,49.46,50,NEUTRAL,kite:2026-05-08,2026-05-08T12:20:47.414Z
SILVER360,360 ONE SILVER ETF,NSE EQ,248.17,3.08,1.26,245.7,249.71,243.99,245.09,67426,67426,,,,,,,,,,,69.27,50,NEUTRAL,kite:2026-05-08,2026-05-08T12:20:47.414Z
SILVERADD,DSP SILVER ETF,NSE EQ,242.11,0.51,0.21,242.07,243.69,239.9,241.6,356626,356626,,,,,,,,,,,54.63,50,NEUTRAL,kite:2026-05-08,2026-05-08T12:20:47.414Z
SILVERAG,MIRAE ASSET SILVER ETF,NSE EQ,244.52,0.97,0.4,244.47,245.8,242.1,243.55,293790,293790,,,,,,,,,,,43.33,50,NEUTRAL,kite:2026-05-08,2026-05-08T12:20:47.414Z
SILVERBEES,NIPPON INDIA SILVER ETF,NSE EQ,240.17,0.73,0.3,240.03,241.7,238.02,239.44,35037585,35037585,,,,,,,,,,,36.27,50,NEUTRAL,kite:2026-05-08,2026-05-08T12:20:47.414Z
SILVERBETA,UTI SILVER ETF,NSE EQ,242.49,0.72,0.3,243.99,244.09,240.26,241.77,622948,622948,,,,,,,,,,,41.09,50,NEUTRAL,kite:2026-05-08,2026-05-08T12:20:47.414Z
SILVERBND,BANDHAN SILVER ETF,NSE EQ,250.76,0.53,0.21,250.55,252.79,248.42,250.23,74419,74419,,,,,,,,,,,58.22,50,NEUTRAL,kite:2026-05-08,2026-05-08T12:20:47.414Z
SILVERCASE,ZERODHA SILVER ETF,NSE EQ,25.47,0.09,0.35,25.39,25.64,25.29,25.38,14170671,14170671,,,,,,,,,,,35.62,50,NEUTRAL,kite:2026-05-08,2026-05-08T12:20:47.414Z
SILVERTUC,SILVER TOUCH TECHNO,NSE EQ,163.63,-4.15,-2.47,168.2,168.8,163,167.78,611221,611221,,,,,,,,,,,34.03,50,NEUTRAL,kite:2026-05-08,2026-05-08T12:20:47.414Z
SIMPLEXINF,SIMPLEX INFRASTRUCTURES L,NSE EQ,223.3,-5.14,-2.25,230.03,230.03,220.2,228.44,56437,56437,,,,,,,,,,,63.41,50,NEUTRAL,kite:2026-05-08,2026-05-08T12:20:47.414Z
SINCLAIR,SINCLAIRS HOTELS,NSE EQ,81.8,0.43,0.53,82.63,82.95,81.01,81.37,17017,17017,,,,,,,,,,,43.52,50,NEUTRAL,kite:2026-05-08,2026-05-08T12:20:47.414Z
SINDHUTRAD,SINDHU TRADE LINKS,NSE EQ,23.41,-0.07,-0.3,23.55,24.4,23.26,23.48,2481368,2481368,,,,,,,,,,,52.55,50,NEUTRAL,kite:2026-05-08,2026-05-08T12:20:47.414Z
SINGERIND,SINGER INDIA,NSE EQ,71.82,-1.45,-1.98,72.54,74.38,71,73.27,31560,31560,,,,,,,,,,,58.32,50,NEUTRAL,kite:2026-05-08,2026-05-08T12:20:47.414Z
SINTERCOM,SINTERCOM INDIA,NSE EQ,78.97,0.46,0.59,80.47,80.47,78,78.51,238590,238590,,,,,,,,,,,98.55,50,NEUTRAL,kite:2026-05-08,2026-05-08T12:20:47.414Z
SIRCA,SIRCA PAINT INDIA,NSE EQ,423.1,-2.25,-0.53,438.9,444.7,417.05,425.35,3486664,3486664,,,,,,,,,,,45.77,50,NEUTRAL,kite:2026-05-08,2026-05-08T12:20:47.414Z
SIS,SIS,NSE EQ,390.25,-7.9,-1.98,400.4,409.25,386,398.15,127757,127757,,,,,,,,,,,48.1,50,NEUTRAL,kite:2026-05-08,2026-05-08T12:20:47.414Z
SITINET-BZ,SITI NETWORKS,NSE EQ,0.36,0,0,0.37,0.37,0.35,0.36,422426,422426,,,,,,,,,,,,50,NEUTRAL,kite:2026-05-08,2026-05-08T12:20:47.414Z
SIYSIL,SIYARAM SILK MILLS,NSE EQ,594.55,-6.6,-1.1,607,612,592.35,601.15,93773,93773,,,,,,,,,,,42.75,50,NEUTRAL,kite:2026-05-08,2026-05-08T12:20:47.414Z
SJLOGISTIC-SM,S J LOGISTICS (INDIA),NSE EQ,316.4,-4.35,-1.36,325,325,312.55,320.75,22250,22250,,,,,,,,,,,,50,NEUTRAL,kite:2026-05-08,2026-05-08T12:20:47.414Z
SJS,SJS ENTERPRISES,NSE EQ,2012.5,15.6,0.78,1990,2033.5,1971.4,1996.9,264250,264250,,,,,,,,,,,62.2,50,NEUTRAL,kite:2026-05-08,2026-05-08T12:20:47.414Z
SJVN,SJVN Limited,NSE EQ,78.79,-1.1,-1.38,79.5,80.09,78.5,79.89,2986750,2986750,107.5,63.02,,77.68,75.35,76.27,82.52,56.37,2,0.49,43.57,66,BUY,kite:2026-05-08,2026-05-08T12:20:47.414Z
SKFINDIA,SKF INDIA,NSE EQ,1764.9,34.9,2.02,1743.5,1777.1,1726.9,1730,44533,44533,,,,,,,,,,,50.54,50,NEUTRAL,kite:2026-05-08,2026-05-08T12:20:47.414Z
SKFINDUS,SKF IND (INDUSTRIAL),NSE EQ,2153.1,-4.9,-0.23,2160,2194,2140.2,2158,21325,21325,,,,,,,,,,,68.68,50,NEUTRAL,kite:2026-05-08,2026-05-08T12:20:47.414Z
SKIPPER,SKIPPER,NSE EQ,466.2,-16.1,-3.34,474.5,477.45,461,482.3,1147949,1147949,,,,,,,,,,,48.23,46,NEUTRAL,kite:2026-05-08,2026-05-08T12:20:47.414Z
SKMEGGPROD,SKM EGG PROD EXPORT(I) LT,NSE EQ,183.71,4.47,2.49,180.7,184.5,177.05,179.24,189298,189298,,,,,,,,,,,50.46,50,NEUTRAL,kite:2026-05-08,2026-05-08T12:20:47.414Z
SKP-SM,SKP BEARING INDUSTRI.,NSE EQ,160,0,0,159,160,153,160,5500,5500,,,,,,,,,,,,50,NEUTRAL,kite:2026-05-08,2026-05-08T12:20:47.414Z
SKYGOLD,SKY GOLD AND DIAMONDS,NSE EQ,541.25,44.2,8.89,496.25,549.9,489.95,497.05,3802176,3802176,,,,,,,,,,,37.2,54,NEUTRAL,kite:2026-05-08,2026-05-08T12:20:47.414Z
SLONE-SM,SLONE INFOSYSTEMS,NSE EQ,197.5,-2.5,-1.25,200,200,195,200,800,800,,,,,,,,,,,,50,NEUTRAL,kite:2026-05-08,2026-05-08T12:20:47.414Z
SMALL250,MIRAE ASSET NIFTY SMALLCAP 250 ETF,NSE EQ,17.47,0.02,0.11,17.88,17.88,17.02,17.45,541402,541402,,,,,,,,,,,60.82,50,NEUTRAL,kite:2026-05-08,2026-05-08T12:20:47.414Z
SMALLADD,DSP NIFTY SMALLCAP 250 ETF,NSE EQ,17.5,0.09,0.52,17.49,17.6,17.42,17.41,35822,35822,,,,,,,,,,,92.42,50,NEUTRAL,kite:2026-05-08,2026-05-08T12:20:47.414Z
SMALLCAP,MIRAE ASSET NIFTY SMALLCAP 250 MOMENTUM QUALITY 100 ETF,NSE EQ,46.12,0.12,0.26,45.7,46.49,45.7,46,2293409,2293409,,,,,,,,,,,71.67,50,NEUTRAL,kite:2026-05-08,2026-05-08T12:20:47.414Z
SMARTEN-SM,SMARTEN POWER SYSTEMS,NSE EQ,52.45,1.25,2.44,53,53,51,51.2,19200,19200,,,,,,,,,,,,50,NEUTRAL,kite:2026-05-08,2026-05-08T12:20:47.414Z
SMARTLINK,SMARTLINK HOLDINGS,NSE EQ,149.83,-0.54,-0.36,154,154,148.9,150.37,7201,7201,,,,,,,,,,,88.32,50,NEUTRAL,kite:2026-05-08,2026-05-08T12:20:47.414Z
SMARTWORKS,SMARTWORKS COWORKING SP L,NSE EQ,459.8,-1.7,-0.37,461,479.7,455,461.5,135221,135221,,,,,,,,,,,46.91,50,NEUTRAL,kite:2026-05-08,2026-05-08T12:20:47.414Z
SMCGLOBAL,SMC GLOBAL SECURITIES,NSE EQ,65.49,-0.99,-1.49,67,67.2,64.37,66.48,262453,262453,,,,,,,,,,,50.48,50,NEUTRAL,kite:2026-05-08,2026-05-08T12:20:47.414Z
SML100CASE,ZERODHA NIFTY SMALLCAP 100 ETF,NSE EQ,10.59,0.02,0.19,10.7,10.7,10.56,10.57,2152316,2152316,,,,,,,,,,,55.07,50,NEUTRAL,kite:2026-05-08,2026-05-08T12:20:47.414Z
SMLMAH,SML MAHINDRA,NSE EQ,3801.2,-87.2,-2.24,3867,3885.8,3790,3888.4,54497,54497,,,,,,,,,,,52.62,50,NEUTRAL,kite:2026-05-08,2026-05-08T12:20:47.414Z
SMLT,SARTHAK METALS,NSE EQ,73.68,1.14,1.57,73.5,74,72.62,72.54,5463,5463,,,,,,,,,,,67.2,50,NEUTRAL,kite:2026-05-08,2026-05-08T12:20:47.414Z
SMSPHARMA,SMS PHARMACEUTICALS,NSE EQ,416.35,-5.15,-1.22,414.65,427.4,411,421.5,257978,257978,,,,,,,,,,,47.69,50,NEUTRAL,kite:2026-05-08,2026-05-08T12:20:47.414Z
SMVD-ST,SMVD POLY PACK,NSE EQ,11.5,0,0,0,11.5,11.5,11.5,0,0,,,,,,,,,,,,50,NEUTRAL,kite:2026-05-08,2026-05-08T12:20:47.414Z
SNEHAA-ST,SNEHAA ORGANICS,NSE EQ,45.75,-0.95,-2.03,47,47,45.6,46.7,9000,9000,,,,,,,,,,,,50,NEUTRAL,kite:2026-05-08,2026-05-08T12:20:47.414Z
SNOWMAN,SNOWMAN LOGISTICS,NSE EQ,41.76,-0.5,-1.18,42.26,43,40.71,42.26,298723,298723,,,,,,,,,,,42,50,NEUTRAL,kite:2026-05-08,2026-05-08T12:20:47.414Z
SNXT30BEES,NIPPON INDIA BSE SENSEX NEXT 30 ETF,NSE EQ,42.71,-0.18,-0.42,43.75,43.75,42.3,42.89,9420,9420,,,,,,,,,,,79.31,50,NEUTRAL,kite:2026-05-08,2026-05-08T12:20:47.414Z
SNXT50BETA,UTI BSE SENSEX NEXT 50 ETF,NSE EQ,92.73,-0.06,-0.06,91.32,93.47,91.32,92.79,4413,4413,,,,,,,,,,,54.61,50,NEUTRAL,kite:2026-05-08,2026-05-08T12:20:47.414Z
SOBHA,SOBHA,NSE EQ,1425.4,-25.6,-1.76,1454,1454,1417.1,1451,151942,151942,,,,,,,,,,,41.44,50,NEUTRAL,kite:2026-05-08,2026-05-08T12:20:47.414Z
SOCL-ST,SUNDREX OIL COMPANY,NSE EQ,32.6,0.95,3,31.55,32.6,31.5,31.65,4800,4800,,,,,,,,,,,,54,NEUTRAL,kite:2026-05-08,2026-05-08T12:20:47.414Z
SOFTTECH-BE,SOFTTECH ENGINEERS,NSE EQ,426.2,17.75,4.35,414,428.85,409.1,408.45,75938,75938,,,,,,,,,,,,54,NEUTRAL,kite:2026-05-08,2026-05-08T12:20:47.414Z
SOLARA,SOLARA ACTIVE PHA SCI,NSE EQ,525.35,10.5,2.04,517.45,547.7,513.65,514.85,312368,312368,,,,,,,,,,,35.58,50,NEUTRAL,kite:2026-05-08,2026-05-08T12:20:47.414Z
SOLARINDS,SOLAR INDUSTRIES (I),NSE EQ,16105,218,1.37,15945,16199,15900,15887,135424,135424,,,,,,,,,,,37.97,50,NEUTRAL,kite:2026-05-08,2026-05-08T12:20:47.414Z
SOLARWORLD,SOLARWORLD ENERGY SOL,NSE EQ,211.21,-2,-0.94,215,216.38,210,213.21,160622,160622,,,,,,,,,,,45.18,50,NEUTRAL,kite:2026-05-08,2026-05-08T12:20:47.414Z
SOLEX,SOLEX ENERGY,NSE EQ,1281,-48.2,-3.63,1339.9,1400.1,1272,1329.2,159054,159054,,,,,,,,,,,37.12,46,NEUTRAL,kite:2026-05-08,2026-05-08T12:20:47.414Z
SOMANYCERA,SOMANY CERAMICS,NSE EQ,475.25,2.85,0.6,469,477.95,460.5,472.4,27688,27688,,,,,,,,,,,55.79,50,NEUTRAL,kite:2026-05-08,2026-05-08T12:20:47.414Z
SOMATEX,SOMA TEXTILES & INDUST LT,NSE EQ,117.05,-1.72,-1.45,121.15,122.02,116.01,118.77,10944,10944,,,,,,,,,,,60.27,50,NEUTRAL,kite:2026-05-08,2026-05-08T12:20:47.414Z
SOMICONVEY,SOMI CONVEYOR BELT.,NSE EQ,115.23,2.33,2.06,110.8,118,110.5,112.9,43606,43606,,,,,,,,,,,51.84,50,NEUTRAL,kite:2026-05-08,2026-05-08T12:20:47.414Z
SONACOMS,SONA BLW PRECISION FRGS L,NSE EQ,579.3,0.65,0.11,578.65,581.9,574.7,578.65,1244286,1244286,,,,,,,,,,,57.85,50,NEUTRAL,kite:2026-05-08,2026-05-08T12:20:47.414Z
SONAL,SONAL MERCANTILE,NSE EQ,96.5,-1.01,-1.04,96.5,96.5,96.5,97.51,1,1,,,,,,,,,,,100,50,NEUTRAL,kite:2026-05-08,2026-05-08T12:20:47.414Z
SONAMAC-ST,SONA MACHINERY,NSE EQ,39,-0.9,-2.26,41,41.5,37.95,39.9,20000,20000,,,,,,,,,,,,50,NEUTRAL,kite:2026-05-08,2026-05-08T12:20:47.414Z
SONAMLTD,SONAM,NSE EQ,49.94,-0.83,-1.63,50.26,51.29,49.12,50.77,9491,9491,,,,,,,,,,,70.94,50,NEUTRAL,kite:2026-05-08,2026-05-08T12:20:47.414Z
SONATSOFTW,SONATA SOFTWARE,NSE EQ,297.15,26.4,9.75,275,307.9,274.7,270.75,29635371,29635371,,,,,,,,,,,5.89,54,NEUTRAL,kite:2026-05-08,2026-05-08T12:20:47.414Z
SONUINFRA-SM,SONU INFRATECH,NSE EQ,58.5,0,0,0,59,58,58.5,0,0,,,,,,,,,,,,50,NEUTRAL,kite:2026-05-08,2026-05-08T12:20:47.414Z
SOTAC-SM,SOTAC PHARMACEUTICALS,NSE EQ,106,0,0,106,106,106,106,1200,1200,,,,,,,,,,,,50,NEUTRAL,kite:2026-05-08,2026-05-08T12:20:47.414Z
SOTL,SAVITA OIL TECHNOLO.,NSE EQ,438.85,18.7,4.45,437.6,455,424.35,420.15,601402,601402,,,,,,,,,,,35.3,54,NEUTRAL,kite:2026-05-08,2026-05-08T12:20:47.414Z
SOUTHBANK,THE SOUTH INDIAN BANK,NSE EQ,40.91,-0.85,-2.04,42.1,42.1,40.81,41.76,14362817,14362817,,,,,,,,,,,45.32,50,NEUTRAL,kite:2026-05-08,2026-05-08T12:20:47.414Z
SOUTHWEST,SOUTH WEST PINNACLE,NSE EQ,216.09,-5.72,-2.58,220.5,223.9,210.5,221.81,425968,425968,,,,,,,,,,,46.54,50,NEUTRAL,kite:2026-05-08,2026-05-08T12:20:47.414Z
SPAL,S. P. APPARELS,NSE EQ,812.75,-8.05,-0.98,825.35,830.05,808.7,820.8,22546,22546,,,,,,,,,,,54.44,50,NEUTRAL,kite:2026-05-08,2026-05-08T12:20:47.414Z
SPANDANA,SPANDANA SPHOORTY FIN,NSE EQ,286.26,7.21,2.58,283,294.08,281.1,279.05,1334395,1334395,,,,,,,,,,,34.5,50,NEUTRAL,kite:2026-05-08,2026-05-08T12:20:47.414Z
SPARC,SUN PHARMA ADV.RES.CO.LTD,NSE EQ,173.09,6.24,3.74,167.2,182.59,167,166.85,8738847,8738847,,,,,,,,,,,28.44,54,NEUTRAL,kite:2026-05-08,2026-05-08T12:20:47.414Z
SPCENET,SPACENET ENTERS IND,NSE EQ,4,-0.06,-1.48,4.08,4.14,3.98,4.06,834567,834567,,,,,,,,,,,66.09,50,NEUTRAL,kite:2026-05-08,2026-05-08T12:20:47.414Z
SPCL-SM,SHIVALIC POWER CONTROL L,NSE EQ,82.5,0.95,1.16,82,83.55,80.1,81.55,31200,31200,,,,,,,,,,,,50,NEUTRAL,kite:2026-05-08,2026-05-08T12:20:47.414Z
SPCON-SM,SRINIBAS PRADHAN CONST L,NSE EQ,123.1,0,0,0,125.35,123,123.1,0,0,,,,,,,,,,,,50,NEUTRAL,kite:2026-05-08,2026-05-08T12:20:47.414Z
SPEB-SM,SPEB ADHESIVES,NSE EQ,76.15,10.55,16.08,68.5,77.8,68.45,65.6,112000,112000,,,,,,,,,,,,54,NEUTRAL,kite:2026-05-08,2026-05-08T12:20:47.414Z
SPECIALITY,SPECIALITY REST,NSE EQ,107.87,3.85,3.7,104.02,108.9,103.82,104.02,80090,80090,,,,,,,,,,,47.7,54,NEUTRAL,kite:2026-05-08,2026-05-08T12:20:47.414Z
SPECTRUM,SPECTRUM ELECTRIC IND,NSE EQ,1252.4,31.8,2.61,1245,1263.2,1204.6,1220.6,15247,15247,,,,,,,,,,,66.3,50,NEUTRAL,kite:2026-05-08,2026-05-08T12:20:47.414Z
SPECTSTM-ST,SPECTRUM TALENT MGMT,NSE EQ,60.95,0.95,1.58,58.7,61.1,57,60,68800,68800,,,,,,,,,,,,50,NEUTRAL,kite:2026-05-08,2026-05-08T12:20:47.414Z
SPENCERS,SPENCER S RETAIL,NSE EQ,40.62,0.09,0.22,40.99,41.95,40.1,40.53,236919,236919,,,,,,,,,,,68.77,50,NEUTRAL,kite:2026-05-08,2026-05-08T12:20:47.414Z
SPIC,SPIC,NSE EQ,70.71,-0.98,-1.37,71.69,72.43,70.42,71.69,362791,362791,,,,,,,,,,,49.4,50,NEUTRAL,kite:2026-05-08,2026-05-08T12:20:47.414Z
SPLIL,SPL INDUSTRIES,NSE EQ,33.17,0.07,0.21,33.45,34.25,32.25,33.1,2899,2899,,,,,,,,,,,59.23,50,NEUTRAL,kite:2026-05-08,2026-05-08T12:20:47.414Z
SPLPETRO,SUPREME PETROCHEM,NSE EQ,739.9,-1.1,-0.15,744.35,749.75,732.65,741,101186,101186,,,,,,,,,,,70.63,50,NEUTRAL,kite:2026-05-08,2026-05-08T12:20:47.414Z
SPMLINFRA,SPML INFRA,NSE EQ,218.37,-3.31,-1.49,223.3,224.9,216.24,221.68,312911,312911,,,,,,,,,,,44.26,50,NEUTRAL,kite:2026-05-08,2026-05-08T12:20:47.414Z
SPORTKING,SPORTKING INDIA,NSE EQ,150.84,-4.8,-3.08,154.64,156.09,148.56,155.64,292830,292830,,,,,,,,,,,51.01,46,NEUTRAL,kite:2026-05-08,2026-05-08T12:20:47.414Z
SPPPOLY-SM,SPP POLYMER,NSE EQ,14,-0.7,-4.76,14.75,14.75,14,14.7,6000,6000,,,,,,,,,,,,46,NEUTRAL,kite:2026-05-08,2026-05-08T12:20:47.414Z
SPRL-SM,SP REFRACTORIES,NSE EQ,98.65,0,0,0,98.65,98.65,98.65,0,0,,,,,,,,,,,,50,NEUTRAL,kite:2026-05-08,2026-05-08T12:20:47.414Z
SPUNWEB-SM,SPUNWEB NONWOVEN,NSE EQ,126,-3.4,-2.63,129,129,125,129.4,7200,7200,,,,,,,,,,,,50,NEUTRAL,kite:2026-05-08,2026-05-08T12:20:47.414Z
SRD,SHANKAR LAL RAMPAL,NSE EQ,44.02,-0.47,-1.06,45.9,45.9,43.66,44.49,33747,33747,,,,,,,,,,,56.75,50,NEUTRAL,kite:2026-05-08,2026-05-08T12:20:47.414Z
SREEL,SREELEATHERS,NSE EQ,183.94,0.44,0.24,186.8,186.8,182.99,183.5,5831,5831,,,,,,,,,,,88.9,50,NEUTRAL,kite:2026-05-08,2026-05-08T12:20:47.414Z
SRF,SRF Limited,NSE EQ,2780.8,9.5,0.34,2775.4,2819.3,2770,2771.3,516387,516387,3325,2355,,2574.59,2584.87,2676.44,2797.12,68.7,83.49,0.79,45.54,54,NEUTRAL,kite:2026-05-08,2026-05-08T12:20:47.414Z
SRGHFL,SRG HOUSING FINANCE L,NSE EQ,300.15,0.25,0.08,311,311,295,299.9,3181,3181,,,,,,,,,,,85.76,50,NEUTRAL,kite:2026-05-08,2026-05-08T12:20:47.414Z
SRHHYPOLTD,SREE RAYALSEEMA HHP,NSE EQ,546.75,0.75,0.14,558.35,558.35,542.05,546,14087,14087,,,,,,,,,,,69.27,50,NEUTRAL,kite:2026-05-08,2026-05-08T12:20:47.414Z
SRIVASAVI-SM,SRIVASAVI ADHESIVE TAPE L,NSE EQ,58.5,-3.25,-5.26,61.75,61.75,58.5,61.75,8000,8000,,,,,,,,,,,,46,NEUTRAL,kite:2026-05-08,2026-05-08T12:20:47.414Z
SRM,SRM CONTRACTORS,NSE EQ,513.25,-7.3,-1.4,516,532,511.55,520.55,131871,131871,,,,,,,,,,,50.07,50,NEUTRAL,kite:2026-05-08,2026-05-08T12:20:47.414Z
SRTL,SHREE RAM TWISTEX,NSE EQ,47.84,-0.83,-1.71,48.52,48.52,46,48.67,59047,59047,,,,,,,,,,,53.69,50,NEUTRAL,kite:2026-05-08,2026-05-08T12:20:47.414Z
SSDL,SARASWATI SAREE DEPOT,NSE EQ,64.33,0.04,0.06,64.98,64.98,63.1,64.29,8434,8434,,,,,,,,,,,75.15,50,NEUTRAL,kite:2026-05-08,2026-05-08T12:20:47.414Z
SSEGL-SM,SATHLOKHAR SYN E&C GLOB L,NSE EQ,399.3,-3.85,-0.95,404,409,397,403.15,60200,60200,,,,,,,,,,,,50,NEUTRAL,kite:2026-05-08,2026-05-08T12:20:47.414Z
SSFL-SM,SRIVARI SPICES N FOODS L,NSE EQ,98.45,-1.45,-1.45,99.9,99.95,97.5,99.9,12500,12500,,,,,,,,,,,,50,NEUTRAL,kite:2026-05-08,2026-05-08T12:20:47.414Z
SSFLPP-E1,SPANDANA RS.5 PPD UP,NSE EQ,147.85,6.05,4.27,143.9,157,143.9,141.8,26894,26894,,,,,,,,,,,,54,NEUTRAL,kite:2026-05-08,2026-05-08T12:20:47.414Z
SSWL,STEEL STRIPS WHEELS,NSE EQ,211.65,-2.21,-1.03,213.5,213.8,210.66,213.86,152720,152720,,,,,,,,,,,45.21,50,NEUTRAL,kite:2026-05-08,2026-05-08T12:20:47.414Z
STALLION,STALLION IND FLUOROCHEM L,NSE EQ,160.95,-5.54,-3.33,166.25,166.9,157.3,166.49,895083,895083,,,,,,,,,,,49.8,46,NEUTRAL,kite:2026-05-08,2026-05-08T12:20:47.414Z
STANLEY,STANLEY LIFESTYLES,NSE EQ,172.12,-1.7,-0.98,175.5,175.5,169.7,173.82,114655,114655,,,,,,,,,,,32.39,50,NEUTRAL,kite:2026-05-08,2026-05-08T12:20:47.414Z
STAR,STRIDES PHARMA SCI,NSE EQ,1156.9,10.1,0.88,1150.8,1169.8,1144,1146.8,261184,261184,,,,,,,,,,,44.88,50,NEUTRAL,kite:2026-05-08,2026-05-08T12:20:47.414Z
STARCEMENT,STAR CEMENT,NSE EQ,236.45,-2.11,-0.88,237.9,239.63,234.53,238.56,184396,184396,,,,,,,,,,,57.21,50,NEUTRAL,kite:2026-05-08,2026-05-08T12:20:47.414Z
STARHEALTH,Star Health and Allied Insurance Company Limited,NSE EQ,520.15,2.7,0.52,515.05,532.35,515.05,517.45,617480,617480,586.25,349.15,,508.48,489.07,477.09,465.06,63.33,16.07,0.75,51.78,66,BUY,kite:2026-05-08,2026-05-08T12:20:47.414Z
STARPAPER,STAR PAPER MILLS,NSE EQ,144.07,-1.61,-1.11,143.77,145.1,143.77,145.68,16250,16250,,,,,,,,,,,93.46,50,NEUTRAL,kite:2026-05-08,2026-05-08T12:20:47.414Z
STARTECK,STARTECK FINANCE,NSE EQ,251.14,0.73,0.29,251,255.5,250,250.41,12705,12705,,,,,,,,,,,10.71,50,NEUTRAL,kite:2026-05-08,2026-05-08T12:20:47.414Z
STCINDIA,THE STATE TRADING CORPN,NSE EQ,122.41,-0.2,-0.16,122.9,125.39,121.83,122.61,53390,53390,,,,,,,,,,,35.03,50,NEUTRAL,kite:2026-05-08,2026-05-08T12:20:47.414Z
STEELCAS,STEELCAST,NSE EQ,287.55,-5.75,-1.96,294.9,295.9,286.5,293.3,30612,30612,,,,,,,,,,,67.22,50,NEUTRAL,kite:2026-05-08,2026-05-08T12:20:47.414Z
STEELCITY,STEEL CITY SECURITIES,NSE EQ,81.99,-1.63,-1.95,82.58,83.84,81.75,83.62,11077,11077,,,,,,,,,,,79.71,50,NEUTRAL,kite:2026-05-08,2026-05-08T12:20:47.414Z
STEELXIND,STEEL EXCHANGE INDIA,NSE EQ,10.68,-0.15,-1.39,10.81,10.82,10.6,10.83,1490347,1490347,,,,,,,,,,,64.61,50,NEUTRAL,kite:2026-05-08,2026-05-08T12:20:47.414Z
STEL,STEL HOLDINGS,NSE EQ,490.05,-1.8,-0.37,497,498.95,486.1,491.85,9211,9211,,,,,,,,,,,28.53,50,NEUTRAL,kite:2026-05-08,2026-05-08T12:20:47.414Z
STERTOOLS,STERLING TOOLS,NSE EQ,261.76,2.33,0.9,263.8,269.25,259.81,259.43,83239,83239,,,,,,,,,,,47.92,50,NEUTRAL,kite:2026-05-08,2026-05-08T12:20:47.414Z
STLNETWORK,STL NETWORKS,NSE EQ,27.1,-3.01,-10,27.38,28.3,27.1,30.11,14609654,14609654,,,,,,,,,,,47.84,46,NEUTRAL,kite:2026-05-08,2026-05-08T12:20:47.414Z
STLTECH,STERLITE TECHNOLOGIES,NSE EQ,375.95,17.9,5,375.95,375.95,375.95,358.05,5664498,5664498,,,,,,,,,,,74.89,54,NEUTRAL,kite:2026-05-08,2026-05-08T12:20:47.414Z
STOVEKRAFT,STOVE KRAFT,NSE EQ,546.85,-2.25,-0.41,549.1,552,542.3,549.1,64083,64083,,,,,,,,,,,49.73,50,NEUTRAL,kite:2026-05-08,2026-05-08T12:20:47.414Z
STRIDERS-SM,STRIDERS IMPEX,NSE EQ,67.3,0,0,67.3,67.3,67.3,67.3,1600,1600,,,,,,,,,,,,50,NEUTRAL,kite:2026-05-08,2026-05-08T12:20:47.414Z
STUDDS,STUDDS ACCESSORIES,NSE EQ,466.45,-14.95,-3.11,478.1,481.2,465,481.4,37498,37498,,,,,,,,,,,60.78,46,NEUTRAL,kite:2026-05-08,2026-05-08T12:20:47.414Z
STUDIOLSD-ST,STUDIO LSD,NSE EQ,11.15,0.15,1.36,10.9,11.15,10.9,11,18000,18000,,,,,,,,,,,,50,NEUTRAL,kite:2026-05-08,2026-05-08T12:20:47.414Z
STYL,SESHAASAI TECHNOLOGIES L,NSE EQ,271.95,3.74,1.39,266,281.9,264,268.21,821815,821815,,,,,,,,,,,40.5,50,NEUTRAL,kite:2026-05-08,2026-05-08T12:20:47.414Z
STYLAMIND,STYLAM INDUSTRIES,NSE EQ,2548,-86.8,-3.29,2700,2740,2526,2634.8,102152,102152,,,,,,,,,,,27.34,46,NEUTRAL,kite:2026-05-08,2026-05-08T12:20:47.414Z
STYLEBAAZA,BAAZAR STYLE RETAIL,NSE EQ,414.1,-2.85,-0.68,418.5,425.25,410.3,416.95,766341,766341,,,,,,,,,,,57.69,50,NEUTRAL,kite:2026-05-08,2026-05-08T12:20:47.414Z
STYRENIX,STYRENIX PERFORMANCE,NSE EQ,2334.3,13.6,0.59,2320.7,2360.7,2269.1,2320.7,27024,27024,,,,,,,,,,,61.89,50,NEUTRAL,kite:2026-05-08,2026-05-08T12:20:47.414Z
SUBAHOTELS-SM,SUBA HOTELS,NSE EQ,144.45,-3.85,-2.6,147,150,144,148.3,21600,21600,,,,,,,,,,,,50,NEUTRAL,kite:2026-05-08,2026-05-08T12:20:47.414Z
SUBEXLTD,SUBEX,NSE EQ,11.58,1.02,9.66,10.55,12.67,10.48,10.56,27167088,27167088,,,,,,,,,,,24.75,54,NEUTRAL,kite:2026-05-08,2026-05-08T12:20:47.414Z
SUBROS,SUBROS,NSE EQ,800.35,-4.55,-0.57,813.7,819,795.45,804.9,62539,62539,,,,,,,,,,,43.86,50,NEUTRAL,kite:2026-05-08,2026-05-08T12:20:47.414Z
SUDARCOLOR,SUDARSHAN COLORNT IND,NSE EQ,377.2,11,3,353.05,382,353.05,366.2,12965,12965,,,,,,,,,,,73.29,54,NEUTRAL,kite:2026-05-08,2026-05-08T12:20:47.414Z
SUDARSCHEM,SUDARSHAN CHEMICAL INDS L,NSE EQ,947.35,-18.7,-1.94,965,966,945.2,966.05,87144,87144,,,,,,,,,,,40.5,50,NEUTRAL,kite:2026-05-08,2026-05-08T12:20:47.414Z
SUDEEPPHRM,SUDEEP PHARMA,NSE EQ,658,-14.3,-2.13,676.95,679.8,655.1,672.3,80018,80018,,,,,,,,,,,59.8,50,NEUTRAL,kite:2026-05-08,2026-05-08T12:20:47.414Z
SUKHJITS,SUKHJIT STARCH & CHEM,NSE EQ,190.88,6.1,3.3,184.78,192.68,184.69,184.78,18957,18957,,,,,,,,,,,45.69,54,NEUTRAL,kite:2026-05-08,2026-05-08T12:20:47.414Z
SULA,SULA VINEYARDS,NSE EQ,179.22,2.94,1.67,179.7,183.49,176.86,176.28,784726,784726,,,,,,,,,,,41.19,50,NEUTRAL,kite:2026-05-08,2026-05-08T12:20:47.414Z
SUMEETINDS,SUMEET IND,NSE EQ,30.16,-0.22,-0.72,30.11,31,30.09,30.38,73973,73973,,,,,,,,,,,61.39,50,NEUTRAL,kite:2026-05-08,2026-05-08T12:20:47.414Z
SUMICHEM,SUMITOMO CHEM INDIA,NSE EQ,485.55,-13.35,-2.68,495,498.5,484,498.9,213040,213040,,,,,,,,,,,35.55,50,NEUTRAL,kite:2026-05-08,2026-05-08T12:20:47.414Z
SUMIT-BE,SUMIT WOODS,NSE EQ,49.53,-0.41,-0.82,49.95,51.45,49.16,49.94,23847,23847,,,,,,,,,,,,50,NEUTRAL,kite:2026-05-08,2026-05-08T12:20:47.414Z
SUMMITSEC,SUMMIT SECURITIES,NSE EQ,1667.3,20.7,1.26,1667,1690,1610,1646.6,7938,7938,,,,,,,,,,,60.43,50,NEUTRAL,kite:2026-05-08,2026-05-08T12:20:47.414Z
SUNCLAY,SUNDARAM CLAYTON,NSE EQ,1492.4,-3.2,-0.21,1495.6,1507.6,1490,1495.6,3202,3202,,,,,,,,,,,63.8,50,NEUTRAL,kite:2026-05-08,2026-05-08T12:20:47.414Z
SUNDARAM,SUNDARAM MULTI PAP,NSE EQ,1.44,0.06,4.35,1.41,1.64,1.38,1.38,5553534,5553534,,,,,,,,,,,65.06,54,NEUTRAL,kite:2026-05-08,2026-05-08T12:20:47.414Z
SUNDARMFIN,SUNDARAM FINANCE,NSE EQ,4746.4,7.4,0.16,4738,4790,4693.3,4739,59526,59526,,,,,,,,,,,55.38,50,NEUTRAL,kite:2026-05-08,2026-05-08T12:20:47.414Z
SUNDRMBRAK,SUNDARAM BRAK LININGS,NSE EQ,641.95,-20.8,-3.14,674.95,674.95,641,662.75,2154,2154,,,,,,,,,,,76.46,46,NEUTRAL,kite:2026-05-08,2026-05-08T12:20:47.414Z
SUNDRMFAST,SUNDRAM FASTENERS,NSE EQ,845.45,-23.05,-2.65,869.3,874.9,844.05,868.5,58489,58489,,,,,,,,,,,66.62,50,NEUTRAL,kite:2026-05-08,2026-05-08T12:20:47.414Z
SUNDROP,SUNDROP BRANDS,NSE EQ,670.15,0.2,0.03,695,695,655.5,669.95,44179,44179,,,,,,,,,,,53.86,50,NEUTRAL,kite:2026-05-08,2026-05-08T12:20:47.414Z
SUNFLAG,SUNFLAG IRON AND STEEL CO,NSE EQ,415.85,3.55,0.86,403.05,423.9,403.05,412.3,1347667,1347667,,,,,,,,,,,24.49,50,NEUTRAL,kite:2026-05-08,2026-05-08T12:20:47.414Z
SUNLITE-ST,SUNLITE RECYCLING IND,NSE EQ,503.1,23.95,5,488,503.1,486,479.15,62400,62400,,,,,,,,,,,,54,NEUTRAL,kite:2026-05-08,2026-05-08T12:20:47.414Z
SUNPHARMA,Sun Pharmaceutical Industries Limited,NSE EQ,1847.9,13.5,0.74,1822,1857.5,1819.2,1834.4,2837885,2837885,1857.8,1548,,1770.67,1747.31,1734.97,1714.3,65.69,40.79,0.48,66.73,66,BUY,kite:2026-05-08,2026-05-08T12:20:47.414Z
SUNREST-SM,SUNREST LIFESCIENCE,NSE EQ,37.9,2.4,6.76,37.9,37.9,37.9,35.5,1600,1600,,,,,,,,,,,,54,NEUTRAL,kite:2026-05-08,2026-05-08T12:20:47.414Z
SUNTECH-SM,SUNTECH INFRA SOLUTIONS L,NSE EQ,39.9,0.25,0.63,39.65,41.3,39.65,39.65,99200,99200,,,,,,,,,,,,50,NEUTRAL,kite:2026-05-08,2026-05-08T12:20:47.414Z
SUNTECK,SUNTECK REALTY,NSE EQ,345,-3.15,-0.9,346,349,343.15,348.15,176274,176274,,,,,,,,,,,44.97,50,NEUTRAL,kite:2026-05-08,2026-05-08T12:20:47.414Z
SUNTV,Sun TV Network Limited,NSE EQ,573.55,2.45,0.43,574,575.45,569,571.1,147822,147822,660.7,480.2,,595.41,594.63,587.33,584.84,41.68,20.69,0.34,31.76,46,NEUTRAL,kite:2026-05-08,2026-05-08T12:20:47.414Z
SUPERHOUSE,SUPERHOUSE,NSE EQ,153.04,-2.74,-1.76,155,159,153,155.78,3525,3525,,,,,,,,,,,42.27,50,NEUTRAL,kite:2026-05-08,2026-05-08T12:20:47.414Z
SUPERSPIN,SUPER SPINNING MILLS,NSE EQ,5.62,0.05,0.9,5.58,5.78,5.52,5.57,41092,41092,,,,,,,,,,,79.1,50,NEUTRAL,kite:2026-05-08,2026-05-08T12:20:47.414Z
SUPRAJIT,SUPRAJIT ENGINEERING,NSE EQ,446.1,12.45,2.87,435.95,450,431,433.65,274168,274168,,,,,,,,,,,35.27,50,NEUTRAL,kite:2026-05-08,2026-05-08T12:20:47.414Z
SUPREME,SUPREME HOLDIN N HOSP I L,NSE EQ,51.82,-0.13,-0.25,52.54,52.54,51.65,51.95,7661,7661,,,,,,,,,,,55.23,50,NEUTRAL,kite:2026-05-08,2026-05-08T12:20:47.414Z
SUPREMEENG-BZ,SUPREME ENGINEERING,NSE EQ,1.04,-0.03,-2.8,1.07,1.07,1.02,1.07,70601,70601,,,,,,,,,,,,50,NEUTRAL,kite:2026-05-08,2026-05-08T12:20:47.414Z
SUPREMEIND,SUPREME INDUSTRIES,NSE EQ,3654.9,-10,-0.27,3675,3693.8,3637.8,3664.9,138853,138853,,,,,,,,,,,61.46,50,NEUTRAL,kite:2026-05-08,2026-05-08T12:20:47.414Z
SUPREMEINF,SUPREME INFRA.,NSE EQ,84.46,-0.55,-0.65,85.4,86,84.14,85.01,10311,10311,,,,,,,,,,,78.3,50,NEUTRAL,kite:2026-05-08,2026-05-08T12:20:47.414Z
SUPREMEPWR-ST,SUPREME POWER EQUIPMENT L,NSE EQ,252.85,-13.3,-5,253,253,252.85,266.15,31000,31000,,,,,,,,,,,,46,NEUTRAL,kite:2026-05-08,2026-05-08T12:20:47.414Z
SUPRIYA,SUPRIYA LIFESCIENCE,NSE EQ,706.7,5.65,0.81,710.1,711.8,698.85,701.05,91117,91117,,,,,,,,,,,50.6,50,NEUTRAL,kite:2026-05-08,2026-05-08T12:20:47.414Z
SURAJEST,SURAJ ESTATE DEVELOPERS L,NSE EQ,237.58,-3.53,-1.46,242.99,243.04,235,241.11,54258,54258,,,,,,,,,,,57.76,50,NEUTRAL,kite:2026-05-08,2026-05-08T12:20:47.414Z
SURAJLTD,SURAJ,NSE EQ,245.07,0.99,0.41,245,248.99,240,244.08,1227,1227,,,,,,,,,,,29.42,50,NEUTRAL,kite:2026-05-08,2026-05-08T12:20:47.414Z
SURAKSHA,SURAKSHA DIAGNOSTIC,NSE EQ,292.25,5.1,1.78,287.95,299,285.45,287.15,24773,24773,,,,,,,,,,,67.2,50,NEUTRAL,kite:2026-05-08,2026-05-08T12:20:47.414Z
SURANASOL,SURANA SOLAR,NSE EQ,27.77,0.08,0.29,27.7,29.94,27.51,27.69,109473,109473,,,,,,,,,,,65.99,50,NEUTRAL,kite:2026-05-08,2026-05-08T12:20:47.414Z
SURANAT&P,SURANA TELECOM AND POW LT,NSE EQ,19.09,0.03,0.16,19.06,19.37,18.96,19.06,39134,39134,,,,,,,,,,,62.92,50,NEUTRAL,kite:2026-05-08,2026-05-08T12:20:47.414Z
SURANI-ST,SURANI STEEL TUBES,NSE EQ,136,0,0,0,136,136,136,2800,2800,,,,,,,,,,,,50,NEUTRAL,kite:2026-05-08,2026-05-08T12:20:47.414Z
SURYALA,SURYALATA SPINNING MILL L,NSE EQ,365.9,4.1,1.13,362.05,380.65,361.2,361.8,215,215,,,,,,,,,,,92.56,50,NEUTRAL,kite:2026-05-08,2026-05-08T12:20:47.414Z
SURYALAXMI,SURYALAKSHMI COT MIL,NSE EQ,61.35,-1.27,-2.03,63.74,63.74,61,62.62,10165,10165,,,,,,,,,,,60.55,50,NEUTRAL,kite:2026-05-08,2026-05-08T12:20:47.414Z
SURYAROSNI,SURYA ROSHNI,NSE EQ,266,-3.65,-1.35,268,271.2,264.25,269.65,739784,739784,,,,,,,,,,,50.62,50,NEUTRAL,kite:2026-05-08,2026-05-08T12:20:47.414Z
SURYODAY,SURYODAY SMALL FIN BK,NSE EQ,179.93,18.57,11.51,168,184.79,161.5,161.36,9230868,9230868,,,,,,,,,,,16.22,54,NEUTRAL,kite:2026-05-08,2026-05-08T12:20:47.414Z
SUTLEJTEX,SUTLEJ TEXT & INDUS,NSE EQ,38.55,0.56,1.47,38.85,38.85,37.55,37.99,56181,56181,,,,,,,,,,,86.33,50,NEUTRAL,kite:2026-05-08,2026-05-08T12:20:47.414Z
SUVEN,SUVEN LIFE SCIENCES,NSE EQ,222.98,2.58,1.17,217.76,226.25,217.76,220.4,389715,389715,,,,,,,,,,,59.9,50,NEUTRAL,kite:2026-05-08,2026-05-08T12:20:47.414Z
SUVIDHAA-BE,SUVIDHAA INFOSERVE,NSE EQ,2.94,0.01,0.34,2.99,3.02,2.93,2.93,66414,66414,,,,,,,,,,,,50,NEUTRAL,kite:2026-05-08,2026-05-08T12:20:47.414Z
SUYOG,SUYOG TELEMATICS,NSE EQ,828.85,32.65,4.1,799.9,838,799.9,796.2,47834,47834,,,,,,,,,,,51.02,54,NEUTRAL,kite:2026-05-08,2026-05-08T12:20:47.414Z
SUZLON,Suzlon Energy Limited,NSE EQ,54.97,-0.68,-1.22,55.9,55.92,54.57,55.65,56797248,56797248,74.3,38.19,,52.84,49.44,49.44,53.21,64.37,1.71,0.44,32.41,66,BUY,kite:2026-05-08,2026-05-08T12:20:47.414Z
SVLL,SHREE VASU LOGISTICS,NSE EQ,580,-18.35,-3.07,595,598,541,598.35,887,887,,,,,,,,,,,79.82,46,NEUTRAL,kite:2026-05-08,2026-05-08T12:20:47.414Z
SVPGLOB,SVP GLOBAL TEXTILES,NSE EQ,4.27,0.19,4.66,4.28,4.28,4.14,4.08,240827,240827,,,,,,,,,,,85.74,54,NEUTRAL,kite:2026-05-08,2026-05-08T12:20:47.414Z
SWANCORP,SWAN CORP,NSE EQ,353.05,-2.35,-0.66,354.15,361.7,351,355.4,1154055,1154055,,,,,,,,,,,30.74,50,NEUTRAL,kite:2026-05-08,2026-05-08T12:20:47.414Z
SWANDEF-BE,SWAN DEFENCE N HEVY IND L,NSE EQ,1865.7,-1.6,-0.09,1875,1879.7,1831,1867.3,9049,9049,,,,,,,,,,,,50,NEUTRAL,kite:2026-05-08,2026-05-08T12:20:47.414Z
SWARAJ-SM,SWARAJ SUITING,NSE EQ,286.1,-2.75,-0.95,289,290,285.1,288.85,65500,65500,,,,,,,,,,,,50,NEUTRAL,kite:2026-05-08,2026-05-08T12:20:47.414Z
SWARAJENG,SWARAJ ENGINES,NSE EQ,3999.2,0.5,0.01,4014,4039.7,3980,3998.7,11746,11746,,,,,,,,,,,61.36,50,NEUTRAL,kite:2026-05-08,2026-05-08T12:20:47.414Z
SWASTIK-ST,SWASTIK PIPE,NSE EQ,23.55,-0.45,-1.87,0,23.55,23.55,24,6000,6000,,,,,,,,,,,,50,NEUTRAL,kite:2026-05-08,2026-05-08T12:20:47.414Z
SWELECTES,SWELECT ENERGY SYS,NSE EQ,682.5,-6.1,-0.89,686,691.9,678.25,688.6,21480,21480,,,,,,,,,,,45.68,50,NEUTRAL,kite:2026-05-08,2026-05-08T12:20:47.414Z
SWIGGY,SWIGGY LIMITED,NSE EQ,280.5,1,0.36,279.95,284,275.5,279.5,8765662,8765662,474,256.7,,279.21,289.86,313.03,343.75,49.92,8.96,1.03,38.95,50,NEUTRAL,kite:2026-05-08,2026-05-08T12:20:47.414Z
SWSOLAR,STRLNG & WIL REN ENE,NSE EQ,217.26,-2.08,-0.95,219.3,224.7,216.25,219.34,1949676,1949676,,,,,,,,,,,34.05,50,NEUTRAL,kite:2026-05-08,2026-05-08T12:20:47.414Z
SYLVANPLY-SM,SYLVAN PLYBOARD (INDIA) L,NSE EQ,57.15,0,0,0,57.25,57.15,57.15,0,0,,,,,,,,,,,,50,NEUTRAL,kite:2026-05-08,2026-05-08T12:20:47.414Z
SYMPHONY,SYMPHONY,NSE EQ,794.3,-14.6,-1.8,808.9,809.05,791.2,808.9,118769,118769,,,,,,,,,,,54.55,50,NEUTRAL,kite:2026-05-08,2026-05-08T12:20:47.414Z
SYNCOMF,SYNCOM FORMU (I),NSE EQ,14.67,-0.29,-1.94,14.98,15.14,14.59,14.96,2004849,2004849,,,,,,,,,,,59.48,50,NEUTRAL,kite:2026-05-08,2026-05-08T12:20:47.414Z
SYNGENE,SYNGENE INTERNATIONAL,NSE EQ,458.1,-9.25,-1.98,466.6,469.9,456.15,467.35,650201,650201,,,,,,,,,,,36.05,50,NEUTRAL,kite:2026-05-08,2026-05-08T12:20:47.414Z
SYNOPTICS-SM,SYNOPTICS TECHNOLOGIES L,NSE EQ,55.4,2.6,4.92,52.8,55.4,52.8,52.8,2400,2400,,,,,,,,,,,,54,NEUTRAL,kite:2026-05-08,2026-05-08T12:20:47.414Z
SYRMA,SYRMA SGS TECHNOLOGY,NSE EQ,1100.15,6.75,0.62,1097,1136.45,1082.3,1093.4,1231265,1231265,,,,,,,,,,,35.1,50,NEUTRAL,kite:2026-05-08,2026-05-08T12:20:47.414Z
SYSTANGO-SM,SYSTANGO TECHNOLOGIES,NSE EQ,276.55,-3.7,-1.32,277.95,277.95,271,280.25,10400,10400,,,,,,,,,,,,50,NEUTRAL,kite:2026-05-08,2026-05-08T12:20:47.414Z
SYSTMTXC,SYSTEMATIX CORP SERVICE L,NSE EQ,67.9,-0.84,-1.22,68.5,70.39,66,68.74,62445,62445,,,,,,,,,,,16.19,50,NEUTRAL,kite:2026-05-08,2026-05-08T12:20:47.414Z
TAALTECH,TAAL TECH,NSE EQ,2953,-13.3,-0.45,2951.5,2996.9,2941,2966.3,816,816,,,,,,,,,,,84.19,50,NEUTRAL,kite:2026-05-08,2026-05-08T12:20:47.414Z
TAC-SM,TAC INFOSEC,NSE EQ,466.35,-19.1,-3.93,485.45,485.45,463.65,485.45,100200,100200,,,,,,,,,,,,46,NEUTRAL,kite:2026-05-08,2026-05-08T12:20:47.414Z
TAINWALCHM,TAINWALA CHEMICAL AND PLA,NSE EQ,206.46,0.77,0.37,205,218.65,205,205.69,4307,4307,,,,,,,,,,,46.99,50,NEUTRAL,kite:2026-05-08,2026-05-08T12:20:47.414Z
TAJGVK,TAJ GVK HOTELS & RESORTS,NSE EQ,328.9,-8.85,-2.62,336.1,336.1,326.9,337.75,113039,113039,,,,,,,,,,,53.89,50,NEUTRAL,kite:2026-05-08,2026-05-08T12:20:47.414Z
TAKE-BE,TAKE SOLUTIONS,NSE EQ,33.06,-1.73,-4.97,33.06,33.06,33.06,34.79,63483,63483,,,,,,,,,,,,46,NEUTRAL,kite:2026-05-08,2026-05-08T12:20:47.414Z
TALBROAUTO,TALBROS AUTO. COMP.,NSE EQ,324.7,-5.45,-1.65,330,337,323.1,330.15,85836,85836,,,,,,,,,,,61.01,50,NEUTRAL,kite:2026-05-08,2026-05-08T12:20:47.414Z
TAMBOLIIN,TAMBOLI INDUSTRIES,NSE EQ,192.64,5.77,3.09,199,213.6,187.01,186.87,76351,76351,,,,,,,,,,,55.09,54,NEUTRAL,kite:2026-05-08,2026-05-08T12:20:47.414Z
TANKUP-SM,TANKUP ENGINEERS,NSE EQ,631.05,30.05,5,610,631.05,605,601,2250,2250,,,,,,,,,,,,54,NEUTRAL,kite:2026-05-08,2026-05-08T12:20:47.414Z
TANLA,TANLA PLATFORMS,NSE EQ,564.8,-9.2,-1.6,569.85,574.9,561.2,574,526396,526396,,,,,,,,,,,34.33,50,NEUTRAL,kite:2026-05-08,2026-05-08T12:20:47.414Z
TAPIFRUIT-SM,TAPI FRUIT PROCESSING,NSE EQ,60,0,0,0,60,60,60,0,0,,,,,,,,,,,,50,NEUTRAL,kite:2026-05-08,2026-05-08T12:20:47.414Z
TARACHAND,TARA CHAND INFRA SOLN,NSE EQ,60.98,-4.66,-7.1,66.6,66.6,58.61,65.64,413583,413583,,,,,,,,,,,54.82,46,NEUTRAL,kite:2026-05-08,2026-05-08T12:20:47.414Z
TARAPUR,TARAPUR TRANSFORMERS,NSE EQ,23.06,-1.09,-4.51,23.56,24.79,22.95,24.15,82181,82181,,,,,,,,,,,69.45,46,NEUTRAL,kite:2026-05-08,2026-05-08T12:20:47.414Z
TARC,TARC,NSE EQ,136.69,-3.36,-2.4,139.9,140.41,135.8,140.05,596495,596495,,,,,,,,,,,60.85,50,NEUTRAL,kite:2026-05-08,2026-05-08T12:20:47.414Z
TARIL,TRANS & RECTI.,NSE EQ,324.6,-3.65,-1.11,328,331.2,322.3,328.25,1983527,1983527,,,,,,,,,,,38.99,50,NEUTRAL,kite:2026-05-08,2026-05-08T12:20:47.414Z
TARMAT-BE,TARMAT,NSE EQ,53.15,-0.03,-0.06,53.44,53.44,52.25,53.18,5870,5870,,,,,,,,,,,,50,NEUTRAL,kite:2026-05-08,2026-05-08T12:20:47.414Z
TARSONS,TARSONS PRODUCTS,NSE EQ,227.75,-0.78,-0.34,231.25,233.48,227.07,228.53,67991,67991,,,,,,,,,,,51.82,50,NEUTRAL,kite:2026-05-08,2026-05-08T12:20:47.414Z
TASTYBITE,TASTY BITE EATABLES,NSE EQ,8425,20,0.24,8450,8924,8200,8405,19012,19012,,,,,,,,,,,31.22,50,NEUTRAL,kite:2026-05-08,2026-05-08T12:20:47.414Z
TATACAP,TATA CAPITAL,NSE EQ,321.7,-4.1,-1.26,325.75,325.75,321.1,325.8,1318431,1318431,,,,,,,,,,,66.64,50,NEUTRAL,kite:2026-05-08,2026-05-08T12:20:47.414Z
TATACHEM,TATA CHEMICALS,NSE EQ,781.55,-23.8,-2.96,805.35,809.7,778,805.35,1543692,1543692,,,,,,,,,,,37.42,50,NEUTRAL,kite:2026-05-08,2026-05-08T12:20:47.414Z
TATACOMM,TATA COMMUNICATIONS,NSE EQ,1592.3,-1.2,-0.08,1593.9,1609.4,1575.1,1593.5,369396,369396,,,,,,,,,,,53.91,50,NEUTRAL,kite:2026-05-08,2026-05-08T12:20:47.414Z
TATACONSUM,Tata Consumer Products Limited,NSE EQ,1176.2,24.5,2.13,1155,1194,1155,1151.7,3672201,3672201,1220.9,1007.2,,1140.56,1125.86,1128.68,1122.91,63.37,27.26,2.47,48.02,72,BUY,kite:2026-05-08,2026-05-08T12:20:47.414Z
TATAELXSI,Tata Elxsi Limited,NSE EQ,4319.6,22.2,0.52,4275,4347.4,4271,4297.4,204444,204444,6735,3966.2,,4280.98,4426.13,4699.85,5123.59,50.93,93.7,0.56,32.8,50,NEUTRAL,kite:2026-05-08,2026-05-08T12:20:47.414Z
TATAGOLD,TATA GOLD EXCHANGE TRADED FUND,NSE EQ,14.59,-0.01,-0.07,14.69,14.69,14.56,14.6,56646400,56646400,,,,,,,,,,,32.93,50,NEUTRAL,kite:2026-05-08,2026-05-08T12:20:47.414Z
TATAINVEST,TATA INVESTMENT CORP,NSE EQ,717.6,-14.9,-2.03,734,735.25,716,732.5,439287,439287,,,,,,,,,,,43.03,50,NEUTRAL,kite:2026-05-08,2026-05-08T12:20:47.414Z
TATAPOWER,Tata Power Company Limited,NSE EQ,436,-3.25,-0.74,438.1,440.6,434.7,439.25,4061354,4061354,464.9,342.5,,432.72,413.06,400.17,396.23,57.17,9.19,0.44,48.45,66,BUY,kite:2026-05-08,2026-05-08T12:20:47.414Z
TATASTEEL,Tata Steel Limited,NSE EQ,214.49,-2.6,-1.2,217,217.4,214.25,217.09,17760366,17760366,219.2,140.51,,210.85,204.66,196.71,183.72,59.36,3.96,0.72,45.54,66,BUY,kite:2026-05-08,2026-05-08T12:20:47.414Z
TATATECH,TATA TECHNOLOGIES,NSE EQ,630.95,1.7,0.27,629,636,624.75,629.25,925870,925870,,,,,,,,,,,32.27,50,NEUTRAL,kite:2026-05-08,2026-05-08T12:20:47.414Z
TATSILV,TATA SILVER EXCHANGE TRADED FUND,NSE EQ,24.37,0.07,0.29,24.54,24.54,24.15,24.3,71296545,71296545,,,,,,,,,,,32,50,NEUTRAL,kite:2026-05-08,2026-05-08T12:20:47.414Z
TATVA,TATVA CHIN PHARM CHEM,NSE EQ,1352,-10.3,-0.76,1370,1420,1345.1,1362.3,76846,76846,,,,,,,,,,,37.74,50,NEUTRAL,kite:2026-05-08,2026-05-08T12:20:47.414Z
TAURIAN-SM,TAURIAN MPS,NSE EQ,275,-0.95,-0.34,273.5,275.95,273.5,275.95,3200,3200,,,,,,,,,,,,50,NEUTRAL,kite:2026-05-08,2026-05-08T12:20:47.414Z
TBI-SM,TBI CORN,NSE EQ,66.15,-1.05,-1.56,67.15,68.4,66,67.2,58800,58800,,,,,,,,,,,,50,NEUTRAL,kite:2026-05-08,2026-05-08T12:20:47.414Z
TBOTEK,TBO TEK,NSE EQ,1238.2,-27,-2.13,1265.2,1280.8,1216.7,1265.2,57685,57685,,,,,,,,,,,51.69,50,NEUTRAL,kite:2026-05-08,2026-05-08T12:20:47.414Z
TBZ,TRIB BHIMJI ZAVERI,NSE EQ,154.01,5.93,4,147.84,157,146.69,148.08,760026,760026,,,,,,,,,,,34.31,54,NEUTRAL,kite:2026-05-08,2026-05-08T12:20:47.414Z
TCC,TCC CONCEPT,NSE EQ,376.65,-4.55,-1.19,390,395,360.2,381.2,13297,13297,,,,,,,,,,,51.88,50,NEUTRAL,kite:2026-05-08,2026-05-08T12:20:47.414Z
TCHF30-NB,TCHF30-NB,NSE EQ,1050,0,0,0,1074,1030.01,1050,0,0,,,,,,,,,,,,50,NEUTRAL,kite:2026-05-08,2026-05-08T12:20:47.414Z
TCI,TRANSPORT CORPN OF INDIA,NSE EQ,970.6,-8.95,-0.91,971,983.6,966.6,979.55,20584,20584,,,,,,,,,,,44.04,50,NEUTRAL,kite:2026-05-08,2026-05-08T12:20:47.414Z
TCIEXP,TCI EXPRESS,NSE EQ,566.5,-7.1,-1.24,566,593.55,565,573.6,47240,47240,,,,,,,,,,,49.77,50,NEUTRAL,kite:2026-05-08,2026-05-08T12:20:47.414Z
TCIFINANCE,TCI FINANCE,NSE EQ,14.28,0.15,1.06,14.95,14.95,14.13,14.13,18685,18685,,,,,,,,,,,70.69,50,NEUTRAL,kite:2026-05-08,2026-05-08T12:20:47.414Z
TCL-SM,THAAI CASTING,NSE EQ,97.1,0.8,0.83,95,97.45,95,96.3,3200,3200,,,,,,,,,,,,50,NEUTRAL,kite:2026-05-08,2026-05-08T12:20:47.414Z
TCPLPACK,TCPL PACKAGING,NSE EQ,2846.2,37.2,1.32,2795,2869.9,2785.2,2809,1758,1758,,,,,,,,,,,58.82,50,NEUTRAL,kite:2026-05-08,2026-05-08T12:20:47.414Z
TCS,Tata Consultancy Services Limited,NSE EQ,2394.4,-7,-0.29,2398,2407,2375.1,2401.4,3792199,3792199,3630.5,2346.2,,2464.25,2551.47,2709.25,2903.4,38.56,52.02,0.93,56.8,34,SELL,kite:2026-05-08,2026-05-08T12:20:47.414Z
TDPOWERSYS,TD POWER SYSTEMS,NSE EQ,1219.6,-25.7,-2.06,1249.7,1277.9,1213,1245.3,947980,947980,,,,,,,,,,,40.46,50,NEUTRAL,kite:2026-05-08,2026-05-08T12:20:47.414Z
TEAMGTY,TEAM INDIA GUARANTY,NSE EQ,253.4,-6.85,-2.63,253,259,250,260.25,3710,3710,,,,,,,,,,,88.79,50,NEUTRAL,kite:2026-05-08,2026-05-08T12:20:47.414Z
TEAMLEASE,TEAMLEASE SERVICES,NSE EQ,1354.1,7.7,0.57,1340,1372.9,1337.1,1346.4,21179,21179,,,,,,,,,,,46.58,50,NEUTRAL,kite:2026-05-08,2026-05-08T12:20:47.414Z
TECH,ADITYA BIRLA SUN LIFE NIFTY IT ETF,NSE EQ,31.96,0.22,0.69,32.08,32.31,31.5,31.74,137452,137452,,,,,,,,,,,85.22,50,NEUTRAL,kite:2026-05-08,2026-05-08T12:20:47.414Z
TECHD-SM,TECHD CYBERSECURITY,NSE EQ,547.05,5.15,0.95,543,554.4,535.2,541.9,17100,17100,,,,,,,,,,,,50,NEUTRAL,kite:2026-05-08,2026-05-08T12:20:47.414Z
TECHERA-SM,TECHERA ENGINEER (IND) L,NSE EQ,214.15,-1.75,-0.81,218,218.5,213,215.9,34400,34400,,,,,,,,,,,,50,NEUTRAL,kite:2026-05-08,2026-05-08T12:20:47.414Z
TECHLABS-ST,TRIDENT TECHLABS,NSE EQ,238.5,4,1.71,223.05,242,223.05,234.5,14250,14250,,,,,,,,,,,,50,NEUTRAL,kite:2026-05-08,2026-05-08T12:20:47.414Z
TECHM,Tech Mahindra Limited,NSE EQ,1463,14.8,1.02,1453.5,1469.8,1448.4,1448.2,1360644,1360644,1854,1304.1,,1449.89,1454.04,1478.34,1496.18,52.89,35.63,0.58,50.06,50,NEUTRAL,kite:2026-05-08,2026-05-08T12:20:47.414Z
TECHNOE,TECHNO ELEC & ENG CO.,NSE EQ,1257.2,-25,-1.95,1276.8,1289.3,1246.5,1282.2,281086,281086,,,,,,,,,,,52.67,50,NEUTRAL,kite:2026-05-08,2026-05-08T12:20:47.414Z
TECHNVISN,TECHNVISION VENTURES,NSE EQ,5482.5,-17.5,-0.32,5500,5852,5350,5500,58,58,,,,,,,,,,,82.76,50,NEUTRAL,kite:2026-05-08,2026-05-08T12:20:47.414Z
TECILCHEM,TECIL CHEMICALS,NSE EQ,13.41,-0.02,-0.15,14,14,12.5,13.43,9165,9165,,,,,,,,,,,61.07,50,NEUTRAL,kite:2026-05-08,2026-05-08T12:20:47.414Z
TEGA,TEGA INDUSTRIES,NSE EQ,1662,15.7,0.95,1646.3,1678,1635,1646.3,45549,45549,,,,,,,,,,,56.4,50,NEUTRAL,kite:2026-05-08,2026-05-08T12:20:47.414Z
TEJASCARGO-SM,TEJAS CARGO INDIA,NSE EQ,359.1,0,0,0,359.1,331,359.1,0,0,,,,,,,,,,,,50,NEUTRAL,kite:2026-05-08,2026-05-08T12:20:47.414Z
TEJASNET,TEJAS NETWORKS,NSE EQ,514.4,-19,-3.56,538.4,550,510.2,533.4,9933676,9933676,,,,,,,,,,,16.76,46,NEUTRAL,kite:2026-05-08,2026-05-08T12:20:47.414Z
TEMBO,TEMBO GLOBAL IND,NSE EQ,605.7,-0.25,-0.04,615,615,601.1,605.95,43742,43742,,,,,,,,,,,54.18,50,NEUTRAL,kite:2026-05-08,2026-05-08T12:20:47.414Z
TENNIND,TENNECO CLEAN AIR INDIA L,NSE EQ,640.45,-8.7,-1.34,643,654.45,639.05,649.15,340932,340932,,,,,,,,,,,44.51,50,NEUTRAL,kite:2026-05-08,2026-05-08T12:20:47.414Z
TERASOFT,TERA SOFTWARE,NSE EQ,348.1,9.4,2.78,331,353,331,338.7,18646,18646,,,,,,,,,,,56.7,50,NEUTRAL,kite:2026-05-08,2026-05-08T12:20:47.414Z
TEXINFRA,TEXMACO INFRA & HOLDG,NSE EQ,102.36,0.44,0.43,101.78,103.99,101.2,101.92,111171,111171,,,,,,,,,,,67.98,50,NEUTRAL,kite:2026-05-08,2026-05-08T12:20:47.414Z
TEXMOPIPES,TEXMO PIPE & PRODUCTS,NSE EQ,47.07,-0.85,-1.77,47.2,48.28,47.02,47.92,22857,22857,,,,,,,,,,,60.27,50,NEUTRAL,kite:2026-05-08,2026-05-08T12:20:47.414Z
TEXRAIL,TEXMACO RAIL & ENG.,NSE EQ,114.97,0.08,0.07,114,116.6,112.9,114.89,2324327,2324327,,,,,,,,,,,33.79,50,NEUTRAL,kite:2026-05-08,2026-05-08T12:20:47.414Z
TFCILTD,TOURISM FINANCE CORP. OF,NSE EQ,83.48,-0.21,-0.25,83.79,84.61,82.1,83.69,6429051,6429051,,,,,,,,,,,63.65,50,NEUTRAL,kite:2026-05-08,2026-05-08T12:20:47.414Z
TFL,TRANSWARRANTY FIN.,NSE EQ,12.61,0.33,2.69,13.7,13.7,12.16,12.28,17149,17149,,,,,,,,,,,85.88,50,NEUTRAL,kite:2026-05-08,2026-05-08T12:20:47.414Z
TGBHOTELS,TGB BANQUETS&HOTELS,NSE EQ,9.49,0.01,0.11,9.8,9.8,9.31,9.48,20849,20849,,,,,,,,,,,98.45,50,NEUTRAL,kite:2026-05-08,2026-05-08T12:20:47.414Z
TGL-ST,TEERTH GOPICON,NSE EQ,24.6,-0.1,-0.4,0,25.15,24.6,24.7,75600,75600,,,,,,,,,,,,50,NEUTRAL,kite:2026-05-08,2026-05-08T12:20:47.414Z
THACKER,THACKER & CO.,NSE EQ,1168.2,13.2,1.14,1155,1170,1005,1155,131,131,,,,,,,,,,,90.84,50,NEUTRAL,kite:2026-05-08,2026-05-08T12:20:47.414Z
THAKDEV,THAKKERS DEVELOPERS,NSE EQ,141.12,6.72,5,141.12,141.12,141.12,134.4,10,10,,,,,,,,,,,100,54,NEUTRAL,kite:2026-05-08,2026-05-08T12:20:47.414Z
THANGAMAYL,THANGAMAYIL JEWELLERY,NSE EQ,4246.7,136.3,3.32,4110.4,4299.5,4086.9,4110.4,186120,186120,,,,,,,,,,,45.17,54,NEUTRAL,kite:2026-05-08,2026-05-08T12:20:47.414Z
THEINVEST,THE INVEST TRUST OF IND L,NSE EQ,122.7,0.37,0.3,124.78,131,121.5,122.33,29837,29837,,,,,,,,,,,53.3,50,NEUTRAL,kite:2026-05-08,2026-05-08T12:20:47.414Z
THEJO,THEJO ENGINEERING,NSE EQ,1817.3,-36.9,-1.99,1852.9,1859.8,1811,1854.2,2072,2072,,,,,,,,,,,42.37,50,NEUTRAL,kite:2026-05-08,2026-05-08T12:20:47.414Z
THELEELA,LEELA PALACES HOTEL,NSE EQ,423.45,2.7,0.64,420.75,425,416.95,420.75,244186,244186,,,,,,,,,,,59.85,50,NEUTRAL,kite:2026-05-08,2026-05-08T12:20:47.414Z
THEMISMED,THEMIS MEDICARE,NSE EQ,97.49,-1.45,-1.47,99,100,97.1,98.94,30460,30460,,,,,,,,,,,66.71,50,NEUTRAL,kite:2026-05-08,2026-05-08T12:20:47.414Z
THERMAX,THERMAX,NSE EQ,4677.5,495.2,11.84,4370,4759,4306,4182.3,3661500,3661500,,,,,,,,,,,14.96,54,NEUTRAL,kite:2026-05-08,2026-05-08T12:20:47.414Z
THESL-SM,THINKING HATS ENTER SOL L,NSE EQ,14.95,0,0,0,14.95,13.55,14.95,0,0,,,,,,,,,,,,50,NEUTRAL,kite:2026-05-08,2026-05-08T12:20:47.414Z
THOMASCOOK,THOMAS COOK (INDIA),NSE EQ,96.76,-2.93,-2.94,100,100.52,96.4,99.69,959184,959184,,,,,,,,,,,57.42,50,NEUTRAL,kite:2026-05-08,2026-05-08T12:20:47.414Z
THOMASCOTT,THOMAS SCOTT (INDIA),NSE EQ,304.5,-5.35,-1.73,314,320,301.1,309.85,44802,44802,,,,,,,,,,,53.99,50,NEUTRAL,kite:2026-05-08,2026-05-08T12:20:47.414Z
THYROCARE,THYROCARE TECH,NSE EQ,486.5,15.8,3.36,493,526,478,470.7,10925739,10925739,,,,,,,,,,,12.83,54,NEUTRAL,kite:2026-05-08,2026-05-08T12:20:47.414Z
TI,TILAKNAGAR INDUSTRIES,NSE EQ,459.65,-9.9,-2.11,470,470.35,458.1,469.55,490972,490972,,,,,,,,,,,58.26,50,NEUTRAL,kite:2026-05-08,2026-05-08T12:20:47.414Z
TICL,TWAMEV CONS AND INFRA,NSE EQ,23.23,-0.06,-0.26,23.6,23.6,22.97,23.29,42705,42705,,,,,,,,,,,47.42,50,NEUTRAL,kite:2026-05-08,2026-05-08T12:20:47.414Z
TIGERLOGS,TIGER LOGISTICS (INDIA) L,NSE EQ,47.14,5.57,13.4,40.05,47.8,40.05,41.57,1583613,1583613,,,,,,,,,,,44.16,54,NEUTRAL,kite:2026-05-08,2026-05-08T12:20:47.414Z
TIIL,TECHNOCRAFT IND,NSE EQ,2501.6,3.8,0.15,2534.9,2534.9,2490,2497.8,3546,3546,,,,,,,,,,,58.77,50,NEUTRAL,kite:2026-05-08,2026-05-08T12:20:47.414Z
TIINDIA,Tube Investments of India Limited,NSE EQ,3049.8,34.3,1.14,3008.9,3066,2980,3015.5,376943,376943,3419.9,2164.9,,2901.69,2771.06,2726.61,2826.79,66.32,91.55,1.17,70.69,66,BUY,kite:2026-05-08,2026-05-08T12:20:47.414Z
TIJARIA-BE,TIJARIA POLYPIPES,NSE EQ,4.4,0.01,0.23,0,4.47,4.4,4.39,6186,6186,,,,,,,,,,,,50,NEUTRAL,kite:2026-05-08,2026-05-08T12:20:47.414Z
TIL,TIL,NSE EQ,206.36,-10.09,-4.66,216.45,216.45,202.16,216.45,63365,63365,,,,,,,,,,,64.28,46,NEUTRAL,kite:2026-05-08,2026-05-08T12:20:47.414Z
TILPP-E1,TIL RS.7.50 PPD UP,NSE EQ,162.08,-2.42,-1.47,166.4,166.4,161.5,164.5,3467,3467,,,,,,,,,,,,50,NEUTRAL,kite:2026-05-08,2026-05-08T12:20:47.414Z
TIMESCAN-SM,TIMESCAN LOGISTICS IND L,NSE EQ,42,0,0,42,42,42,42,2000,2000,,,,,,,,,,,,50,NEUTRAL,kite:2026-05-08,2026-05-08T12:20:47.414Z
TIMETECHNO,TIME TECHNOPLAST,NSE EQ,187.08,-0.01,-0.01,186.1,188.04,182.74,187.09,3058243,3058243,,,,,,,,,,,41.09,50,NEUTRAL,kite:2026-05-08,2026-05-08T12:20:47.414Z
TIMEX,TIMEX GROUP INDIA,NSE EQ,369.45,0.45,0.12,367.2,373.75,365.15,369,94744,94744,,,,,,,,,,,66.72,50,NEUTRAL,kite:2026-05-08,2026-05-08T12:20:47.414Z
TIMKEN,TIMKEN INDIA,NSE EQ,3595,134.9,3.9,3460.5,3637.9,3460.5,3460.1,107649,107649,,,,,,,,,,,43.55,54,NEUTRAL,kite:2026-05-08,2026-05-08T12:20:47.414Z
TINNARUBR,TINNA RUBBER AND INFR,NSE EQ,836.7,13.75,1.67,834.95,879.65,809,822.95,80322,80322,,,,,,,,,,,40.62,50,NEUTRAL,kite:2026-05-08,2026-05-08T12:20:47.414Z
TIPSFILMS,TIPS FILMS,NSE EQ,386.55,-0.65,-0.17,389.25,390,379,387.2,3124,3124,,,,,,,,,,,65.59,50,NEUTRAL,kite:2026-05-08,2026-05-08T12:20:47.414Z
TIPSMUSIC,TIPS MUSIC,NSE EQ,648.35,5.15,0.8,645,654.95,640.8,643.2,267825,267825,,,,,,,,,,,54.51,50,NEUTRAL,kite:2026-05-08,2026-05-08T12:20:47.414Z
TIRUMALCHM,THIRUMALAI CHEMICALS,NSE EQ,217.18,-4.86,-2.19,220.88,222.59,216,222.04,246621,246621,,,,,,,,,,,49.52,50,NEUTRAL,kite:2026-05-08,2026-05-08T12:20:47.414Z
TIRUPATI-SM,SHREE TIRUPATI BALAJEE,NSE EQ,487.4,0,0,0,487.4,487.4,487.4,0,0,,,,,,,,,,,,50,NEUTRAL,kite:2026-05-08,2026-05-08T12:20:47.414Z
TIRUPATIFL-BE,TIRUPATI FORGE,NSE EQ,43.57,0.62,1.44,42.9,43.99,40.91,42.95,325487,325487,,,,,,,,,,,,50,NEUTRAL,kite:2026-05-08,2026-05-08T12:20:47.414Z
TITAGARH,TITAGARH RAIL SYSTEMS,NSE EQ,839.95,-4.35,-0.52,842.1,852,835,844.3,779477,779477,,,,,,,,,,,38.07,50,NEUTRAL,kite:2026-05-08,2026-05-08T12:20:47.414Z
TITAN,Titan Company Limited,NSE EQ,4509,201.5,4.68,4314,4605,4213.4,4307.5,4777990,4777990,4605,3303.1,,4383.18,4296.66,4172.69,3942.85,60.36,131.01,4.8,29.06,76,STRONG_BUY,kite:2026-05-08,2026-05-08T12:20:47.414Z
TMB,TAMILNAD MERCA BANK,NSE EQ,730.15,-13.5,-1.82,738.9,751.25,725.05,743.65,282369,282369,,,,,,,,,,,55.53,50,NEUTRAL,kite:2026-05-08,2026-05-08T12:20:47.414Z
TMCV,TATA MOTORS,NSE EQ,431,-3.05,-0.7,430,437.5,426,434.05,6852510,6852510,,,,,,,,,,,45.26,50,NEUTRAL,kite:2026-05-08,2026-05-08T12:20:47.414Z
TMPV,Tata Motors Passenger Vehicles Limited,NSE EQ,355.45,-3.8,-1.06,356,357.45,353.7,359.25,4615800,4615800,419,294.3,,347.62,346.01,352.55,,56.28,9.44,0.46,35.41,66,BUY,kite:2026-05-08,2026-05-08T12:20:47.414Z
TNIDETF,TATA NIFTY INDIA DIGITAL EXCHANGE TRADED FUND,NSE EQ,82.09,0.38,0.47,82.11,82.46,81.51,81.71,47731,47731,,,,,,,,,,,82.9,50,NEUTRAL,kite:2026-05-08,2026-05-08T12:20:47.414Z
TNPETRO,TAMILNADU PETROPRODUCTS L,NSE EQ,88.38,-1.04,-1.16,89,90,88.01,89.42,104119,104119,,,,,,,,,,,53.31,50,NEUTRAL,kite:2026-05-08,2026-05-08T12:20:47.414Z
TNPL,TAMILNADU NEWSPRT & PAPER,NSE EQ,156.37,-0.63,-0.4,157,158,154.4,157,92303,92303,,,,,,,,,,,61.67,50,NEUTRAL,kite:2026-05-08,2026-05-08T12:20:47.414Z
TNTELE,TAMILNADU TELECOMMUNICATI,NSE EQ,9.37,-0.09,-0.95,9.68,9.69,9.27,9.46,13803,13803,,,,,,,,,,,80.54,50,NEUTRAL,kite:2026-05-08,2026-05-08T12:20:47.414Z
TOKYOPLAST-BE,TOKYO PLAST  INTL,NSE EQ,86.6,-1.4,-1.59,87.8,89.7,86,88,3422,3422,,,,,,,,,,,,50,NEUTRAL,kite:2026-05-08,2026-05-08T12:20:47.414Z
TOLINS,TOLINS TYRES,NSE EQ,110.25,-1.34,-1.2,111.36,112.99,109.11,111.59,71229,71229,,,,,,,,,,,55.93,50,NEUTRAL,kite:2026-05-08,2026-05-08T12:20:47.414Z
TOP100CASE,ZERODHA NIFTY 100 ETF,NSE EQ,10.51,-0.07,-0.66,10.66,10.66,10.45,10.58,609599,609599,,,,,,,,,,,78.71,50,NEUTRAL,kite:2026-05-08,2026-05-08T12:20:47.414Z
TOP10ADD,DSP NIFTY TOP 10 EQUAL WEIGHT ETF,NSE EQ,87.87,-0.4,-0.45,88.37,88.37,87.51,88.27,196630,196630,,,,,,,,,,,73.51,50,NEUTRAL,kite:2026-05-08,2026-05-08T12:20:47.414Z
TOP20,MIRAE ASSET NIFTY TOP 20 EQUAL WEIGHT ETF,NSE EQ,8.76,-0.02,-0.23,8.78,8.79,8.73,8.78,65777,65777,,,,,,,,,,,95.13,50,NEUTRAL,kite:2026-05-08,2026-05-08T12:20:47.414Z
TORNTPHARM,Torrent Pharmaceuticals Limited,NSE EQ,4380.8,18.1,0.41,4350,4398.4,4336.7,4362.7,116850,116850,4482.9,3101.6,,4235.96,4193.01,4090.61,3865.28,64.52,83.38,0.37,50.24,66,BUY,kite:2026-05-08,2026-05-08T12:20:47.414Z
TORNTPOWER,Torrent Power Limited,NSE EQ,1724.4,11.9,0.69,1715.1,1734.9,1710,1712.5,210301,210301,1824.1,1188,,1659.43,1559.49,1483.89,1424.95,64.39,53.53,0.26,45.24,66,BUY,kite:2026-05-08,2026-05-08T12:20:47.414Z
TOTAL,TOTAL TRANSPORT SYS,NSE EQ,58.37,-1.62,-2.7,61.78,61.78,58.15,59.99,1178,1178,,,,,,,,,,,62.99,50,NEUTRAL,kite:2026-05-08,2026-05-08T12:20:47.414Z
TOUCHWOOD,TOUCHWOOD ENTERTAIN,NSE EQ,77.51,-1.23,-1.56,75.31,81.79,75.31,78.74,1886,1886,,,,,,,,,,,56.84,50,NEUTRAL,kite:2026-05-08,2026-05-08T12:20:47.414Z
TPHQ,TEAMO PRODUCTIONS HQ,NSE EQ,0.57,-0.01,-1.72,0.58,0.59,0.57,0.58,974040,974040,,,,,,,,,,,56.61,50,NEUTRAL,kite:2026-05-08,2026-05-08T12:20:47.414Z
TPLPLASTEH,TPL PLASTECH,NSE EQ,66.8,-0.24,-0.36,67.8,67.8,66.26,67.04,165268,165268,,,,,,,,,,,21.33,50,NEUTRAL,kite:2026-05-08,2026-05-08T12:20:47.414Z
TRACXN,TRACXN TECHNOLOGIES,NSE EQ,35.61,-0.6,-1.66,36.25,36.44,35.35,36.21,173365,173365,,,,,,,,,,,48.01,50,NEUTRAL,kite:2026-05-08,2026-05-08T12:20:47.414Z
TRANSPEK,TRANSPEK INDUSTRY,NSE EQ,1244.3,28.2,2.32,1216,1250,1200.2,1216.1,2224,2224,,,,,,,,,,,85.48,50,NEUTRAL,kite:2026-05-08,2026-05-08T12:20:47.414Z
TRANSRAILL,TRANSRAIL LIGHTING,NSE EQ,566.8,-19.7,-3.36,581,589.45,563,586.5,963929,963929,,,,,,,,,,,44.62,46,NEUTRAL,kite:2026-05-08,2026-05-08T12:20:47.414Z
TRANSTEEL-SM,TRANSTEEL SEATING TECH L,NSE EQ,138.65,-0.55,-0.4,139.2,144.85,138,139.2,118000,118000,,,,,,,,,,,,50,NEUTRAL,kite:2026-05-08,2026-05-08T12:20:47.414Z
TRANSWIND-SM,TRANSWIND INFRA,NSE EQ,14.5,-0.75,-4.92,15,15,14.5,15.25,8000,8000,,,,,,,,,,,,46,NEUTRAL,kite:2026-05-08,2026-05-08T12:20:47.414Z
TRANSWORLD,TRANSWORLD SHIP LINES,NSE EQ,167.8,-0.6,-0.36,168.13,169.5,167,168.4,10241,10241,,,,,,,,,,,56.21,50,NEUTRAL,kite:2026-05-08,2026-05-08T12:20:47.414Z
TRAVELFOOD,TRAVEL FOOD SERVICES,NSE EQ,1248,-2.2,-0.18,1250,1255.7,1242,1250.2,16812,16812,,,,,,,,,,,54.65,50,NEUTRAL,kite:2026-05-08,2026-05-08T12:20:47.414Z
TREEHOUSE-BE,TREE HOUSE EDU,NSE EQ,8.09,0.18,2.28,7.7,8.2,7.7,7.91,15983,15983,,,,,,,,,,,,50,NEUTRAL,kite:2026-05-08,2026-05-08T12:20:47.414Z
TREJHARA,TREJHARA SOLUTIONS,NSE EQ,174.21,0.7,0.4,172.03,179.05,169.96,173.51,17053,17053,,,,,,,,,,,33.09,50,NEUTRAL,kite:2026-05-08,2026-05-08T12:20:47.414Z
TREL,TRANSINDIA REAL ESTATE L,NSE EQ,28.62,0.54,1.92,28.1,29.25,27.9,28.08,138095,138095,,,,,,,,,,,62.95,50,NEUTRAL,kite:2026-05-08,2026-05-08T12:20:47.414Z
TRENT,Trent Limited,NSE EQ,4242.3,-51.8,-1.21,4283.2,4318.9,4221.9,4294.1,541763,541763,6261,3275.5,,4140.39,4015.98,4083.26,4486.52,58.97,111.77,0.42,44.88,66,BUY,kite:2026-05-08,2026-05-08T12:20:47.414Z
TRF,TRF,NSE EQ,272.05,-0.15,-0.06,272.6,277,269.1,272.2,5799,5799,,,,,,,,,,,56.6,50,NEUTRAL,kite:2026-05-08,2026-05-08T12:20:47.414Z
TRIDENT,TRIDENT,NSE EQ,26.57,-0.25,-0.93,26.9,27.11,26.5,26.82,6351674,6351674,,,,,,,,,,,38.4,50,NEUTRAL,kite:2026-05-08,2026-05-08T12:20:47.414Z
TRIDHYA-SM,TRIDHYA TECH,NSE EQ,9.4,0,0,0,9.4,9.4,9.4,0,0,,,,,,,,,,,,50,NEUTRAL,kite:2026-05-08,2026-05-08T12:20:47.414Z
TRIGYN,TRIGYN TECHNOLOGIES,NSE EQ,63.03,2.45,4.04,60.88,63.5,59.51,60.58,73930,73930,,,,,,,,,,,59.25,54,NEUTRAL,kite:2026-05-08,2026-05-08T12:20:47.414Z
TRITURBINE,TRIVENI TURBINE,NSE EQ,597.9,23.8,4.15,575.25,604.65,564.3,574.1,2294453,2294453,,,,,,,,,,,37.69,54,NEUTRAL,kite:2026-05-08,2026-05-08T12:20:47.414Z
TRIVENI,TRIVENI ENGG. & INDS.,NSE EQ,402.4,-1,-0.25,406,411,396.4,403.4,449605,449605,,,,,,,,,,,50.8,50,NEUTRAL,kite:2026-05-08,2026-05-08T12:20:47.414Z
TROM-ST,TROM INDUSTRIES,NSE EQ,65.6,-3.45,-5,68,68,65.6,69.05,4200,4200,,,,,,,,,,,,46,NEUTRAL,kite:2026-05-08,2026-05-08T12:20:47.414Z
TRU,TRUCAP FINANCE,NSE EQ,6.42,0.17,2.72,6.39,6.54,6.26,6.25,121591,121591,,,,,,,,,,,68.13,50,NEUTRAL,kite:2026-05-08,2026-05-08T12:20:47.414Z
TRUALT,TRUALT BIOENERGY,NSE EQ,484.8,7.75,1.62,479,490,475.5,477.05,351412,351412,,,,,,,,,,,51.83,50,NEUTRAL,kite:2026-05-08,2026-05-08T12:20:47.414Z
TRUST-SM,TRUST FINTECH,NSE EQ,39,0,0,0,39,37,39,0,0,,,,,,,,,,,,50,NEUTRAL,kite:2026-05-08,2026-05-08T12:20:47.414Z
TSC-SM,TSC INDIA,NSE EQ,35,0,0,0,35,34.7,35,0,0,,,,,,,,,,,,50,NEUTRAL,kite:2026-05-08,2026-05-08T12:20:47.414Z
TSFINV,TSF INVESTMENTS,NSE EQ,421,-6.6,-1.54,429,429,416.35,427.6,40834,40834,,,,,,,,,,,57.01,50,NEUTRAL,kite:2026-05-08,2026-05-08T12:20:47.414Z
TTKHLTCARE,TTK HEALTHCARE,NSE EQ,926.85,-8.6,-0.92,942,942,920,935.45,1420,1420,,,,,,,,,,,54.86,50,NEUTRAL,kite:2026-05-08,2026-05-08T12:20:47.414Z
TTKPRESTIG,TTK PRESTIGE,NSE EQ,518.85,-14.85,-2.78,533,534.35,517.45,533.7,43789,43789,,,,,,,,,,,53.13,50,NEUTRAL,kite:2026-05-08,2026-05-08T12:20:47.414Z
TTL-BE,T T,NSE EQ,7.88,0.37,4.93,7.77,7.88,7.41,7.51,222594,222594,,,,,,,,,,,,54,NEUTRAL,kite:2026-05-08,2026-05-08T12:20:47.414Z
TTML,TATA TELESERV(MAHARASTRA),NSE EQ,44.1,-0.76,-1.69,44.78,44.79,43.7,44.86,2235649,2235649,,,,,,,,,,,40.16,50,NEUTRAL,kite:2026-05-08,2026-05-08T12:20:47.414Z
TUNWAL-SM,TUNWAL E-MOTORS,NSE EQ,34.55,-0.55,-1.57,34.35,35.05,34.25,35.1,44000,44000,,,,,,,,,,,,50,NEUTRAL,kite:2026-05-08,2026-05-08T12:20:47.414Z
TVSELECT,TVS ELECTRONICS,NSE EQ,505.7,-5.05,-0.99,514.7,518.4,501.75,510.75,68654,68654,,,,,,,,,,,45.39,50,NEUTRAL,kite:2026-05-08,2026-05-08T12:20:47.414Z
TVSHLTD,TVS HOLDINGS,NSE EQ,14430,-202,-1.38,14577,14672,14370,14632,2149,2149,,,,,,,,,,,47.7,50,NEUTRAL,kite:2026-05-08,2026-05-08T12:20:47.414Z
TVSINVIT-IV,TVS INFRASTRUCTURE TRUST,NSE EQ,117,0,0,0,117,117,117,0,0,,,,,,,,,,,,50,NEUTRAL,kite:2026-05-08,2026-05-08T12:20:47.414Z
TVSMNCRPS-P1,TVS MOTOR COMPANY,NSE EQ,10.2,-0.05,-0.49,10.2,10.25,10.2,10.25,333769,333769,,,,,,,,,,,,50,NEUTRAL,kite:2026-05-08,2026-05-08T12:20:47.414Z
TVSMOTOR,TVS Motor Company Limited,NSE EQ,3695.2,-11.5,-0.31,3654.5,3718.7,3633.1,3706.7,365671,365671,3970,2640,,3598.88,3615.6,3599.31,3428.48,56.36,103.66,0.45,49.98,54,NEUTRAL,kite:2026-05-08,2026-05-08T12:20:47.414Z
TVSSCS-BE,TVS SUPPLY CHAIN SOL L,NSE EQ,125.29,3.23,2.65,121.5,127.5,120.97,122.06,475433,475433,,,,,,,,,,,,50,NEUTRAL,kite:2026-05-08,2026-05-08T12:20:47.414Z
TVSSRICHAK,TVS SRICHAKRA,NSE EQ,3942.3,16.4,0.42,3925.9,3965,3905.2,3925.9,2135,2135,,,,,,,,,,,56.58,50,NEUTRAL,kite:2026-05-08,2026-05-08T12:20:47.414Z
TVTODAY,TV TODAY NETWORK,NSE EQ,124.2,5.84,4.93,119.9,129.98,119.37,118.36,247329,247329,,,,,,,,,,,39.14,54,NEUTRAL,kite:2026-05-08,2026-05-08T12:20:47.414Z
TVVISION,TV VISION,NSE EQ,5.39,0.01,0.19,5.5,5.59,5.22,5.38,29636,29636,,,,,,,,,,,71.37,50,NEUTRAL,kite:2026-05-08,2026-05-08T12:20:47.414Z
TWCGOLDETF,THE WEALTH COMPANY GOLD ETF,NSE EQ,150.14,0.13,0.09,153.8,159.9,148.89,150.01,2275,2275,,,,,,,,,,,93.67,50,NEUTRAL,kite:2026-05-08,2026-05-08T12:20:47.414Z
UBL,United Breweries Limited,NSE EQ,1419.8,-8.4,-0.59,1429,1441.9,1415.5,1428.2,353212,353212,2211.5,1382,,1471.44,1517.23,1573.42,1701.92,34.95,37.63,1.26,77.93,34,SELL,kite:2026-05-08,2026-05-08T12:20:47.414Z
UCAL,UCAL,NSE EQ,108.8,5.6,5.43,103.99,109,102.8,103.2,19653,19653,,,,,,,,,,,79.44,54,NEUTRAL,kite:2026-05-08,2026-05-08T12:20:47.414Z
UCL-ST,USHANTI COLOUR CHEM,NSE EQ,135.15,2.65,2,0,135.15,133,132.5,6000,6000,,,,,,,,,,,,50,NEUTRAL,kite:2026-05-08,2026-05-08T12:20:47.414Z
UCOBANK,UCO BANK,NSE EQ,26.78,-0.51,-1.87,27.34,27.34,26.67,27.29,6254419,6254419,,,,,,,,,,,50.14,50,NEUTRAL,kite:2026-05-08,2026-05-08T12:20:47.414Z
UDS,UPDATER SERVICES,NSE EQ,177,12.56,7.64,169,179.9,167.8,164.44,1761620,1761620,,,,,,,,,,,40.8,54,NEUTRAL,kite:2026-05-08,2026-05-08T12:20:47.414Z
UEL,UJAAS ENERGY,NSE EQ,156.99,-3.81,-2.37,159.1,161.66,156,160.8,12260,12260,,,,,,,,,,,67.01,50,NEUTRAL,kite:2026-05-08,2026-05-08T12:20:47.414Z
UFBL,UNITED FOODBRANDS,NSE EQ,384.2,11.55,3.1,368.05,393.95,356.65,372.65,98691,98691,,,,,,,,,,,62.6,54,NEUTRAL,kite:2026-05-08,2026-05-08T12:20:47.414Z
UFLEX,UFLEX,NSE EQ,438.25,-6.85,-1.54,445.9,446.95,436.6,445.1,28573,28573,,,,,,,,,,,71,50,NEUTRAL,kite:2026-05-08,2026-05-08T12:20:47.414Z
UFO,UFO MOVIEZ INDIA,NSE EQ,74.26,0.08,0.11,73.81,79.08,73.12,74.18,232223,232223,,,,,,,,,,,43.33,50,NEUTRAL,kite:2026-05-08,2026-05-08T12:20:47.414Z
UGARSUGAR,THE UGAR SUGAR WORKS,NSE EQ,43.66,-1.33,-2.96,44.81,44.94,43.2,44.99,167172,167172,,,,,,,,,,,48.34,50,NEUTRAL,kite:2026-05-08,2026-05-08T12:20:47.414Z
UGROCAP,UGRO CAPITAL,NSE EQ,106.32,-3.78,-3.43,110.1,110.11,105.25,110.1,449744,449744,,,,,,,,,,,65.75,46,NEUTRAL,kite:2026-05-08,2026-05-08T12:20:47.414Z
UHTL-SM,UNITED HEAT TRANSFER,NSE EQ,56.75,6.65,13.27,50,57.9,50,50.1,156000,156000,,,,,,,,,,,,54,NEUTRAL,kite:2026-05-08,2026-05-08T12:20:47.414Z
UJJIVANSFB,UJJIVAN SMALL FINANC BANK,NSE EQ,62.4,-0.27,-0.43,62.99,65.46,62,62.67,51422213,51422213,,,,,,,,,,,28.08,50,NEUTRAL,kite:2026-05-08,2026-05-08T12:20:47.414Z
ULTRACEMCO,UltraTech Cement Limited,NSE EQ,11950,-196,-1.61,12090,12110,11877,12146,258727,258727,13110,10325,,11818.57,11786.73,11868.31,11925.12,54.29,260.39,0.76,55.05,62,BUY,kite:2026-05-08,2026-05-08T12:20:47.414Z
ULTRAMAR,ULTRAMARINE & PIGMENTS L,NSE EQ,433.8,19.05,4.59,410,436.75,410,414.75,22723,22723,,,,,,,,,,,84.28,54,NEUTRAL,kite:2026-05-08,2026-05-08T12:20:47.414Z
UMA-SM,UMA CONVERTER,NSE EQ,20.75,0,0,0,20.75,19.8,20.75,0,0,,,,,,,,,,,,50,NEUTRAL,kite:2026-05-08,2026-05-08T12:20:47.414Z
UMAEXPORTS-BE,UMA EXPORTS,NSE EQ,25.87,0.29,1.13,25.58,26.78,25.06,25.58,16181,16181,,,,,,,,,,,,50,NEUTRAL,kite:2026-05-08,2026-05-08T12:20:47.414Z
UMESLTD-BE,USHA MARTIN EDU & SOL,NSE EQ,5.46,-0.28,-4.88,5.68,5.75,5.46,5.74,45318,45318,,,,,,,,,,,,46,NEUTRAL,kite:2026-05-08,2026-05-08T12:20:47.414Z
UMIYA-MRO,UMIYA BUILDCON,NSE EQ,90.48,2.05,2.32,88,91.5,86.25,88.43,33851,33851,,,,,,,,,,,60.09,50,NEUTRAL,kite:2026-05-08,2026-05-08T12:20:47.414Z
UNICHEMLAB,UNICHEM LABORATORIES,NSE EQ,385.8,-6.55,-1.67,390,395.95,383,392.35,15556,15556,,,,,,,,,,,44.95,50,NEUTRAL,kite:2026-05-08,2026-05-08T12:20:47.414Z
UNIDT,UNITED DRILLING TOOLS,NSE EQ,202.79,-3.12,-1.52,203,206.69,201.02,205.91,5495,5495,,,,,,,,,,,64.24,50,NEUTRAL,kite:2026-05-08,2026-05-08T12:20:47.414Z
UNIECOM,UNICOMMERCE ESOLUTIONS L,NSE EQ,95.06,3.18,3.46,91.7,95.5,91.05,91.88,664353,664353,,,,,,,,,,,43.97,54,NEUTRAL,kite:2026-05-08,2026-05-08T12:20:47.414Z
UNIENTER,UNIPHOS ENTERPRISES,NSE EQ,107.95,0.84,0.78,107.66,109.55,107.01,107.11,1955,1955,,,,,,,,,,,70.54,50,NEUTRAL,kite:2026-05-08,2026-05-08T12:20:47.414Z
UNIHEALTH-ST,UNIHEALTH HOSPITALS,NSE EQ,441,4.1,0.94,435.85,448,415.1,436.9,46500,46500,,,,,,,,,,,,50,NEUTRAL,kite:2026-05-08,2026-05-08T12:20:47.414Z
UNIINFO-BE,UNIINFO TELECOM SERVI,NSE EQ,12.46,-0.52,-4.01,12.98,13.2,12.34,12.98,15326,15326,,,,,,,,,,,,46,NEUTRAL,kite:2026-05-08,2026-05-08T12:20:47.414Z
UNILEX-SM,UNILEX COLOURS AND CHEM L,NSE EQ,28.1,0.1,0.36,28.1,28.1,28.1,28,1600,1600,,,,,,,,,,,,50,NEUTRAL,kite:2026-05-08,2026-05-08T12:20:47.414Z
UNIMECH,UNIMECH AEROSPACE N MFG L,NSE EQ,1043.9,-20.4,-1.92,1083,1083,1040,1064.3,52591,52591,,,,,,,,,,,46.15,50,NEUTRAL,kite:2026-05-08,2026-05-08T12:20:47.414Z
UNIONBANK,Union Bank of India,NSE EQ,166.24,-1.04,-0.62,166.5,167.28,164.5,167.28,15053176,15053176,205.49,114.51,,173.05,176.21,172.57,160.92,39.51,5,0.81,54.75,34,SELL,kite:2026-05-08,2026-05-08T12:20:47.414Z
UNIONGOLD,UNION GOLD ETF,NSE EQ,146.6,-1.1,-0.74,148.5,148.5,145.15,147.7,1933,1933,,,,,,,,,,,73.05,50,NEUTRAL,kite:2026-05-08,2026-05-08T12:20:47.414Z
UNIPARTS,UNIPARTS INDIA,NSE EQ,565.75,7.75,1.39,561,581.95,555.9,558,275700,275700,,,,,,,,,,,39.18,50,NEUTRAL,kite:2026-05-08,2026-05-08T12:20:47.414Z
UNITDSPR,UNITED SPIRITS,NSE EQ,1280.8,1,0.08,1285,1291.9,1273.9,1279.8,1284584,1284584,,,,,,,,,,,53.77,50,NEUTRAL,kite:2026-05-08,2026-05-08T12:20:47.414Z
UNITECH,UNITECH,NSE EQ,4.89,-0.07,-1.41,4.98,4.99,4.86,4.96,3783515,3783515,,,,,,,,,,,66.57,50,NEUTRAL,kite:2026-05-08,2026-05-08T12:20:47.414Z
UNITEDPOLY,UNITED POLYFAB GUJ.,NSE EQ,33.09,-0.13,-0.39,33.38,34,32.82,33.22,121696,121696,,,,,,,,,,,64.68,50,NEUTRAL,kite:2026-05-08,2026-05-08T12:20:47.414Z
UNITEDTEA,UNITED NILGIRI TEA,NSE EQ,545.65,-2.3,-0.42,547.95,549.75,539.05,547.95,801,801,,,,,,,,,,,63.55,50,NEUTRAL,kite:2026-05-08,2026-05-08T12:20:47.414Z
UNIVASTU,UNIVASTU INDIA,NSE EQ,73.61,-0.93,-1.25,76,76,73.3,74.54,59315,59315,,,,,,,,,,,81.81,50,NEUTRAL,kite:2026-05-08,2026-05-08T12:20:47.414Z
UNIVCABLES,UNIVERSAL CABLES,NSE EQ,1139.45,63.35,5.89,1065,1234,1056.15,1076.1,1390630,1390630,,,,,,,,,,,22.31,54,NEUTRAL,kite:2026-05-08,2026-05-08T12:20:47.414Z
UNIVPHOTO-BE,UNIVERSUS IMAGINGS,NSE EQ,475,-5.2,-1.08,0,475,475,480.2,32,32,,,,,,,,,,,,50,NEUTRAL,kite:2026-05-08,2026-05-08T12:20:47.414Z
UNOMINDA,UNO MINDA,NSE EQ,1178.9,33.2,2.9,1143,1189.7,1141.4,1145.7,1117899,1117899,,,,,,,,,,,41.3,50,NEUTRAL,kite:2026-05-08,2026-05-08T12:20:47.414Z
UPL,UPL Limited,NSE EQ,646,-4.45,-0.68,653.65,654.3,643.5,650.45,1751781,1751781,812.2,565.15,,643.81,651.41,671.3,677.37,51.31,14.09,1,56.89,50,NEUTRAL,kite:2026-05-08,2026-05-08T12:20:47.414Z
URAVIDEF-BE,URAVI DEFENCE &TECH,NSE EQ,133.42,0.13,0.1,133.29,137.29,132,133.29,7153,7153,,,,,,,,,,,,50,NEUTRAL,kite:2026-05-08,2026-05-08T12:20:47.414Z
URBAN-SM,URBAN ENVIRO WASTE MGMT L,NSE EQ,148.7,-8.35,-5.32,161.4,161.4,145.6,157.05,62400,62400,,,,,,,,,,,,46,NEUTRAL,kite:2026-05-08,2026-05-08T12:20:47.414Z
URBANCO,URBAN COMPANY,NSE EQ,139.67,-6.95,-4.74,145.99,147.45,137.55,146.62,6734709,6734709,,,,,,,,,,,48.53,46,NEUTRAL,kite:2026-05-08,2026-05-08T12:20:47.414Z
URJA,URJA GLOBAL,NSE EQ,11.22,-0.06,-0.53,11.27,11.36,11.09,11.28,1183626,1183626,,,,,,,,,,,42.74,50,NEUTRAL,kite:2026-05-08,2026-05-08T12:20:47.414Z
USASEEDS-SM,UPSURGE SEEDS OF AGRI,NSE EQ,108.95,0,0,0,108.95,108.95,108.95,0,0,,,,,,,,,,,,50,NEUTRAL,kite:2026-05-08,2026-05-08T12:20:47.414Z
USHAFIN-SM,USHA FINANCIAL SERVICES L,NSE EQ,31.35,-0.3,-0.95,31.4,31.5,31.2,31.65,8000,8000,,,,,,,,,,,,50,NEUTRAL,kite:2026-05-08,2026-05-08T12:20:47.414Z
USHAMART,USHA MARTIN,NSE EQ,472.85,-4.55,-0.95,479.9,490,470.2,477.4,1339536,1339536,,,,,,,,,,,47.8,50,NEUTRAL,kite:2026-05-08,2026-05-08T12:20:47.414Z
USK-BE,UDAYSHIVAKUMAR INFRA,NSE EQ,23.36,-0.04,-0.17,23.4,23.77,23.2,23.4,17629,17629,,,,,,,,,,,,50,NEUTRAL,kite:2026-05-08,2026-05-08T12:20:47.414Z
UTIAMC,UTI ASSET MNGMT CO,NSE EQ,975.65,0.7,0.07,974.95,980.4,970,974.95,78184,78184,,,,,,,,,,,54.33,50,NEUTRAL,kite:2026-05-08,2026-05-08T12:20:47.414Z
UTKARSHBNK,UTKARSH SMALL FIN BANK L,NSE EQ,15.49,-0.06,-0.39,15.57,15.64,15.32,15.55,6542188,6542188,,,,,,,,,,,48.87,50,NEUTRAL,kite:2026-05-08,2026-05-08T12:20:47.414Z
UTLSOLAR,FUJIYAMA POWER SYSTEMS L,NSE EQ,272.05,-14.3,-4.99,283.4,285.45,272.05,286.35,269112,269112,,,,,,,,,,,59.58,46,NEUTRAL,kite:2026-05-08,2026-05-08T12:20:47.414Z
UTSSAV-SM,UTSSAV CZ GOLD JEWELS,NSE EQ,254.85,0.2,0.08,254.65,255.6,248.1,254.65,72000,72000,,,,,,,,,,,,50,NEUTRAL,kite:2026-05-08,2026-05-08T12:20:47.414Z
UTTAMSUGAR,UTTAM SUGAR MILLS,NSE EQ,252.15,-1.35,-0.53,253.1,256.4,250.1,253.5,75116,75116,,,,,,,,,,,48.62,50,NEUTRAL,kite:2026-05-08,2026-05-08T12:20:47.414Z
UWCSL-SM,ULTRA WIRING CONN SYS,NSE EQ,92.2,0,0,0,92.2,92.2,92.2,0,0,,,,,,,,,,,,50,NEUTRAL,kite:2026-05-08,2026-05-08T12:20:47.414Z
UYFINCORP,U. Y. FINCORP,NSE EQ,14.59,0.03,0.21,14.97,14.97,14.26,14.56,66357,66357,,,,,,,,,,,84.36,50,NEUTRAL,kite:2026-05-08,2026-05-08T12:20:47.414Z
V2RETAIL,V2 RETAIL,NSE EQ,219.64,3.72,1.72,214.1,223.38,212.25,215.92,1223999,1223999,,,,,,,,,,,46.1,50,NEUTRAL,kite:2026-05-08,2026-05-08T12:20:47.414Z
VADILALIND,VADILAL INDUSTRIES,NSE EQ,4603.2,-34,-0.73,4685,4685,4585,4637.2,7340,7340,,,,,,,,,,,50.59,50,NEUTRAL,kite:2026-05-08,2026-05-08T12:20:47.414Z
VAIBHAVGBL,VAIBHAV GLOBAL,NSE EQ,235.08,1.59,0.68,232.5,237.53,230.01,233.49,310459,310459,,,,,,,,,,,36.75,50,NEUTRAL,kite:2026-05-08,2026-05-08T12:20:47.414Z
VAISHALI-BE,VAISHALI PHARMA,NSE EQ,7.47,0.01,0.13,7.46,7.83,7.22,7.46,98612,98612,,,,,,,,,,,,50,NEUTRAL,kite:2026-05-08,2026-05-08T12:20:47.414Z
VAKRANGEE,VAKRANGEE,NSE EQ,6.9,0.01,0.15,6.89,6.97,6.85,6.89,941349,941349,,,,,,,,,,,55.64,50,NEUTRAL,kite:2026-05-08,2026-05-08T12:20:47.414Z
VALIANTLAB-BE,VALIANT LABORATORIES,NSE EQ,79.11,-0.83,-1.04,79.9,81,78,79.94,9672,9672,,,,,,,,,,,,50,NEUTRAL,kite:2026-05-08,2026-05-08T12:20:47.414Z
VALIANTORG,VALIANT ORGANICS,NSE EQ,297.65,-0.95,-0.32,300.85,307,292,298.6,39242,39242,,,,,,,,,,,57.17,50,NEUTRAL,kite:2026-05-08,2026-05-08T12:20:47.414Z
VALUE,MIRAEAMC - VALUE,NSE EQ,16.72,-0.18,-1.07,16.84,16.84,16.68,16.9,23364,23364,,,,,,,,,,,79.8,50,NEUTRAL,kite:2026-05-08,2026-05-08T12:20:47.414Z
VARDHACRLC,VARDHAMAN ACRYLICS,NSE EQ,41.13,-1.02,-2.42,42.1,42.32,40.56,42.15,85459,85459,,,,,,,,,,,67.43,50,NEUTRAL,kite:2026-05-08,2026-05-08T12:20:47.414Z
VARDMNPOLY-BE,VARDHMAN POLYTEX,NSE EQ,6.95,0.04,0.58,6.99,6.99,6.7,6.91,181221,181221,,,,,,,,,,,,50,NEUTRAL,kite:2026-05-08,2026-05-08T12:20:47.414Z
VARROC,VARROC ENGINEERING,NSE EQ,559.85,-5.15,-0.91,568,571.45,556.55,565,75864,75864,,,,,,,,,,,48.99,50,NEUTRAL,kite:2026-05-08,2026-05-08T12:20:47.414Z
VASA-SM,VASA RETAIL & OVERSEA,NSE EQ,4.65,0,0,0,4.65,4.6,4.65,0,0,,,,,,,,,,,,50,NEUTRAL,kite:2026-05-08,2026-05-08T12:20:47.414Z
VASCONEQ-BE,VASCON ENGINEERS,NSE EQ,39.67,-0.54,-1.34,40.41,40.88,39,40.21,278674,278674,,,,,,,,,,,,50,NEUTRAL,kite:2026-05-08,2026-05-08T12:20:47.414Z
VASWANI,VASWANI IND,NSE EQ,56.92,-1.25,-2.15,59.35,59.35,56.16,58.17,51519,51519,,,,,,,,,,,52.03,50,NEUTRAL,kite:2026-05-08,2026-05-08T12:20:47.414Z
VBL,Varun Beverages Limited,NSE EQ,508.85,-1.75,-0.34,511,514.5,506.6,510.6,1878374,1878374,534.7,381,,489.38,466.17,462,466.35,65.36,13.42,0.21,48.02,66,BUY,kite:2026-05-08,2026-05-08T12:20:47.414Z
VCL,VAXTEX COTFAB,NSE EQ,1.49,-0.02,-1.32,1.56,1.56,1.44,1.51,308958,308958,,,,,,,,,,,68.76,50,NEUTRAL,kite:2026-05-08,2026-05-08T12:20:47.414Z
VDEAL-SM,VDEAL SYSTEM,NSE EQ,176.05,-6.95,-3.8,180,180,176.05,183,3000,3000,,,,,,,,,,,,46,NEUTRAL,kite:2026-05-08,2026-05-08T12:20:47.414Z
VEDL,Vedanta Limited,NSE EQ,296.45,-8.95,-2.93,305.65,306.4,295.9,305.4,32681575,32681575,795,268.7,,515.39,608.4,616.81,562.45,21.9,46.9,0.98,39.92,46,NEUTRAL,kite:2026-05-08,2026-05-08T12:20:47.414Z
VEEDOL,VEEDOL CORPORATION,NSE EQ,1518.5,42.8,2.9,1484,1528,1453.2,1475.7,35395,35395,,,,,,,,,,,53.11,50,NEUTRAL,kite:2026-05-08,2026-05-08T12:20:47.414Z
VEEKAYEM-ST,VEEKAYEM FASH & APP,NSE EQ,142.45,-7.45,-4.97,142.45,142.45,142.45,149.9,500,500,,,,,,,,,,,,46,NEUTRAL,kite:2026-05-08,2026-05-08T12:20:47.414Z
VELJAN,VELJAN DENISON,NSE EQ,1025,-34.1,-3.22,1059,1065,1025,1059.1,165,165,,,,,,,,,,,93.33,46,NEUTRAL,kite:2026-05-08,2026-05-08T12:20:47.414Z
VELS-SM,VELS FILM INTERNATIONAL L,NSE EQ,73.5,1.75,2.44,75,75,73.5,71.75,2400,2400,,,,,,,,,,,,50,NEUTRAL,kite:2026-05-08,2026-05-08T12:20:47.414Z
VENKEYS,VENKY S (INDIA),NSE EQ,1631,15.2,0.94,1620.1,1639,1604.9,1615.8,33765,33765,,,,,,,,,,,52.18,50,NEUTRAL,kite:2026-05-08,2026-05-08T12:20:47.414Z
VENTIVE,VENTIVE HOSPITALITY,NSE EQ,673.8,19.15,2.93,654.65,682,648.6,654.65,111789,111789,,,,,,,,,,,73.12,50,NEUTRAL,kite:2026-05-08,2026-05-08T12:20:47.414Z
VENUSPIPES,VENUS PIPES & TUBES,NSE EQ,1403,-18.2,-1.28,1438,1450,1391.4,1421.2,51090,51090,,,,,,,,,,,58.87,50,NEUTRAL,kite:2026-05-08,2026-05-08T12:20:47.414Z
VENUSREM,VENUS REMEDIES,NSE EQ,1006.75,38.95,4.02,973,1016.15,972.7,967.8,80385,80385,,,,,,,,,,,64.53,54,NEUTRAL,kite:2026-05-08,2026-05-08T12:20:47.414Z
VERA-SM,VERA SYNTHETIC,NSE EQ,69,0,0,0,69,69,69,0,0,,,,,,,,,,,,50,NEUTRAL,kite:2026-05-08,2026-05-08T12:20:47.414Z
VERANDA,VERANDA LEARNING SOL,NSE EQ,217.76,-5.04,-2.26,221,223.7,215.25,222.8,154632,154632,,,,,,,,,,,53.32,50,NEUTRAL,kite:2026-05-08,2026-05-08T12:20:47.414Z
VERITAAS-SM,VERITAAS ADVERTISING,NSE EQ,50,0,0,0,50,50,50,0,0,,,,,,,,,,,,50,NEUTRAL,kite:2026-05-08,2026-05-08T12:20:47.414Z
VERTEXPLUS-SM,VERTEXPLUS TECHNOLOGIES L,NSE EQ,80.75,-4.25,-5,84.95,84.95,80.75,85,2400,2400,,,,,,,,,,,,46,NEUTRAL,kite:2026-05-08,2026-05-08T12:20:47.414Z
VERTIS-IV,VERTIS INFRASTRUCTURE TST,NSE EQ,108.04,-1.96,-1.78,108,110,108,110,900000,900000,,,,,,,,,,,,50,NEUTRAL,kite:2026-05-08,2026-05-08T12:20:47.414Z
VERTOZ,VERTOZ,NSE EQ,47.92,-1.84,-3.7,49.8,50.42,47.63,49.76,144261,144261,,,,,,,,,,,50.96,46,NEUTRAL,kite:2026-05-08,2026-05-08T12:20:47.414Z
VESUVIUS,VESUVIUS INDIA,NSE EQ,506.1,-23.25,-4.39,493,512.3,485.55,529.35,533158,533158,,,,,,,,,,,42.01,46,NEUTRAL,kite:2026-05-08,2026-05-08T12:20:47.414Z
VETO,VETO SWITCHGEAR CABLE,NSE EQ,114.59,-2.48,-2.12,117,120,113.05,117.07,53440,53440,,,,,,,,,,,46.65,50,NEUTRAL,kite:2026-05-08,2026-05-08T12:20:47.414Z
VGINFOTECH-SM,VIRTUAL GALAXY INFOTECH L,NSE EQ,153.45,2.5,1.66,150.85,153.95,150.85,150.95,4000,4000,,,,,,,,,,,,50,NEUTRAL,kite:2026-05-08,2026-05-08T12:20:47.414Z
VGL,VARVEE GLOBAL,NSE EQ,60.79,0.65,1.08,61.99,61.99,59.2,60.14,91605,91605,,,,,,,,,,,61.64,50,NEUTRAL,kite:2026-05-08,2026-05-08T12:20:47.414Z
VGUARD,V-GUARD IND,NSE EQ,331.4,-0.55,-0.17,331.95,334.7,329.05,331.95,154456,154456,,,,,,,,,,,51.89,50,NEUTRAL,kite:2026-05-08,2026-05-08T12:20:47.414Z
VHL,VARDHMAN HOLDINGS,NSE EQ,3606.5,-82.1,-2.23,3651,3689.3,3601,3688.6,1060,1060,,,,,,,,,,,66.6,50,NEUTRAL,kite:2026-05-08,2026-05-08T12:20:47.414Z
VHLTD-BE,VICEROY HOTELS,NSE EQ,138.43,-0.91,-0.65,141,141,138,139.34,2176,2176,,,,,,,,,,,,50,NEUTRAL,kite:2026-05-08,2026-05-08T12:20:47.414Z
VIAZ-SM,VIAZ TYRES,NSE EQ,61.9,-1.05,-1.67,59.85,63.95,59.85,62.95,6000,6000,,,,,,,,,,,,50,NEUTRAL,kite:2026-05-08,2026-05-08T12:20:47.414Z
VICTORYEV-SM,VICTORY ELEC VEHICL INT L,NSE EQ,15.5,0.05,0.32,15.45,16.45,15.45,15.45,30000,30000,,,,,,,,,,,,50,NEUTRAL,kite:2026-05-08,2026-05-08T12:20:47.414Z
VIDHIING,VIDHI SPCLTY F INGRDNTS L,NSE EQ,299.2,4.3,1.46,295.1,300,291,294.9,19182,19182,,,,,,,,,,,61.97,50,NEUTRAL,kite:2026-05-08,2026-05-08T12:20:47.414Z
VIDYAWIRES,VIDYA WIRES,NSE EQ,91.34,1.71,1.91,89.4,94.39,88.9,89.63,4344832,4344832,,,,,,,,,,,29.57,50,NEUTRAL,kite:2026-05-08,2026-05-08T12:20:47.414Z
VIESL-SM,VISION INFRA EQUIP SOL L,NSE EQ,360.85,33.95,10.39,326.8,370,326.8,326.9,156000,156000,,,,,,,,,,,,54,NEUTRAL,kite:2026-05-08,2026-05-08T12:20:47.414Z
VIGOR-SM,VIGOR PLAST INDIA,NSE EQ,67.2,2.75,4.27,66,68.25,66,64.45,41600,41600,,,,,,,,,,,,54,NEUTRAL,kite:2026-05-08,2026-05-08T12:20:47.414Z
VIJAYA,VIJAYA DIAGNOSTIC CEN,NSE EQ,1278.9,70.8,5.86,1269,1299.9,1223.3,1208.1,1257895,1257895,,,,,,,,,,,11.82,54,NEUTRAL,kite:2026-05-08,2026-05-08T12:20:47.414Z
VIJAYPD-ST,VIJAYPD CEUTICAL,NSE EQ,93.95,-4.9,-4.96,95,100,93.95,98.85,124000,124000,,,,,,,,,,,,46,NEUTRAL,kite:2026-05-08,2026-05-08T12:20:47.414Z
VIJIFIN-BE,VIJI FINANCE,NSE EQ,4.53,0.11,2.49,4.62,4.64,4.23,4.42,546311,546311,,,,,,,,,,,,50,NEUTRAL,kite:2026-05-08,2026-05-08T12:20:47.414Z
VIKASECO-BE,VIKAS ECOTECH,NSE EQ,1.41,0,0,1.43,1.43,1.39,1.41,990133,990133,,,,,,,,,,,,50,NEUTRAL,kite:2026-05-08,2026-05-08T12:20:47.414Z
VIKASLIFE-BE,VIKAS LIFECARE,NSE EQ,1.6,0.01,0.63,1.59,1.61,1.57,1.59,1049010,1049010,,,,,,,,,,,,50,NEUTRAL,kite:2026-05-08,2026-05-08T12:20:47.414Z
VIKRAMSOLR,VIKRAM SOLAR,NSE EQ,214.74,-10.51,-4.67,225,225.24,214.01,225.25,5789973,5789973,,,,,,,,,,,51.24,46,NEUTRAL,kite:2026-05-08,2026-05-08T12:20:47.414Z
VIKRAN,VIKRAN ENGINEERING,NSE EQ,76.29,-0.64,-0.83,76.5,78.35,76.02,76.93,1940567,1940567,,,,,,,,,,,42.29,50,NEUTRAL,kite:2026-05-08,2026-05-08T12:20:47.414Z
VILAS-SM,VILAS TRANSCORE,NSE EQ,460.25,8.55,1.89,452,474,452,451.7,61000,61000,,,,,,,,,,,,50,NEUTRAL,kite:2026-05-08,2026-05-08T12:20:47.414Z
VILINBIO-ST,VILIN BIO MED,NSE EQ,49.4,2.35,4.99,49.4,49.4,48,47.05,56000,56000,,,,,,,,,,,,54,NEUTRAL,kite:2026-05-08,2026-05-08T12:20:47.414Z
VIMTALABS,VIMTA LABS,NSE EQ,512.2,6,1.19,505.85,530.7,505,506.2,711593,711593,,,,,,,,,,,32.29,50,NEUTRAL,kite:2026-05-08,2026-05-08T12:20:47.414Z
VINATIORGA,VINATI ORGANICS,NSE EQ,1395.1,-8.6,-0.61,1410.5,1415,1390.1,1403.7,45834,45834,,,,,,,,,,,49.25,50,NEUTRAL,kite:2026-05-08,2026-05-08T12:20:47.414Z
VINCOFE,VINTAGE COFFEE N BVRGS L,NSE EQ,134.78,-4.87,-3.49,139,140.69,133.3,139.65,1754860,1754860,,,,,,,,,,,32,46,NEUTRAL,kite:2026-05-08,2026-05-08T12:20:47.414Z
VINDHYATEL,VINDHYA TELELINKS,NSE EQ,1797.2,118.6,7.07,1689.9,1884.9,1683.4,1678.6,306060,306060,,,,,,,,,,,28.99,54,NEUTRAL,kite:2026-05-08,2026-05-08T12:20:47.414Z
VINEETLAB-BE,VINEET LABORATORIES,NSE EQ,39.25,-0.34,-0.86,40.9,40.99,38.75,39.59,57723,57723,,,,,,,,,,,,50,NEUTRAL,kite:2026-05-08,2026-05-08T12:20:47.414Z
VINNY,VINNY OVERSEAS,NSE EQ,1.18,0,0,1.22,1.22,1.17,1.18,168458,168458,,,,,,,,,,,76.83,50,NEUTRAL,kite:2026-05-08,2026-05-08T12:20:47.414Z
VINSYS-SM,VINSYS IT SERVICES IND LT,NSE EQ,325,0,0,0,350,310,325,0,0,,,,,,,,,,,,50,NEUTRAL,kite:2026-05-08,2026-05-08T12:20:47.414Z
VINYAS-SM,VINYAS INNOVATIVE TECH L,NSE EQ,1091.35,-19.65,-1.77,1126.1,1149,1081,1111,6100,6100,,,,,,,,,,,,50,NEUTRAL,kite:2026-05-08,2026-05-08T12:20:47.414Z
VINYLINDIA,VINYL CHEMICALS (I),NSE EQ,262.1,13.7,5.52,250,266,250,248.4,38455,38455,,,,,,,,,,,60.07,54,NEUTRAL,kite:2026-05-08,2026-05-08T12:20:47.414Z
VIPCLOTHNG,VIP CLOTHING,NSE EQ,22.58,0.26,1.16,22.5,23,22.11,22.32,82100,82100,,,,,,,,,,,74.15,50,NEUTRAL,kite:2026-05-08,2026-05-08T12:20:47.414Z
VIPIND,VIP INDUSTRIES,NSE EQ,309,-13.8,-4.28,324,324,308,322.8,694876,694876,,,,,,,,,,,55.26,46,NEUTRAL,kite:2026-05-08,2026-05-08T12:20:47.414Z
VIPULLTD-BE,VIPUL,NSE EQ,9.63,0.12,1.26,9.7,9.85,9.5,9.51,117787,117787,,,,,,,,,,,,50,NEUTRAL,kite:2026-05-08,2026-05-08T12:20:47.414Z
VIRINCHI-BE,VIRINCHI,NSE EQ,17.7,0.23,1.32,17.65,17.78,17.35,17.47,63637,63637,,,,,,,,,,,,50,NEUTRAL,kite:2026-05-08,2026-05-08T12:20:47.414Z
VISAKAIND,VISAKA INDUSTRIES,NSE EQ,73.75,2.51,3.52,71.1,74.21,71.06,71.24,232893,232893,,,,,,,,,,,60.62,54,NEUTRAL,kite:2026-05-08,2026-05-08T12:20:47.414Z
VISAMAN-ST,VISAMAN GLOBAL SALES,NSE EQ,115.55,0,0,0,115.55,115.55,115.55,0,0,,,,,,,,,,,,50,NEUTRAL,kite:2026-05-08,2026-05-08T12:20:47.414Z
VISASTEEL,VISA STEEL,NSE EQ,50.55,2.4,4.98,50.5,50.55,50.5,48.15,15105,15105,,,,,,,,,,,95.91,54,NEUTRAL,kite:2026-05-08,2026-05-08T12:20:47.414Z
VISHNU,VISHNU CHEMICALS,NSE EQ,598.5,0.7,0.12,597.8,603.6,589.05,597.8,67406,67406,,,,,,,,,,,55.1,50,NEUTRAL,kite:2026-05-08,2026-05-08T12:20:47.414Z
VISHNUINFR-SM,VISHNUSURYA PROJ N INFR L,NSE EQ,171,-6.7,-3.77,173,173,171,177.7,1500,1500,,,,,,,,,,,,46,NEUTRAL,kite:2026-05-08,2026-05-08T12:20:47.414Z
VISHWARAJ-BE,VISHWARAJ SUGAR IND,NSE EQ,5.84,-0.01,-0.17,5.95,5.95,5.75,5.85,104462,104462,,,,,,,,,,,,50,NEUTRAL,kite:2026-05-08,2026-05-08T12:20:47.414Z
VISHWAS-SM,VISHWAS AGRI SEEDS,NSE EQ,56.3,0.1,0.18,56.3,56.3,55.45,56.2,9600,9600,,,,,,,,,,,,50,NEUTRAL,kite:2026-05-08,2026-05-08T12:20:47.414Z
VITAL-BE,VITAL CHEMTECH,NSE EQ,59.98,-0.02,-0.03,60,60,59.4,60,6572,6572,,,,,,,,,,,,50,NEUTRAL,kite:2026-05-08,2026-05-08T12:20:47.414Z
VIVIANA-SM,VIVIANA POWER TECH,NSE EQ,814.45,4.9,0.61,805,822.6,801,809.55,25000,25000,,,,,,,,,,,,50,NEUTRAL,kite:2026-05-08,2026-05-08T12:20:47.414Z
VIVIDEL-SM,VIVID ELECTROMECH,NSE EQ,754.3,20.2,2.75,734.1,780,731,734.1,49440,49440,,,,,,,,,,,,50,NEUTRAL,kite:2026-05-08,2026-05-08T12:20:47.414Z
VIVIDHA,VISAGAR POLYTEX,NSE EQ,0.54,-0.01,-1.82,0.56,0.56,0.54,0.55,299887,299887,,,,,,,,,,,79.61,50,NEUTRAL,kite:2026-05-08,2026-05-08T12:20:47.414Z
VIVIMEDLAB-BE,VIVIMED LABS,NSE EQ,6.87,-0.1,-1.43,7,7,6.78,6.97,81866,81866,,,,,,,,,,,,50,NEUTRAL,kite:2026-05-08,2026-05-08T12:20:47.414Z
VIVO-SM,VIVO COLLAB SOLUTIONS,NSE EQ,76,0,0,0,76,76,76,0,0,,,,,,,,,,,,50,NEUTRAL,kite:2026-05-08,2026-05-08T12:20:47.414Z
VIYASH,VIYASH SCIENTIFIC,NSE EQ,219.6,-2.15,-0.97,221.75,225.37,218,221.75,861133,861133,,,,,,,,,,,55.53,50,NEUTRAL,kite:2026-05-08,2026-05-08T12:20:47.414Z
VLEGOV-BE,VL E GOV AND IT SOL,NSE EQ,14.97,0.05,0.34,14.92,15.2,14.75,14.92,52792,52792,,,,,,,,,,,,50,NEUTRAL,kite:2026-05-08,2026-05-08T12:20:47.414Z
VLINFRA-ST,V.L.INFRAPROJECTS,NSE EQ,33,0,0,0,33.45,33,33,0,0,,,,,,,,,,,,50,NEUTRAL,kite:2026-05-08,2026-05-08T12:20:47.414Z
VLSFINANCE,VLS FINANCE,NSE EQ,247.38,-1.34,-0.54,249.45,250.4,245.05,248.72,7388,7388,,,,,,,,,,,61.84,50,NEUTRAL,kite:2026-05-08,2026-05-08T12:20:47.414Z
VMARCIND-SM,V MARC INDIA,NSE EQ,1019,12.6,1.25,1023,1023,990,1006.4,27250,27250,,,,,,,,,,,,50,NEUTRAL,kite:2026-05-08,2026-05-08T12:20:47.414Z
VMART,VMART RETAIL,NSE EQ,677.8,12.2,1.83,670,689.9,643.05,665.6,1723813,1723813,,,,,,,,,,,27.2,50,NEUTRAL,kite:2026-05-08,2026-05-08T12:20:47.414Z
VMM,VISHAL MEGA MART,NSE EQ,123.93,-1.49,-1.19,125.39,125.96,123.53,125.42,4380035,4380035,,,,,,,,,,,51.33,50,NEUTRAL,kite:2026-05-08,2026-05-08T12:20:47.414Z
VMSTMT-BE,VMS TMT,NSE EQ,49.28,-0.31,-0.63,50.2,50.56,48.6,49.59,32162,32162,,,,,,,,,,,,50,NEUTRAL,kite:2026-05-08,2026-05-08T12:20:47.414Z
VOLERCAR-SM,VOLER CAR,NSE EQ,240.45,0.7,0.29,240.1,246.5,239,239.75,96800,96800,,,,,,,,,,,,50,NEUTRAL,kite:2026-05-08,2026-05-08T12:20:47.414Z
VOLTAMP,VOLTAMP TRANSFORMERS,NSE EQ,9535,-103,-1.07,9548,9780,9458,9638,149593,149593,,,,,,,,,,,47.14,50,NEUTRAL,kite:2026-05-08,2026-05-08T12:20:47.414Z
VOLTAS,Voltas Limited,NSE EQ,1324.8,-39.1,-2.87,1363,1363,1321,1363.9,1133112,1133112,1582.5,1186.8,,1403.49,1403.22,1400.74,1378.89,39.62,47.09,0.9,34.96,46,NEUTRAL,kite:2026-05-08,2026-05-08T12:20:47.414Z
VPRPL-BE,VISHNU PRAKASH R PUNGLI L,NSE EQ,45.12,-1.05,-2.27,46.17,46.17,44.1,46.17,259208,259208,,,,,,,,,,,,50,NEUTRAL,kite:2026-05-08,2026-05-08T12:20:47.414Z
VR-SM,V R INFRASPACE,NSE EQ,147.65,0,0,0,147.8,147.1,147.65,0,0,,,,,,,,,,,,50,NEUTRAL,kite:2026-05-08,2026-05-08T12:20:47.414Z
VRAJ,VRAJ IRON AND STEEL,NSE EQ,133.41,0.23,0.17,132,134.72,132,133.18,29278,29278,,,,,,,,,,,67.13,50,NEUTRAL,kite:2026-05-08,2026-05-08T12:20:47.414Z
VRLLOG,VRL LOGISTICS,NSE EQ,264.75,-3.15,-1.18,267.9,269.8,263.3,267.9,78607,78607,,,,,,,,,,,47.34,50,NEUTRAL,kite:2026-05-08,2026-05-08T12:20:47.414Z
VSCL-SM,VADIVARHE SPCLTY CHEM,NSE EQ,21.95,-1,-4.36,21.95,21.95,21.95,22.95,3000,3000,,,,,,,,,,,,46,NEUTRAL,kite:2026-05-08,2026-05-08T12:20:47.414Z
VSSL,VARDHMAN SPC STEEL,NSE EQ,275,-1.45,-0.52,274.9,277.75,274,276.45,29448,29448,,,,,,,,,,,55.05,50,NEUTRAL,kite:2026-05-08,2026-05-08T12:20:47.414Z
VSTIND,VST INDUSTRIES,NSE EQ,264.4,5.4,2.08,260.85,265.3,258.05,259,720485,720485,,,,,,,,,,,50.2,50,NEUTRAL,kite:2026-05-08,2026-05-08T12:20:47.414Z
VSTL,VIBHOR STEEL TUBES,NSE EQ,128.86,-2.04,-1.56,133,133,128,130.9,19882,19882,,,,,,,,,,,43.57,50,NEUTRAL,kite:2026-05-08,2026-05-08T12:20:47.414Z
VSTTILLERS,VST TILLERS TRACTORS,NSE EQ,5160,-23.5,-0.45,5183.5,5200.5,5151,5183.5,7506,7506,,,,,,,,,,,73.65,50,NEUTRAL,kite:2026-05-08,2026-05-08T12:20:47.414Z
VTL,VARDHMAN TEXTILES,NSE EQ,580.7,-15.75,-2.64,596.9,600,562.3,596.45,780987,780987,,,,,,,,,,,39.1,50,NEUTRAL,kite:2026-05-08,2026-05-08T12:20:47.414Z
WAAREEENER,WAAREE ENERGIES,NSE EQ,3230.1,3.5,0.11,3250,3292.8,3220.3,3226.6,1287553,1287553,,,,,,,,,,,33.61,50,NEUTRAL,kite:2026-05-08,2026-05-08T12:20:47.414Z
WAAREEINDO-BE,INDOSOLAR,NSE EQ,424.85,-2.35,-0.55,429.9,434.8,421.2,427.2,30739,30739,,,,,,,,,,,,50,NEUTRAL,kite:2026-05-08,2026-05-08T12:20:47.414Z
WAAREERTL,WAAREE RENEWABLE TECH,NSE EQ,1028.3,-23.5,-2.23,1042.4,1049.7,1025,1051.8,282379,282379,,,,,,,,,,,36.47,50,NEUTRAL,kite:2026-05-08,2026-05-08T12:20:47.414Z
WABAG,VA TECH WABAG,NSE EQ,1478,-21.5,-1.43,1499.5,1503.2,1473.7,1499.5,125352,125352,,,,,,,,,,,48.28,50,NEUTRAL,kite:2026-05-08,2026-05-08T12:20:47.414Z
WAKEFIT,WAKEFIT INNOVATIONS,NSE EQ,127.8,-4.57,-3.45,132.5,133.11,126.65,132.37,471678,471678,,,,,,,,,,,58.61,46,NEUTRAL,kite:2026-05-08,2026-05-08T12:20:47.414Z
WALCHANNAG,WALCHANDNAGAR INDUSTRIES,NSE EQ,254.72,-0.27,-0.11,254.66,263.7,252.77,254.99,1208146,1208146,,,,,,,,,,,47.35,50,NEUTRAL,kite:2026-05-08,2026-05-08T12:20:47.414Z
WALPAR-SM,WALPAR NUTRITIONS,NSE EQ,36.5,-0.75,-2.01,36.5,36.5,36.5,37.25,2000,2000,,,,,,,,,,,,50,NEUTRAL,kite:2026-05-08,2026-05-08T12:20:47.414Z
WANBURY-BE,WANBURY,NSE EQ,253.05,-0.3,-0.12,253.3,256,250.1,253.35,12255,12255,,,,,,,,,,,,50,NEUTRAL,kite:2026-05-08,2026-05-08T12:20:47.414Z
WCIL,WESTERN CARRIERS (IND) L,NSE EQ,109.32,0.13,0.12,108.9,110.36,108.25,109.19,68989,68989,,,,,,,,,,,57.6,50,NEUTRAL,kite:2026-05-08,2026-05-08T12:20:47.414Z
WEALTH,WEALTH FRST PORT. MG.,NSE EQ,938.6,-19.55,-2.04,962.9,963,930,958.15,2185,2185,,,,,,,,,,,80.09,50,NEUTRAL,kite:2026-05-08,2026-05-08T12:20:47.414Z
WEBELSOLAR,WEBSOL ENERGY SYSTEM,NSE EQ,114.94,0.11,0.1,114.83,118,112,114.83,3671633,3671633,,,,,,,,,,,41.84,50,NEUTRAL,kite:2026-05-08,2026-05-08T12:20:47.414Z
WEIZMANIND,WEIZMANN,NSE EQ,91.12,-1.44,-1.56,94,94,90.15,92.56,1442,1442,,,,,,,,,,,92.16,50,NEUTRAL,kite:2026-05-08,2026-05-08T12:20:47.414Z
WEL,WONDER ELECTRICALS,NSE EQ,103.97,-3.17,-2.96,107,107.65,102.76,107.14,184882,184882,,,,,,,,,,,45.62,50,NEUTRAL,kite:2026-05-08,2026-05-08T12:20:47.414Z
WELCORP,WELSPUN CORP,NSE EQ,1291.9,-7.3,-0.56,1299,1315,1281.1,1299.2,365530,365530,,,,,,,,,,,38.86,50,NEUTRAL,kite:2026-05-08,2026-05-08T12:20:47.414Z
WELENT,WELSPUN ENTERPRISES,NSE EQ,522.2,-2.25,-0.43,523.9,530.75,520.1,524.45,145133,145133,,,,,,,,,,,48.73,50,NEUTRAL,kite:2026-05-08,2026-05-08T12:20:47.414Z
WELINV,WELSPUN INV & COMM,NSE EQ,1639.2,-10.9,-0.66,1687,1687,1630,1650.1,175,175,,,,,,,,,,,70.86,50,NEUTRAL,kite:2026-05-08,2026-05-08T12:20:47.414Z
WELSPLSOL,WELSPUN SPECIALTY SOL L,NSE EQ,43.93,1.07,2.5,43.98,47.2,43.5,42.86,2146254,2146254,,,,,,,,,,,71.96,50,NEUTRAL,kite:2026-05-08,2026-05-08T12:20:47.414Z
WELSPUNLIV,WELSPUN LIVING,NSE EQ,133.8,1.56,1.18,132.9,139,132.9,132.24,5101008,5101008,,,,,,,,,,,35.65,50,NEUTRAL,kite:2026-05-08,2026-05-08T12:20:47.414Z
WENDT,WENDT (INDIA),NSE EQ,7585.5,556.5,7.92,7029,7844,7029,7029,40098,40098,,,,,,,,,,,32.65,54,NEUTRAL,kite:2026-05-08,2026-05-08T12:20:47.414Z
WESTLIFE,Westlife Foodworld Limited,NSE EQ,505.2,4.25,0.85,504,511.1,485,500.95,261884,261884,819.2,398.4,,479.66,479.15,503.1,571.92,64.54,17.35,2.24,37.63,72,BUY,kite:2026-05-08,2026-05-08T12:20:47.414Z
WEWIN,WE WIN,NSE EQ,71.59,11.01,18.17,62.92,72.69,62.3,60.58,357537,357537,,,,,,,,,,,30.13,54,NEUTRAL,kite:2026-05-08,2026-05-08T12:20:47.414Z
WEWORK,WEWORK INDIA MANAGEMENT L,NSE EQ,533.2,-6.45,-1.2,539,541.45,530.5,539.65,81530,81530,,,,,,,,,,,69.73,50,NEUTRAL,kite:2026-05-08,2026-05-08T12:20:47.414Z
WHEELS,WHEELS INDIA,NSE EQ,1329.6,2,0.15,1335,1359.2,1313.2,1327.6,114934,114934,,,,,,,,,,,39.14,50,NEUTRAL,kite:2026-05-08,2026-05-08T12:20:47.414Z
WHIRLPOOL,WHIRLPOOL OF INDIA,NSE EQ,955.8,-22.85,-2.33,978.65,978.65,951,978.65,223125,223125,,,,,,,,,,,58.8,50,NEUTRAL,kite:2026-05-08,2026-05-08T12:20:47.414Z
WHITEFORCE-ST,HAPPY SQUARE OUTSOURC S L,NSE EQ,50.85,0,0,0,53,50.85,50.85,0,0,,,,,,,,,,,,50,NEUTRAL,kite:2026-05-08,2026-05-08T12:20:47.414Z
WILLAMAGOR,WILLIAMSON MAGOR,NSE EQ,28,-0.14,-0.5,29.3,29.3,27.72,28.14,1978,1978,,,,,,,,,,,79.88,50,NEUTRAL,kite:2026-05-08,2026-05-08T12:20:47.414Z
WIMPLAST,WIM PLAST,NSE EQ,384.2,3.65,0.96,384,387.5,377.7,380.55,4548,4548,,,,,,,,,,,81.53,50,NEUTRAL,kite:2026-05-08,2026-05-08T12:20:47.414Z
WINDLAS,WINDLAS BIOTECH,NSE EQ,822.8,-31.75,-3.72,854,854,815.35,854.55,66455,66455,,,,,,,,,,,55.32,46,NEUTRAL,kite:2026-05-08,2026-05-08T12:20:47.414Z
WINDMACHIN,WINDSOR MACHINES,NSE EQ,320.1,3.6,1.14,315.1,323,315,316.5,119463,119463,,,,,,,,,,,52.52,50,NEUTRAL,kite:2026-05-08,2026-05-08T12:20:47.414Z
WINNY-SM,WINNY IMMIGRA & EDU SER L,NSE EQ,49.5,0,0,0,49.5,47.2,49.5,0,0,,,,,,,,,,,,50,NEUTRAL,kite:2026-05-08,2026-05-08T12:20:47.414Z
WINSOL-SM,WINSOL ENGINEERS,NSE EQ,148,0,0,152,156.45,148,148,6800,6800,,,,,,,,,,,,50,NEUTRAL,kite:2026-05-08,2026-05-08T12:20:47.414Z
WINSOME-BZ,WINSOME YARNS,NSE EQ,2.04,0.04,2,2.04,2.04,2.04,2,61958,61958,,,,,,,,,,,,50,NEUTRAL,kite:2026-05-08,2026-05-08T12:20:47.414Z
WIPL,THE WESTERN INDIA PLY,NSE EQ,159.4,3.03,1.94,156,159.4,155,156.37,234,234,,,,,,,,,,,99.15,50,NEUTRAL,kite:2026-05-08,2026-05-08T12:20:47.414Z
WIPRO,Wipro Limited,NSE EQ,197.91,0.55,0.28,198,198.94,196.7,197.36,15970687,15970687,273.1,186.5,,200.54,205.1,216.19,229.68,43.87,3.25,0.63,51.44,34,SELL,kite:2026-05-08,2026-05-08T12:20:47.414Z
WOCKPHARMA,WOCKHARDT,NSE EQ,1606.5,-31,-1.89,1637.9,1649,1600.3,1637.5,1109475,1109475,,,,,,,,,,,36.04,50,NEUTRAL,kite:2026-05-08,2026-05-08T12:20:47.414Z
WOL3D-SM,WOL 3D INDIA,NSE EQ,155.65,0,0,0,159,150,155.65,0,0,,,,,,,,,,,,50,NEUTRAL,kite:2026-05-08,2026-05-08T12:20:47.414Z
WOMANCART-SM,WOMANCART,NSE EQ,116.55,-4.05,-3.36,120.6,122,115,120.6,32400,32400,,,,,,,,,,,,46,NEUTRAL,kite:2026-05-08,2026-05-08T12:20:47.414Z
WONDERLA,WONDERLA HOLIDAYS,NSE EQ,507.45,-19.1,-3.63,530.75,533.9,498.7,526.55,422691,422691,,,,,,,,,,,48.35,46,NEUTRAL,kite:2026-05-08,2026-05-08T12:20:47.414Z
WORTHPERI,WORTH PERIPHERALS,NSE EQ,140.35,-0.65,-0.46,141,142.3,139.1,141,3474,3474,,,,,,,,,,,98.96,50,NEUTRAL,kite:2026-05-08,2026-05-08T12:20:47.414Z
WPIL,W P I L,NSE EQ,439.1,-0.3,-0.07,439.4,441.55,428,439.4,19128,19128,,,,,,,,,,,63.17,50,NEUTRAL,kite:2026-05-08,2026-05-08T12:20:47.414Z
WSI,W.S.INDUSTRIES (I),NSE EQ,72,-0.56,-0.77,74,75,71.2,72.56,52484,52484,,,,,,,,,,,62.16,50,NEUTRAL,kite:2026-05-08,2026-05-08T12:20:47.414Z
WSTCSTPAPR,WEST COAST PAPER MILLS LT,NSE EQ,523.7,3.55,0.68,517,536,514,520.15,157073,157073,,,,,,,,,,,50.88,50,NEUTRAL,kite:2026-05-08,2026-05-08T12:20:47.414Z
WTICAB-SM,WISE TRAVEL INDIA,NSE EQ,101.35,-2.5,-2.41,102.95,102.95,100.1,103.85,20500,20500,,,,,,,,,,,,50,NEUTRAL,kite:2026-05-08,2026-05-08T12:20:47.414Z
XCHANGING,XCHANGING SOLUTIONS,NSE EQ,69.31,0.26,0.38,69.39,70.45,68.46,69.05,100727,100727,,,,,,,,,,,50.25,50,NEUTRAL,kite:2026-05-08,2026-05-08T12:20:47.414Z
XELPMOC,XELPMOC DESIGN & TECH,NSE EQ,93.12,-4.04,-4.16,101.25,103.5,91.2,97.16,63272,63272,,,,,,,,,,,78.86,46,NEUTRAL,kite:2026-05-08,2026-05-08T12:20:47.414Z
XPROINDIA,XPRO INDIA,NSE EQ,1153.4,-20.4,-1.74,1163,1168.8,1134.4,1173.8,20333,20333,,,,,,,,,,,53.93,50,NEUTRAL,kite:2026-05-08,2026-05-08T12:20:47.414Z
XTGLOBAL,XTGLOBAL INFOTECH,NSE EQ,32.27,-0.2,-0.62,33,33,31.75,32.47,51158,51158,,,,,,,,,,,66.82,50,NEUTRAL,kite:2026-05-08,2026-05-08T12:20:47.414Z
YAAP-ST,YAAP DIGITAL,NSE EQ,209.65,-3.9,-1.83,207.1,210,207,213.55,6000,6000,,,,,,,,,,,,50,NEUTRAL,kite:2026-05-08,2026-05-08T12:20:47.414Z
YASHO,YASHO INDUSTRIES,NSE EQ,1551.6,-4,-0.26,1555.7,1625,1545,1555.6,17075,17075,,,,,,,,,,,47.65,50,NEUTRAL,kite:2026-05-08,2026-05-08T12:20:47.414Z
YASHOPTICS-SM,YASH OPTICS & LENS,NSE EQ,128.25,0.75,0.59,126.25,129,125,127.5,11200,11200,,,,,,,,,,,,50,NEUTRAL,kite:2026-05-08,2026-05-08T12:20:47.414Z
YATHARTH,YATHARTH HOSP & TRA C S L,NSE EQ,862.2,39.95,4.86,825,866.95,825,822.25,835351,835351,,,,,,,,,,,49.57,54,NEUTRAL,kite:2026-05-08,2026-05-08T12:20:47.414Z
YATRA,YATRA ONLINE,NSE EQ,108.15,-1.8,-1.64,110,113.54,107.58,109.95,2400686,2400686,,,,,,,,,,,28.68,50,NEUTRAL,kite:2026-05-08,2026-05-08T12:20:47.414Z
YCCL-SM,YASONS CHEMEX CARE,NSE EQ,11,0,0,0,11,10.5,11,0,0,,,,,,,,,,,,50,NEUTRAL,kite:2026-05-08,2026-05-08T12:20:47.414Z
YESBANK,YES BANK,NSE EQ,22.94,0.43,1.91,22.47,23.05,22.04,22.51,202807789,202807789,,,,,,,,,,,36.53,50,NEUTRAL,kite:2026-05-08,2026-05-08T12:20:47.414Z
YUDIZ-ST,YUDIZ SOLUTIONS,NSE EQ,28.7,1.35,4.94,28.6,28.7,28.6,27.35,4800,4800,,,,,,,,,,,,54,NEUTRAL,kite:2026-05-08,2026-05-08T12:20:47.414Z
YUKEN,YUKEN INDIA,NSE EQ,727.35,-7.15,-0.97,739.5,739.9,714.5,734.5,17610,17610,,,,,,,,,,,57.97,50,NEUTRAL,kite:2026-05-08,2026-05-08T12:20:47.414Z
ZAGGLE,ZAGGLE PREPA OCEAN SER L,NSE EQ,259.11,3.45,1.35,255.8,261.9,251.66,255.66,937618,937618,,,,,,,,,,,52.63,50,NEUTRAL,kite:2026-05-08,2026-05-08T12:20:47.414Z
ZEAL-SM,ZEAL GLOBAL SERVICES,NSE EQ,70,0,0,0,71,70,70,0,0,,,,,,,,,,,,50,NEUTRAL,kite:2026-05-08,2026-05-08T12:20:47.414Z
ZEEL,Zee Entertainment Enterprises Limited,NSE EQ,95.11,0.53,0.56,94.2,96.25,93.94,94.58,15670286,15670286,151.7,68,,88.71,85.86,88.65,100.01,66.79,3.5,0.75,25.04,66,BUY,kite:2026-05-08,2026-05-08T12:20:47.414Z
ZEELEARN,ZEE LEARN,NSE EQ,6.12,-0.06,-0.97,6.39,6.39,6.02,6.18,922029,922029,,,,,,,,,,,66.53,50,NEUTRAL,kite:2026-05-08,2026-05-08T12:20:47.414Z
ZEEMEDIA-BE,ZEE MEDIA CORPORATION,NSE EQ,8.33,-0.06,-0.72,8.37,8.42,8.2,8.39,593813,593813,,,,,,,,,,,,50,NEUTRAL,kite:2026-05-08,2026-05-08T12:20:47.414Z
ZENITHDRUG-SM,ZENITH DRUGS,NSE EQ,40.7,-2.25,-5.24,42.9,43.25,39.8,42.95,17600,17600,,,,,,,,,,,,46,NEUTRAL,kite:2026-05-08,2026-05-08T12:20:47.414Z
ZENITHEXPO,ZENITH EXPORTS,NSE EQ,205.51,1.51,0.74,204.01,211.4,204.01,204,30,30,,,,,,,,,,,93.33,50,NEUTRAL,kite:2026-05-08,2026-05-08T12:20:47.414Z
ZENITHSTL,ZENITH STEEL PIP IND,NSE EQ,6.32,-0.09,-1.4,6.69,6.69,6.25,6.41,79090,79090,,,,,,,,,,,71.06,50,NEUTRAL,kite:2026-05-08,2026-05-08T12:20:47.414Z
ZENSARTECH,ZENSAR TECHNOLOGIES,NSE EQ,525.4,5,0.96,520.95,537,520.55,520.4,808063,808063,,,,,,,,,,,41.48,50,NEUTRAL,kite:2026-05-08,2026-05-08T12:20:47.414Z
ZENTEC,ZEN TECHNOLOGIES,NSE EQ,1625.1,3.5,0.22,1617,1672.2,1605.5,1621.6,834640,834640,,,,,,,,,,,35.97,50,NEUTRAL,kite:2026-05-08,2026-05-08T12:20:47.414Z
ZFCVINDIA,ZF COM VE CTR SYS IND,NSE EQ,14571,27,0.19,14544,14692,14531,14544,9109,9109,,,,,,,,,,,65.47,50,NEUTRAL,kite:2026-05-08,2026-05-08T12:20:47.414Z
ZFSTEERING,Z F STEERING GEAR (I),NSE EQ,796.9,-14.15,-1.74,815.1,817,774.65,811.05,614,614,,,,,,,,,,,73.62,50,NEUTRAL,kite:2026-05-08,2026-05-08T12:20:47.414Z
ZIMLAB,ZIM LABORATORIES,NSE EQ,103.14,8.45,8.92,98.5,109.5,96.1,94.69,623115,623115,,,,,,,,,,,48.22,54,NEUTRAL,kite:2026-05-08,2026-05-08T12:20:47.414Z
ZODIAC-BE,ZODIAC ENERGY,NSE EQ,320.2,-1.4,-0.44,315.25,329.95,315,321.6,8288,8288,,,,,,,,,,,,50,NEUTRAL,kite:2026-05-08,2026-05-08T12:20:47.414Z
ZODIACLOTH,ZODIAC CLOTHING CO.,NSE EQ,82.1,0.84,1.03,83,83,81.01,81.26,5683,5683,,,,,,,,,,,61.5,50,NEUTRAL,kite:2026-05-08,2026-05-08T12:20:47.414Z
ZOTA,ZOTA HEALTH CARE,NSE EQ,1288.1,-16.7,-1.28,1304,1315.9,1281.3,1304.8,25074,25074,,,,,,,,,,,61.12,50,NEUTRAL,kite:2026-05-08,2026-05-08T12:20:47.414Z
ZSARACOM,SARASWATI COMM (INDIA) L,NSE EQ,9900,-100,-1,9999.5,9999.5,9850,10000,12,12,,,,,,,,,,,100,50,NEUTRAL,kite:2026-05-08,2026-05-08T12:20:47.414Z
ZTECH-SM,Z-TECH (INDIA),NSE EQ,620.3,1,0.16,610,621.8,601.15,619.3,13500,13500,,,,,,,,,,,,50,NEUTRAL,kite:2026-05-08,2026-05-08T12:20:47.414Z
ZUARI,ZUARI AGRO CHEMICALS,NSE EQ,242.13,-4.86,-1.97,245.37,248.39,241.02,246.99,79032,79032,,,,,,,,,,,51.26,50,NEUTRAL,kite:2026-05-08,2026-05-08T12:20:47.414Z
ZUARIIND,ZUARI INDUSTRIES,NSE EQ,273.1,-7.4,-2.64,279.35,279.35,270,280.5,38666,38666,,,,,,,,,,,53.01,50,NEUTRAL,kite:2026-05-08,2026-05-08T12:20:47.414Z
ZYDUSLIFE,Zydus Lifesciences Limited,NSE EQ,940.05,-0.25,-0.03,938.05,953,935.55,940.3,644125,644125,1059.05,835.5,,919.1,912.36,915.44,934.44,58.64,19.55,0.92,36.4,66,BUY,kite:2026-05-08,2026-05-08T12:20:47.414Z
ZYDUSWELL,ZYDUS WELLNESS,NSE EQ,517.5,13.75,2.73,504.25,523.05,501.55,503.75,464842,464842,,,,,,,,,,,44.94,50,NEUTRAL,kite:2026-05-08,2026-05-08T12:20:47.414Z
