section,category,name,symbol,extra_1,extra_2,source,auth_required,notes
DATA_SOURCE,PRIMARY,Kite Connect (Zerodha),-,"Live LTP/OHLC, Option Chain, WebSocket ticks",Full NSE EQ instrument master,kite.zerodha.com,YES — daily login + API key/secret,Real-time NSE/BSE; broker grade; user must complete daily Kite login from the Live Feed page
DATA_SOURCE,FALLBACK,Yahoo Finance,-,"Delayed quotes (15 min), historical OHLC, fundamentals (PE/MCAP), financial statements","Global indices, commodities, ADRs, FX",query1.finance.yahoo.com,"NO — public, rate-limited","Used when Kite is not authenticated; powers Indices board, ADRs, commodities, financial statements"
DATA_SOURCE,SUPPLEMENTAL,NSE Direct (FII/DII + Participant OI),-,"Daily FII/DII cash flows, Participant-wise OI (FII/DII/Pro/Client), Pre-market data, Market status",Holiday calendar,www.nseindia.com,NO — uses browser headers,NSE blocks non-Indian cloud IPs; works in production from Indian region
DATA_SOURCE,SUPPLEMENTAL,NSE Bhavcopy (archive CSV),-,"End-of-day delivery % per security, full active symbol list",-,archives.nseindia.com,NO — public CSV,Drives the Full NSE scanner universe (~2475 symbols) and delivery-% enrichment
DATA_SOURCE,SUPPLEMENTAL,NiftyTrader,-,Historical FII/DII net values (~1 year),-,webapi.niftytrader.in,NO,Used for the FII/DII history chart on the flows page
DATA_SOURCE,SUPPLEMENTAL,News RSS feeds,-,Market/economy/results headlines,-,"Moneycontrol, Mint, ET Markets, CNBC TV18",NO,Aggregated for the news strip / news page
INDICES_BOARD,INDIA,NIFTY 50,^NSEI,NIFTY50,,Yahoo Finance,NO,
INDICES_BOARD,INDIA,BANK NIFTY,^NSEBANK,BANKNIFTY,,Yahoo Finance,NO,
INDICES_BOARD,INDIA,FIN NIFTY,NIFTY_FIN_SERVICE.NS,FINNIFTY,,Yahoo Finance,NO,
INDICES_BOARD,INDIA,MIDCAP NIFTY,NIFTY_MID_SELECT.NS,MIDCPNIFTY,,Yahoo Finance,NO,
INDICES_BOARD,INDIA,SENSEX,^BSESN,SENSEX,,Yahoo Finance,NO,
INDICES_BOARD,GLOBAL,GIFT NIFTY (proxy),^NSEI,GIFTNIFTY,,Yahoo Finance,NO,
INDICES_BOARD,GLOBAL,S&P 500,^GSPC,SP500,,Yahoo Finance,NO,
INDICES_BOARD,GLOBAL,NASDAQ,^IXIC,NASDAQ,,Yahoo Finance,NO,
INDICES_BOARD,GLOBAL,Dow Jones,^DJI,DOWJONES,,Yahoo Finance,NO,
INDICES_BOARD,GLOBAL,FTSE 100,^FTSE,FTSE100,,Yahoo Finance,NO,
INDICES_BOARD,GLOBAL,DAX,^GDAXI,DAX,,Yahoo Finance,NO,
INDICES_BOARD,GLOBAL,Nikkei 225,^N225,NIKKEI225,,Yahoo Finance,NO,
INDICES_BOARD,GLOBAL,Hang Seng,^HSI,HANGSENG,,Yahoo Finance,NO,
INDICES_BOARD,GLOBAL,Shanghai Comp.,000001.SS,SHANGHAI,,Yahoo Finance,NO,
INDICES_BOARD,GLOBAL,VIX (Volatility),^VIX,VIX,,Yahoo Finance,NO,
INDICES_BOARD,COMMODITY,Gold,GC=F,GOLD,,Yahoo Finance,NO,
INDICES_BOARD,COMMODITY,Silver,SI=F,SILVER,,Yahoo Finance,NO,
INDICES_BOARD,COMMODITY,Crude Oil (WTI),CL=F,CRUDE_WTI,,Yahoo Finance,NO,
INDICES_BOARD,COMMODITY,Brent Oil,BZ=F,CRUDE_BRENT,,Yahoo Finance,NO,
INDICES_BOARD,ADR,Infosys (INFY),INFY,ADR_INFY,,Yahoo Finance,NO,
INDICES_BOARD,ADR,HDFC Bank (HDB),HDB,ADR_HDB,,Yahoo Finance,NO,
INDICES_BOARD,ADR,ICICI Bank (IBN),IBN,ADR_IBN,,Yahoo Finance,NO,
INDICES_BOARD,ADR,Wipro (WIT),WIT,ADR_WIT,,Yahoo Finance,NO,
INDICES_BOARD,ADR,Dr. Reddy's (RDY),RDY,ADR_RDY,,Yahoo Finance,NO,
INDICES_BOARD,ADR,MakeMyTrip (MMYT),MMYT,ADR_MMYT,,Yahoo Finance,NO,
INDICES_BOARD,FX,USD / INR,INR=X,USDINR,,Yahoo Finance,NO,
INDICES_BOARD,FX,Dollar Index,DX-Y.NYB,DXY,,Yahoo Finance,NO,
WATCHLIST,SENSEX_30,RELIANCE,RELIANCE.NS,,,Kite primary / Yahoo fallback,PARTIAL,
WATCHLIST,SENSEX_30,TCS,TCS.NS,,,Kite primary / Yahoo fallback,PARTIAL,
WATCHLIST,SENSEX_30,HDFCBANK,HDFCBANK.NS,,,Kite primary / Yahoo fallback,PARTIAL,
WATCHLIST,SENSEX_30,ICICIBANK,ICICIBANK.NS,,,Kite primary / Yahoo fallback,PARTIAL,
WATCHLIST,SENSEX_30,INFY,INFY.NS,,,Kite primary / Yahoo fallback,PARTIAL,
WATCHLIST,SENSEX_30,HINDUNILVR,HINDUNILVR.NS,,,Kite primary / Yahoo fallback,PARTIAL,
WATCHLIST,SENSEX_30,ITC,ITC.NS,,,Kite primary / Yahoo fallback,PARTIAL,
WATCHLIST,SENSEX_30,SBIN,SBIN.NS,,,Kite primary / Yahoo fallback,PARTIAL,
WATCHLIST,SENSEX_30,BHARTIARTL,BHARTIARTL.NS,,,Kite primary / Yahoo fallback,PARTIAL,
WATCHLIST,SENSEX_30,KOTAKBANK,KOTAKBANK.NS,,,Kite primary / Yahoo fallback,PARTIAL,
WATCHLIST,SENSEX_30,LT,LT.NS,,,Kite primary / Yahoo fallback,PARTIAL,
WATCHLIST,SENSEX_30,HCLTECH,HCLTECH.NS,,,Kite primary / Yahoo fallback,PARTIAL,
WATCHLIST,SENSEX_30,ASIANPAINT,ASIANPAINT.NS,,,Kite primary / Yahoo fallback,PARTIAL,
WATCHLIST,SENSEX_30,AXISBANK,AXISBANK.NS,,,Kite primary / Yahoo fallback,PARTIAL,
WATCHLIST,SENSEX_30,MARUTI,MARUTI.NS,,,Kite primary / Yahoo fallback,PARTIAL,
WATCHLIST,SENSEX_30,SUNPHARMA,SUNPHARMA.NS,,,Kite primary / Yahoo fallback,PARTIAL,
WATCHLIST,SENSEX_30,TITAN,TITAN.NS,,,Kite primary / Yahoo fallback,PARTIAL,
WATCHLIST,SENSEX_30,BAJFINANCE,BAJFINANCE.NS,,,Kite primary / Yahoo fallback,PARTIAL,
WATCHLIST,SENSEX_30,NTPC,NTPC.NS,,,Kite primary / Yahoo fallback,PARTIAL,
WATCHLIST,SENSEX_30,ULTRACEMCO,ULTRACEMCO.NS,,,Kite primary / Yahoo fallback,PARTIAL,
WATCHLIST,SENSEX_30,NESTLEIND,NESTLEIND.NS,,,Kite primary / Yahoo fallback,PARTIAL,
WATCHLIST,SENSEX_30,M&M,M&M.NS,,,Kite primary / Yahoo fallback,PARTIAL,
WATCHLIST,SENSEX_30,POWERGRID,POWERGRID.NS,,,Kite primary / Yahoo fallback,PARTIAL,
WATCHLIST,SENSEX_30,TATASTEEL,TATASTEEL.NS,,,Kite primary / Yahoo fallback,PARTIAL,
WATCHLIST,SENSEX_30,TECHM,TECHM.NS,,,Kite primary / Yahoo fallback,PARTIAL,
WATCHLIST,SENSEX_30,JSWSTEEL,JSWSTEEL.NS,,,Kite primary / Yahoo fallback,PARTIAL,
WATCHLIST,SENSEX_30,INDUSINDBK,INDUSINDBK.NS,,,Kite primary / Yahoo fallback,PARTIAL,
WATCHLIST,SENSEX_30,BAJAJFINSV,BAJAJFINSV.NS,,,Kite primary / Yahoo fallback,PARTIAL,
WATCHLIST,SENSEX_30,ADANIPORTS,ADANIPORTS.NS,,,Kite primary / Yahoo fallback,PARTIAL,
WATCHLIST,SENSEX_30,TATAMOTORS,TATAMOTORS.NS,,,Kite primary / Yahoo fallback,PARTIAL,
WATCHLIST,BANK_NIFTY,HDFCBANK,HDFCBANK.NS,,,Kite primary / Yahoo fallback,PARTIAL,
WATCHLIST,BANK_NIFTY,ICICIBANK,ICICIBANK.NS,,,Kite primary / Yahoo fallback,PARTIAL,
WATCHLIST,BANK_NIFTY,SBIN,SBIN.NS,,,Kite primary / Yahoo fallback,PARTIAL,
WATCHLIST,BANK_NIFTY,KOTAKBANK,KOTAKBANK.NS,,,Kite primary / Yahoo fallback,PARTIAL,
WATCHLIST,BANK_NIFTY,AXISBANK,AXISBANK.NS,,,Kite primary / Yahoo fallback,PARTIAL,
WATCHLIST,BANK_NIFTY,INDUSINDBK,INDUSINDBK.NS,,,Kite primary / Yahoo fallback,PARTIAL,
WATCHLIST,BANK_NIFTY,BANKBARODA,BANKBARODA.NS,,,Kite primary / Yahoo fallback,PARTIAL,
WATCHLIST,BANK_NIFTY,FEDERALBNK,FEDERALBNK.NS,,,Kite primary / Yahoo fallback,PARTIAL,
WATCHLIST,BANK_NIFTY,IDFCFIRSTB,IDFCFIRSTB.NS,,,Kite primary / Yahoo fallback,PARTIAL,
WATCHLIST,BANK_NIFTY,AUBANK,AUBANK.NS,,,Kite primary / Yahoo fallback,PARTIAL,
WATCHLIST,BANK_NIFTY,PNB,PNB.NS,,,Kite primary / Yahoo fallback,PARTIAL,
WATCHLIST,BANK_NIFTY,CANBK,CANBK.NS,,,Kite primary / Yahoo fallback,PARTIAL,
WATCHLIST,NIFTY_50,RELIANCE,RELIANCE.NS,,,Kite primary / Yahoo fallback,PARTIAL,
WATCHLIST,NIFTY_50,TCS,TCS.NS,,,Kite primary / Yahoo fallback,PARTIAL,
WATCHLIST,NIFTY_50,HDFCBANK,HDFCBANK.NS,,,Kite primary / Yahoo fallback,PARTIAL,
WATCHLIST,NIFTY_50,ICICIBANK,ICICIBANK.NS,,,Kite primary / Yahoo fallback,PARTIAL,
WATCHLIST,NIFTY_50,INFY,INFY.NS,,,Kite primary / Yahoo fallback,PARTIAL,
WATCHLIST,NIFTY_50,HINDUNILVR,HINDUNILVR.NS,,,Kite primary / Yahoo fallback,PARTIAL,
WATCHLIST,NIFTY_50,ITC,ITC.NS,,,Kite primary / Yahoo fallback,PARTIAL,
WATCHLIST,NIFTY_50,SBIN,SBIN.NS,,,Kite primary / Yahoo fallback,PARTIAL,
WATCHLIST,NIFTY_50,BHARTIARTL,BHARTIARTL.NS,,,Kite primary / Yahoo fallback,PARTIAL,
WATCHLIST,NIFTY_50,KOTAKBANK,KOTAKBANK.NS,,,Kite primary / Yahoo fallback,PARTIAL,
WATCHLIST,NIFTY_50,LT,LT.NS,,,Kite primary / Yahoo fallback,PARTIAL,
WATCHLIST,NIFTY_50,HCLTECH,HCLTECH.NS,,,Kite primary / Yahoo fallback,PARTIAL,
WATCHLIST,NIFTY_50,ASIANPAINT,ASIANPAINT.NS,,,Kite primary / Yahoo fallback,PARTIAL,
WATCHLIST,NIFTY_50,AXISBANK,AXISBANK.NS,,,Kite primary / Yahoo fallback,PARTIAL,
WATCHLIST,NIFTY_50,MARUTI,MARUTI.NS,,,Kite primary / Yahoo fallback,PARTIAL,
WATCHLIST,NIFTY_50,SUNPHARMA,SUNPHARMA.NS,,,Kite primary / Yahoo fallback,PARTIAL,
WATCHLIST,NIFTY_50,TITAN,TITAN.NS,,,Kite primary / Yahoo fallback,PARTIAL,
WATCHLIST,NIFTY_50,BAJFINANCE,BAJFINANCE.NS,,,Kite primary / Yahoo fallback,PARTIAL,
WATCHLIST,NIFTY_50,NTPC,NTPC.NS,,,Kite primary / Yahoo fallback,PARTIAL,
WATCHLIST,NIFTY_50,ULTRACEMCO,ULTRACEMCO.NS,,,Kite primary / Yahoo fallback,PARTIAL,
WATCHLIST,NIFTY_50,WIPRO,WIPRO.NS,,,Kite primary / Yahoo fallback,PARTIAL,
WATCHLIST,NIFTY_50,NESTLEIND,NESTLEIND.NS,,,Kite primary / Yahoo fallback,PARTIAL,
WATCHLIST,NIFTY_50,M&M,M&M.NS,,,Kite primary / Yahoo fallback,PARTIAL,
WATCHLIST,NIFTY_50,POWERGRID,POWERGRID.NS,,,Kite primary / Yahoo fallback,PARTIAL,
WATCHLIST,NIFTY_50,TATASTEEL,TATASTEEL.NS,,,Kite primary / Yahoo fallback,PARTIAL,
WATCHLIST,NIFTY_50,TECHM,TECHM.NS,,,Kite primary / Yahoo fallback,PARTIAL,
WATCHLIST,NIFTY_50,JSWSTEEL,JSWSTEEL.NS,,,Kite primary / Yahoo fallback,PARTIAL,
WATCHLIST,NIFTY_50,INDUSINDBK,INDUSINDBK.NS,,,Kite primary / Yahoo fallback,PARTIAL,
WATCHLIST,NIFTY_50,BAJAJFINSV,BAJAJFINSV.NS,,,Kite primary / Yahoo fallback,PARTIAL,
WATCHLIST,NIFTY_50,HDFCLIFE,HDFCLIFE.NS,,,Kite primary / Yahoo fallback,PARTIAL,
WATCHLIST,NIFTY_50,DRREDDY,DRREDDY.NS,,,Kite primary / Yahoo fallback,PARTIAL,
WATCHLIST,NIFTY_50,CIPLA,CIPLA.NS,,,Kite primary / Yahoo fallback,PARTIAL,
WATCHLIST,NIFTY_50,COALINDIA,COALINDIA.NS,,,Kite primary / Yahoo fallback,PARTIAL,
WATCHLIST,NIFTY_50,BPCL,BPCL.NS,,,Kite primary / Yahoo fallback,PARTIAL,
WATCHLIST,NIFTY_50,HEROMOTOCO,HEROMOTOCO.NS,,,Kite primary / Yahoo fallback,PARTIAL,
WATCHLIST,NIFTY_50,TMPV,TMPV.NS,,,Kite primary / Yahoo fallback,PARTIAL,
WATCHLIST,NIFTY_50,BRITANNIA,BRITANNIA.NS,,,Kite primary / Yahoo fallback,PARTIAL,
WATCHLIST,NIFTY_50,SHRIRAMFIN,SHRIRAMFIN.NS,,,Kite primary / Yahoo fallback,PARTIAL,
WATCHLIST,NIFTY_50,SBILIFE,SBILIFE.NS,,,Kite primary / Yahoo fallback,PARTIAL,
WATCHLIST,NIFTY_50,EICHERMOT,EICHERMOT.NS,,,Kite primary / Yahoo fallback,PARTIAL,
WATCHLIST,NIFTY_50,ONGC,ONGC.NS,,,Kite primary / Yahoo fallback,PARTIAL,
WATCHLIST,NIFTY_50,GRASIM,GRASIM.NS,,,Kite primary / Yahoo fallback,PARTIAL,
WATCHLIST,NIFTY_50,BAJAJ-AUTO,BAJAJ-AUTO.NS,,,Kite primary / Yahoo fallback,PARTIAL,
WATCHLIST,NIFTY_50,ADANIPORTS,ADANIPORTS.NS,,,Kite primary / Yahoo fallback,PARTIAL,
WATCHLIST,NIFTY_50,ADANIENT,ADANIENT.NS,,,Kite primary / Yahoo fallback,PARTIAL,
WATCHLIST,NIFTY_50,HINDALCO,HINDALCO.NS,,,Kite primary / Yahoo fallback,PARTIAL,
WATCHLIST,NIFTY_50,APOLLOHOSP,APOLLOHOSP.NS,,,Kite primary / Yahoo fallback,PARTIAL,
WATCHLIST,NIFTY_50,TATACONSUM,TATACONSUM.NS,,,Kite primary / Yahoo fallback,PARTIAL,
WATCHLIST,NIFTY_50,JIOFIN,JIOFIN.NS,,,Kite primary / Yahoo fallback,PARTIAL,
WATCHLIST,NIFTY_50,TRENT,TRENT.NS,,,Kite primary / Yahoo fallback,PARTIAL,
WATCHLIST,NIFTY_NEXT_50,ABB,ABB.NS,,,Kite primary / Yahoo fallback,PARTIAL,
WATCHLIST,NIFTY_NEXT_50,ADANIGREEN,ADANIGREEN.NS,,,Kite primary / Yahoo fallback,PARTIAL,
WATCHLIST,NIFTY_NEXT_50,ADANIPOWER,ADANIPOWER.NS,,,Kite primary / Yahoo fallback,PARTIAL,
WATCHLIST,NIFTY_NEXT_50,AMBUJACEM,AMBUJACEM.NS,,,Kite primary / Yahoo fallback,PARTIAL,
WATCHLIST,NIFTY_NEXT_50,DMART,DMART.NS,,,Kite primary / Yahoo fallback,PARTIAL,
WATCHLIST,NIFTY_NEXT_50,BAJAJHLDNG,BAJAJHLDNG.NS,,,Kite primary / Yahoo fallback,PARTIAL,
WATCHLIST,NIFTY_NEXT_50,BANKBARODA,BANKBARODA.NS,,,Kite primary / Yahoo fallback,PARTIAL,
WATCHLIST,NIFTY_NEXT_50,BERGEPAINT,BERGEPAINT.NS,,,Kite primary / Yahoo fallback,PARTIAL,
WATCHLIST,NIFTY_NEXT_50,BEL,BEL.NS,,,Kite primary / Yahoo fallback,PARTIAL,
WATCHLIST,NIFTY_NEXT_50,BOSCHLTD,BOSCHLTD.NS,,,Kite primary / Yahoo fallback,PARTIAL,
WATCHLIST,NIFTY_NEXT_50,CANBK,CANBK.NS,,,Kite primary / Yahoo fallback,PARTIAL,
WATCHLIST,NIFTY_NEXT_50,CHOLAFIN,CHOLAFIN.NS,,,Kite primary / Yahoo fallback,PARTIAL,
WATCHLIST,NIFTY_NEXT_50,COLPAL,COLPAL.NS,,,Kite primary / Yahoo fallback,PARTIAL,
WATCHLIST,NIFTY_NEXT_50,DABUR,DABUR.NS,,,Kite primary / Yahoo fallback,PARTIAL,
WATCHLIST,NIFTY_NEXT_50,DLF,DLF.NS,,,Kite primary / Yahoo fallback,PARTIAL,
WATCHLIST,NIFTY_NEXT_50,DIVISLAB,DIVISLAB.NS,,,Kite primary / Yahoo fallback,PARTIAL,
WATCHLIST,NIFTY_NEXT_50,GAIL,GAIL.NS,,,Kite primary / Yahoo fallback,PARTIAL,
WATCHLIST,NIFTY_NEXT_50,GODREJCP,GODREJCP.NS,,,Kite primary / Yahoo fallback,PARTIAL,
WATCHLIST,NIFTY_NEXT_50,HAVELLS,HAVELLS.NS,,,Kite primary / Yahoo fallback,PARTIAL,
WATCHLIST,NIFTY_NEXT_50,ICICIGI,ICICIGI.NS,,,Kite primary / Yahoo fallback,PARTIAL,
WATCHLIST,NIFTY_NEXT_50,ICICIPRULI,ICICIPRULI.NS,,,Kite primary / Yahoo fallback,PARTIAL,
WATCHLIST,NIFTY_NEXT_50,IOC,IOC.NS,,,Kite primary / Yahoo fallback,PARTIAL,
WATCHLIST,NIFTY_NEXT_50,INDIGO,INDIGO.NS,,,Kite primary / Yahoo fallback,PARTIAL,
WATCHLIST,NIFTY_NEXT_50,IRFC,IRFC.NS,,,Kite primary / Yahoo fallback,PARTIAL,
WATCHLIST,NIFTY_NEXT_50,JINDALSTEL,JINDALSTEL.NS,,,Kite primary / Yahoo fallback,PARTIAL,
WATCHLIST,NIFTY_NEXT_50,LICI,LICI.NS,,,Kite primary / Yahoo fallback,PARTIAL,
WATCHLIST,NIFTY_NEXT_50,LTIM,LTIM.NS,,,Kite primary / Yahoo fallback,PARTIAL,
WATCHLIST,NIFTY_NEXT_50,MARICO,MARICO.NS,,,Kite primary / Yahoo fallback,PARTIAL,
WATCHLIST,NIFTY_NEXT_50,MOTHERSON,MOTHERSON.NS,,,Kite primary / Yahoo fallback,PARTIAL,
WATCHLIST,NIFTY_NEXT_50,NAUKRI,NAUKRI.NS,,,Kite primary / Yahoo fallback,PARTIAL,
WATCHLIST,NIFTY_NEXT_50,PIDILITIND,PIDILITIND.NS,,,Kite primary / Yahoo fallback,PARTIAL,
WATCHLIST,NIFTY_NEXT_50,PFC,PFC.NS,,,Kite primary / Yahoo fallback,PARTIAL,
WATCHLIST,NIFTY_NEXT_50,PNB,PNB.NS,,,Kite primary / Yahoo fallback,PARTIAL,
WATCHLIST,NIFTY_NEXT_50,RECLTD,RECLTD.NS,,,Kite primary / Yahoo fallback,PARTIAL,
WATCHLIST,NIFTY_NEXT_50,SIEMENS,SIEMENS.NS,,,Kite primary / Yahoo fallback,PARTIAL,
WATCHLIST,NIFTY_NEXT_50,SRF,SRF.NS,,,Kite primary / Yahoo fallback,PARTIAL,
WATCHLIST,NIFTY_NEXT_50,TATAPOWER,TATAPOWER.NS,,,Kite primary / Yahoo fallback,PARTIAL,
WATCHLIST,NIFTY_NEXT_50,TORNTPHARM,TORNTPHARM.NS,,,Kite primary / Yahoo fallback,PARTIAL,
WATCHLIST,NIFTY_NEXT_50,TVSMOTOR,TVSMOTOR.NS,,,Kite primary / Yahoo fallback,PARTIAL,
WATCHLIST,NIFTY_NEXT_50,VBL,VBL.NS,,,Kite primary / Yahoo fallback,PARTIAL,
WATCHLIST,NIFTY_NEXT_50,VEDL,VEDL.NS,,,Kite primary / Yahoo fallback,PARTIAL,
WATCHLIST,NIFTY_NEXT_50,ZOMATO,ZOMATO.NS,,,Kite primary / Yahoo fallback,PARTIAL,
WATCHLIST,NIFTY_NEXT_50,ZYDUSLIFE,ZYDUSLIFE.NS,,,Kite primary / Yahoo fallback,PARTIAL,
WATCHLIST,NIFTY_NEXT_50,HAL,HAL.NS,,,Kite primary / Yahoo fallback,PARTIAL,
WATCHLIST,NIFTY_NEXT_50,ADANIENSOL,ADANIENSOL.NS,,,Kite primary / Yahoo fallback,PARTIAL,
WATCHLIST,NIFTY_NEXT_50,JSWENERGY,JSWENERGY.NS,,,Kite primary / Yahoo fallback,PARTIAL,
WATCHLIST,NIFTY_NEXT_50,UNITDSPR,UNITDSPR.NS,,,Kite primary / Yahoo fallback,PARTIAL,
WATCHLIST,NIFTY_NEXT_50,CGPOWER,CGPOWER.NS,,,Kite primary / Yahoo fallback,PARTIAL,
WATCHLIST,NIFTY_NEXT_50,PERSISTENT,PERSISTENT.NS,,,Kite primary / Yahoo fallback,PARTIAL,
WATCHLIST,NIFTY_NEXT_50,INDUSTOWER,INDUSTOWER.NS,,,Kite primary / Yahoo fallback,PARTIAL,
WATCHLIST,NIFTY_MIDCAP_100,ABCAPITAL,ABCAPITAL.NS,,,Kite primary / Yahoo fallback,PARTIAL,
WATCHLIST,NIFTY_MIDCAP_100,ABFRL,ABFRL.NS,,,Kite primary / Yahoo fallback,PARTIAL,
WATCHLIST,NIFTY_MIDCAP_100,ACC,ACC.NS,,,Kite primary / Yahoo fallback,PARTIAL,
WATCHLIST,NIFTY_MIDCAP_100,AIAENG,AIAENG.NS,,,Kite primary / Yahoo fallback,PARTIAL,
WATCHLIST,NIFTY_MIDCAP_100,ALKEM,ALKEM.NS,,,Kite primary / Yahoo fallback,PARTIAL,
WATCHLIST,NIFTY_MIDCAP_100,APLAPOLLO,APLAPOLLO.NS,,,Kite primary / Yahoo fallback,PARTIAL,
WATCHLIST,NIFTY_MIDCAP_100,ASHOKLEY,ASHOKLEY.NS,,,Kite primary / Yahoo fallback,PARTIAL,
WATCHLIST,NIFTY_MIDCAP_100,ASTRAL,ASTRAL.NS,,,Kite primary / Yahoo fallback,PARTIAL,
WATCHLIST,NIFTY_MIDCAP_100,AUROPHARMA,AUROPHARMA.NS,,,Kite primary / Yahoo fallback,PARTIAL,
WATCHLIST,NIFTY_MIDCAP_100,BALKRISIND,BALKRISIND.NS,,,Kite primary / Yahoo fallback,PARTIAL,
WATCHLIST,NIFTY_MIDCAP_100,BANDHANBNK,BANDHANBNK.NS,,,Kite primary / Yahoo fallback,PARTIAL,
WATCHLIST,NIFTY_MIDCAP_100,BANKINDIA,BANKINDIA.NS,,,Kite primary / Yahoo fallback,PARTIAL,
WATCHLIST,NIFTY_MIDCAP_100,BHARATFORG,BHARATFORG.NS,,,Kite primary / Yahoo fallback,PARTIAL,
WATCHLIST,NIFTY_MIDCAP_100,BHEL,BHEL.NS,,,Kite primary / Yahoo fallback,PARTIAL,
WATCHLIST,NIFTY_MIDCAP_100,BIOCON,BIOCON.NS,,,Kite primary / Yahoo fallback,PARTIAL,
WATCHLIST,NIFTY_MIDCAP_100,COFORGE,COFORGE.NS,,,Kite primary / Yahoo fallback,PARTIAL,
WATCHLIST,NIFTY_MIDCAP_100,CONCOR,CONCOR.NS,,,Kite primary / Yahoo fallback,PARTIAL,
WATCHLIST,NIFTY_MIDCAP_100,CUMMINSIND,CUMMINSIND.NS,,,Kite primary / Yahoo fallback,PARTIAL,
WATCHLIST,NIFTY_MIDCAP_100,DALBHARAT,DALBHARAT.NS,,,Kite primary / Yahoo fallback,PARTIAL,
WATCHLIST,NIFTY_MIDCAP_100,DEEPAKNTR,DEEPAKNTR.NS,,,Kite primary / Yahoo fallback,PARTIAL,
WATCHLIST,NIFTY_MIDCAP_100,DELHIVERY,DELHIVERY.NS,,,Kite primary / Yahoo fallback,PARTIAL,
WATCHLIST,NIFTY_MIDCAP_100,DIXON,DIXON.NS,,,Kite primary / Yahoo fallback,PARTIAL,
WATCHLIST,NIFTY_MIDCAP_100,ESCORTS,ESCORTS.NS,,,Kite primary / Yahoo fallback,PARTIAL,
WATCHLIST,NIFTY_MIDCAP_100,EXIDEIND,EXIDEIND.NS,,,Kite primary / Yahoo fallback,PARTIAL,
WATCHLIST,NIFTY_MIDCAP_100,FACT,FACT.NS,,,Kite primary / Yahoo fallback,PARTIAL,
WATCHLIST,NIFTY_MIDCAP_100,FEDERALBNK,FEDERALBNK.NS,,,Kite primary / Yahoo fallback,PARTIAL,
WATCHLIST,NIFTY_MIDCAP_100,FLUOROCHEM,FLUOROCHEM.NS,,,Kite primary / Yahoo fallback,PARTIAL,
WATCHLIST,NIFTY_MIDCAP_100,FORTIS,FORTIS.NS,,,Kite primary / Yahoo fallback,PARTIAL,
WATCHLIST,NIFTY_MIDCAP_100,GMRINFRA,GMRINFRA.NS,,,Kite primary / Yahoo fallback,PARTIAL,
WATCHLIST,NIFTY_MIDCAP_100,GODREJPROP,GODREJPROP.NS,,,Kite primary / Yahoo fallback,PARTIAL,
WATCHLIST,NIFTY_MIDCAP_100,GUJGASLTD,GUJGASLTD.NS,,,Kite primary / Yahoo fallback,PARTIAL,
WATCHLIST,NIFTY_MIDCAP_100,HDFCAMC,HDFCAMC.NS,,,Kite primary / Yahoo fallback,PARTIAL,
WATCHLIST,NIFTY_MIDCAP_100,HINDPETRO,HINDPETRO.NS,,,Kite primary / Yahoo fallback,PARTIAL,
WATCHLIST,NIFTY_MIDCAP_100,HONAUT,HONAUT.NS,,,Kite primary / Yahoo fallback,PARTIAL,
WATCHLIST,NIFTY_MIDCAP_100,IDFCFIRSTB,IDFCFIRSTB.NS,,,Kite primary / Yahoo fallback,PARTIAL,
WATCHLIST,NIFTY_MIDCAP_100,IDEA,IDEA.NS,,,Kite primary / Yahoo fallback,PARTIAL,
WATCHLIST,NIFTY_MIDCAP_100,IGL,IGL.NS,,,Kite primary / Yahoo fallback,PARTIAL,
WATCHLIST,NIFTY_MIDCAP_100,INDHOTEL,INDHOTEL.NS,,,Kite primary / Yahoo fallback,PARTIAL,
WATCHLIST,NIFTY_MIDCAP_100,IPCALAB,IPCALAB.NS,,,Kite primary / Yahoo fallback,PARTIAL,
WATCHLIST,NIFTY_MIDCAP_100,IRCTC,IRCTC.NS,,,Kite primary / Yahoo fallback,PARTIAL,
WATCHLIST,NIFTY_MIDCAP_100,JUBLFOOD,JUBLFOOD.NS,,,Kite primary / Yahoo fallback,PARTIAL,
WATCHLIST,NIFTY_MIDCAP_100,KPITTECH,KPITTECH.NS,,,Kite primary / Yahoo fallback,PARTIAL,
WATCHLIST,NIFTY_MIDCAP_100,L&TFH,L&TFH.NS,,,Kite primary / Yahoo fallback,PARTIAL,
WATCHLIST,NIFTY_MIDCAP_100,LICHSGFIN,LICHSGFIN.NS,,,Kite primary / Yahoo fallback,PARTIAL,
WATCHLIST,NIFTY_MIDCAP_100,LUPIN,LUPIN.NS,,,Kite primary / Yahoo fallback,PARTIAL,
WATCHLIST,NIFTY_MIDCAP_100,M&MFIN,M&MFIN.NS,,,Kite primary / Yahoo fallback,PARTIAL,
WATCHLIST,NIFTY_MIDCAP_100,MAXHEALTH,MAXHEALTH.NS,,,Kite primary / Yahoo fallback,PARTIAL,
WATCHLIST,NIFTY_MIDCAP_100,MAZDOCK,MAZDOCK.NS,,,Kite primary / Yahoo fallback,PARTIAL,
WATCHLIST,NIFTY_MIDCAP_100,MFSL,MFSL.NS,,,Kite primary / Yahoo fallback,PARTIAL,
WATCHLIST,NIFTY_MIDCAP_100,MPHASIS,MPHASIS.NS,,,Kite primary / Yahoo fallback,PARTIAL,
WATCHLIST,NIFTY_MIDCAP_100,MRF,MRF.NS,,,Kite primary / Yahoo fallback,PARTIAL,
WATCHLIST,NIFTY_MIDCAP_100,MUTHOOTFIN,MUTHOOTFIN.NS,,,Kite primary / Yahoo fallback,PARTIAL,
WATCHLIST,NIFTY_MIDCAP_100,NHPC,NHPC.NS,,,Kite primary / Yahoo fallback,PARTIAL,
WATCHLIST,NIFTY_MIDCAP_100,NMDC,NMDC.NS,,,Kite primary / Yahoo fallback,PARTIAL,
WATCHLIST,NIFTY_MIDCAP_100,NYKAA,NYKAA.NS,,,Kite primary / Yahoo fallback,PARTIAL,
WATCHLIST,NIFTY_MIDCAP_100,OBEROIRLTY,OBEROIRLTY.NS,,,Kite primary / Yahoo fallback,PARTIAL,
WATCHLIST,NIFTY_MIDCAP_100,OFSS,OFSS.NS,,,Kite primary / Yahoo fallback,PARTIAL,
WATCHLIST,NIFTY_MIDCAP_100,OIL,OIL.NS,,,Kite primary / Yahoo fallback,PARTIAL,
WATCHLIST,NIFTY_MIDCAP_100,PAGEIND,PAGEIND.NS,,,Kite primary / Yahoo fallback,PARTIAL,
WATCHLIST,NIFTY_MIDCAP_100,PATANJALI,PATANJALI.NS,,,Kite primary / Yahoo fallback,PARTIAL,
WATCHLIST,NIFTY_MIDCAP_100,PAYTM,PAYTM.NS,,,Kite primary / Yahoo fallback,PARTIAL,
WATCHLIST,NIFTY_MIDCAP_100,PEL,PEL.NS,,,Kite primary / Yahoo fallback,PARTIAL,
WATCHLIST,NIFTY_MIDCAP_100,PETRONET,PETRONET.NS,,,Kite primary / Yahoo fallback,PARTIAL,
WATCHLIST,NIFTY_MIDCAP_100,PHOENIXLTD,PHOENIXLTD.NS,,,Kite primary / Yahoo fallback,PARTIAL,
WATCHLIST,NIFTY_MIDCAP_100,PIIND,PIIND.NS,,,Kite primary / Yahoo fallback,PARTIAL,
WATCHLIST,NIFTY_MIDCAP_100,POLICYBZR,POLICYBZR.NS,,,Kite primary / Yahoo fallback,PARTIAL,
WATCHLIST,NIFTY_MIDCAP_100,POLYCAB,POLYCAB.NS,,,Kite primary / Yahoo fallback,PARTIAL,
WATCHLIST,NIFTY_MIDCAP_100,POONAWALLA,POONAWALLA.NS,,,Kite primary / Yahoo fallback,PARTIAL,
WATCHLIST,NIFTY_MIDCAP_100,PRESTIGE,PRESTIGE.NS,,,Kite primary / Yahoo fallback,PARTIAL,
WATCHLIST,NIFTY_MIDCAP_100,RVNL,RVNL.NS,,,Kite primary / Yahoo fallback,PARTIAL,
WATCHLIST,NIFTY_MIDCAP_100,SAIL,SAIL.NS,,,Kite primary / Yahoo fallback,PARTIAL,
WATCHLIST,NIFTY_MIDCAP_100,SOLARINDS,SOLARINDS.NS,,,Kite primary / Yahoo fallback,PARTIAL,
WATCHLIST,NIFTY_MIDCAP_100,SONACOMS,SONACOMS.NS,,,Kite primary / Yahoo fallback,PARTIAL,
WATCHLIST,NIFTY_MIDCAP_100,SUNDARMFIN,SUNDARMFIN.NS,,,Kite primary / Yahoo fallback,PARTIAL,
WATCHLIST,NIFTY_MIDCAP_100,SUNTV,SUNTV.NS,,,Kite primary / Yahoo fallback,PARTIAL,
WATCHLIST,NIFTY_MIDCAP_100,SUPREMEIND,SUPREMEIND.NS,,,Kite primary / Yahoo fallback,PARTIAL,
WATCHLIST,NIFTY_MIDCAP_100,SYNGENE,SYNGENE.NS,,,Kite primary / Yahoo fallback,PARTIAL,
WATCHLIST,NIFTY_MIDCAP_100,TATACOMM,TATACOMM.NS,,,Kite primary / Yahoo fallback,PARTIAL,
WATCHLIST,NIFTY_MIDCAP_100,TATAELXSI,TATAELXSI.NS,,,Kite primary / Yahoo fallback,PARTIAL,
WATCHLIST,NIFTY_MIDCAP_100,TATATECH,TATATECH.NS,,,Kite primary / Yahoo fallback,PARTIAL,
WATCHLIST,NIFTY_MIDCAP_100,THERMAX,THERMAX.NS,,,Kite primary / Yahoo fallback,PARTIAL,
WATCHLIST,NIFTY_MIDCAP_100,TIINDIA,TIINDIA.NS,,,Kite primary / Yahoo fallback,PARTIAL,
WATCHLIST,NIFTY_MIDCAP_100,TORNTPOWER,TORNTPOWER.NS,,,Kite primary / Yahoo fallback,PARTIAL,
WATCHLIST,NIFTY_MIDCAP_100,TUBEINVEST,TUBEINVEST.NS,,,Kite primary / Yahoo fallback,PARTIAL,
WATCHLIST,NIFTY_MIDCAP_100,UBL,UBL.NS,,,Kite primary / Yahoo fallback,PARTIAL,
WATCHLIST,NIFTY_MIDCAP_100,UNIONBANK,UNIONBANK.NS,,,Kite primary / Yahoo fallback,PARTIAL,
WATCHLIST,NIFTY_MIDCAP_100,UPL,UPL.NS,,,Kite primary / Yahoo fallback,PARTIAL,
WATCHLIST,NIFTY_MIDCAP_100,VOLTAS,VOLTAS.NS,,,Kite primary / Yahoo fallback,PARTIAL,
WATCHLIST,NIFTY_MIDCAP_100,YESBANK,YESBANK.NS,,,Kite primary / Yahoo fallback,PARTIAL,
WATCHLIST,NIFTY_MIDCAP_100,MANKIND,MANKIND.NS,,,Kite primary / Yahoo fallback,PARTIAL,
WATCHLIST,NIFTY_MIDCAP_100,JSL,JSL.NS,,,Kite primary / Yahoo fallback,PARTIAL,
WATCHLIST,NIFTY_MIDCAP_100,NLCINDIA,NLCINDIA.NS,,,Kite primary / Yahoo fallback,PARTIAL,
WATCHLIST,NIFTY_MIDCAP_100,KEI,KEI.NS,,,Kite primary / Yahoo fallback,PARTIAL,
WATCHLIST,NIFTY_MIDCAP_100,HUDCO,HUDCO.NS,,,Kite primary / Yahoo fallback,PARTIAL,
WATCHLIST,NIFTY_MIDCAP_100,ABBOTINDIA,ABBOTINDIA.NS,,,Kite primary / Yahoo fallback,PARTIAL,
WATCHLIST,NIFTY_MIDCAP_100,GLAND,GLAND.NS,,,Kite primary / Yahoo fallback,PARTIAL,
WATCHLIST,NIFTY_MIDCAP_100,LODHA,LODHA.NS,,,Kite primary / Yahoo fallback,PARTIAL,
WATCHLIST,NIFTY_MIDCAP_100,CRISIL,CRISIL.NS,,,Kite primary / Yahoo fallback,PARTIAL,
WATCHLIST,NIFTY_MIDCAP_100,KALYANKJIL,KALYANKJIL.NS,,,Kite primary / Yahoo fallback,PARTIAL,
WATCHLIST,NIFTY_MIDCAP_100,SUZLON,SUZLON.NS,,,Kite primary / Yahoo fallback,PARTIAL,
WATCHLIST,NIFTY_SMALLCAP_100,AARTIIND,AARTIIND.NS,,,Kite primary / Yahoo fallback,PARTIAL,
WATCHLIST,NIFTY_SMALLCAP_100,ANGELONE,ANGELONE.NS,,,Kite primary / Yahoo fallback,PARTIAL,
WATCHLIST,NIFTY_SMALLCAP_100,APARINDS,APARINDS.NS,,,Kite primary / Yahoo fallback,PARTIAL,
WATCHLIST,NIFTY_SMALLCAP_100,ASTERDM,ASTERDM.NS,,,Kite primary / Yahoo fallback,PARTIAL,
WATCHLIST,NIFTY_SMALLCAP_100,ATGL,ATGL.NS,,,Kite primary / Yahoo fallback,PARTIAL,
WATCHLIST,NIFTY_SMALLCAP_100,ATUL,ATUL.NS,,,Kite primary / Yahoo fallback,PARTIAL,
WATCHLIST,NIFTY_SMALLCAP_100,BIKAJI,BIKAJI.NS,,,Kite primary / Yahoo fallback,PARTIAL,
WATCHLIST,NIFTY_SMALLCAP_100,BLUESTARCO,BLUESTARCO.NS,,,Kite primary / Yahoo fallback,PARTIAL,
WATCHLIST,NIFTY_SMALLCAP_100,BSE,BSE.NS,,,Kite primary / Yahoo fallback,PARTIAL,
WATCHLIST,NIFTY_SMALLCAP_100,BALRAMCHIN,BALRAMCHIN.NS,,,Kite primary / Yahoo fallback,PARTIAL,
WATCHLIST,NIFTY_SMALLCAP_100,BLS,BLS.NS,,,Kite primary / Yahoo fallback,PARTIAL,
WATCHLIST,NIFTY_SMALLCAP_100,BSOFT,BSOFT.NS,,,Kite primary / Yahoo fallback,PARTIAL,
WATCHLIST,NIFTY_SMALLCAP_100,CAMS,CAMS.NS,,,Kite primary / Yahoo fallback,PARTIAL,
WATCHLIST,NIFTY_SMALLCAP_100,CASTROLIND,CASTROLIND.NS,,,Kite primary / Yahoo fallback,PARTIAL,
WATCHLIST,NIFTY_SMALLCAP_100,CDSL,CDSL.NS,,,Kite primary / Yahoo fallback,PARTIAL,
WATCHLIST,NIFTY_SMALLCAP_100,CEATLTD,CEATLTD.NS,,,Kite primary / Yahoo fallback,PARTIAL,
WATCHLIST,NIFTY_SMALLCAP_100,CENTRALBK,CENTRALBK.NS,,,Kite primary / Yahoo fallback,PARTIAL,
WATCHLIST,NIFTY_SMALLCAP_100,CESC,CESC.NS,,,Kite primary / Yahoo fallback,PARTIAL,
WATCHLIST,NIFTY_SMALLCAP_100,CHAMBLFERT,CHAMBLFERT.NS,,,Kite primary / Yahoo fallback,PARTIAL,
WATCHLIST,NIFTY_SMALLCAP_100,CHENNPETRO,CHENNPETRO.NS,,,Kite primary / Yahoo fallback,PARTIAL,
WATCHLIST,NIFTY_SMALLCAP_100,CGCL,CGCL.NS,,,Kite primary / Yahoo fallback,PARTIAL,
WATCHLIST,NIFTY_SMALLCAP_100,CRAFTSMAN,CRAFTSMAN.NS,,,Kite primary / Yahoo fallback,PARTIAL,
WATCHLIST,NIFTY_SMALLCAP_100,CYIENT,CYIENT.NS,,,Kite primary / Yahoo fallback,PARTIAL,
WATCHLIST,NIFTY_SMALLCAP_100,DOMS,DOMS.NS,,,Kite primary / Yahoo fallback,PARTIAL,
WATCHLIST,NIFTY_SMALLCAP_100,ELECTCAST,ELECTCAST.NS,,,Kite primary / Yahoo fallback,PARTIAL,
WATCHLIST,NIFTY_SMALLCAP_100,EIDPARRY,EIDPARRY.NS,,,Kite primary / Yahoo fallback,PARTIAL,
WATCHLIST,NIFTY_SMALLCAP_100,ENGINERSIN,ENGINERSIN.NS,,,Kite primary / Yahoo fallback,PARTIAL,
WATCHLIST,NIFTY_SMALLCAP_100,EPL,EPL.NS,,,Kite primary / Yahoo fallback,PARTIAL,
WATCHLIST,NIFTY_SMALLCAP_100,ERIS,ERIS.NS,,,Kite primary / Yahoo fallback,PARTIAL,
WATCHLIST,NIFTY_SMALLCAP_100,FINCABLES,FINCABLES.NS,,,Kite primary / Yahoo fallback,PARTIAL,
WATCHLIST,NIFTY_SMALLCAP_100,FINPIPE,FINPIPE.NS,,,Kite primary / Yahoo fallback,PARTIAL,
WATCHLIST,NIFTY_SMALLCAP_100,FIVESTAR,FIVESTAR.NS,,,Kite primary / Yahoo fallback,PARTIAL,
WATCHLIST,NIFTY_SMALLCAP_100,FSL,FSL.NS,,,Kite primary / Yahoo fallback,PARTIAL,
WATCHLIST,NIFTY_SMALLCAP_100,GESHIP,GESHIP.NS,,,Kite primary / Yahoo fallback,PARTIAL,
WATCHLIST,NIFTY_SMALLCAP_100,GICRE,GICRE.NS,,,Kite primary / Yahoo fallback,PARTIAL,
WATCHLIST,NIFTY_SMALLCAP_100,GILLETTE,GILLETTE.NS,,,Kite primary / Yahoo fallback,PARTIAL,
WATCHLIST,NIFTY_SMALLCAP_100,GLENMARK,GLENMARK.NS,,,Kite primary / Yahoo fallback,PARTIAL,
WATCHLIST,NIFTY_SMALLCAP_100,GNFC,GNFC.NS,,,Kite primary / Yahoo fallback,PARTIAL,
WATCHLIST,NIFTY_SMALLCAP_100,GODFRYPHLP,GODFRYPHLP.NS,,,Kite primary / Yahoo fallback,PARTIAL,
WATCHLIST,NIFTY_SMALLCAP_100,GPPL,GPPL.NS,,,Kite primary / Yahoo fallback,PARTIAL,
WATCHLIST,NIFTY_SMALLCAP_100,GRSE,GRSE.NS,,,Kite primary / Yahoo fallback,PARTIAL,
WATCHLIST,NIFTY_SMALLCAP_100,GSPL,GSPL.NS,,,Kite primary / Yahoo fallback,PARTIAL,
WATCHLIST,NIFTY_SMALLCAP_100,HBLPOWER,HBLPOWER.NS,,,Kite primary / Yahoo fallback,PARTIAL,
WATCHLIST,NIFTY_SMALLCAP_100,HFCL,HFCL.NS,,,Kite primary / Yahoo fallback,PARTIAL,
WATCHLIST,NIFTY_SMALLCAP_100,HSCL,HSCL.NS,,,Kite primary / Yahoo fallback,PARTIAL,
WATCHLIST,NIFTY_SMALLCAP_100,IDBI,IDBI.NS,,,Kite primary / Yahoo fallback,PARTIAL,
WATCHLIST,NIFTY_SMALLCAP_100,IEX,IEX.NS,,,Kite primary / Yahoo fallback,PARTIAL,
WATCHLIST,NIFTY_SMALLCAP_100,INTELLECT,INTELLECT.NS,,,Kite primary / Yahoo fallback,PARTIAL,
WATCHLIST,NIFTY_SMALLCAP_100,IOB,IOB.NS,,,Kite primary / Yahoo fallback,PARTIAL,
WATCHLIST,NIFTY_SMALLCAP_100,IRCON,IRCON.NS,,,Kite primary / Yahoo fallback,PARTIAL,
WATCHLIST,NIFTY_SMALLCAP_100,JBCHEPHARM,JBCHEPHARM.NS,,,Kite primary / Yahoo fallback,PARTIAL,
WATCHLIST,NIFTY_SMALLCAP_100,JBMA,JBMA.NS,,,Kite primary / Yahoo fallback,PARTIAL,
WATCHLIST,NIFTY_SMALLCAP_100,JKCEMENT,JKCEMENT.NS,,,Kite primary / Yahoo fallback,PARTIAL,
WATCHLIST,NIFTY_SMALLCAP_100,JMFINANCIL,JMFINANCIL.NS,,,Kite primary / Yahoo fallback,PARTIAL,
WATCHLIST,NIFTY_SMALLCAP_100,JUSTDIAL,JUSTDIAL.NS,,,Kite primary / Yahoo fallback,PARTIAL,
WATCHLIST,NIFTY_SMALLCAP_100,JYOTHYLAB,JYOTHYLAB.NS,,,Kite primary / Yahoo fallback,PARTIAL,
WATCHLIST,NIFTY_SMALLCAP_100,KAJARIACER,KAJARIACER.NS,,,Kite primary / Yahoo fallback,PARTIAL,
WATCHLIST,NIFTY_SMALLCAP_100,KARURVYSYA,KARURVYSYA.NS,,,Kite primary / Yahoo fallback,PARTIAL,
WATCHLIST,NIFTY_SMALLCAP_100,KEC,KEC.NS,,,Kite primary / Yahoo fallback,PARTIAL,
WATCHLIST,NIFTY_SMALLCAP_100,KFINTECH,KFINTECH.NS,,,Kite primary / Yahoo fallback,PARTIAL,
WATCHLIST,NIFTY_SMALLCAP_100,KIRLOSBROS,KIRLOSBROS.NS,,,Kite primary / Yahoo fallback,PARTIAL,
WATCHLIST,NIFTY_SMALLCAP_100,KIRLOSENG,KIRLOSENG.NS,,,Kite primary / Yahoo fallback,PARTIAL,
WATCHLIST,NIFTY_SMALLCAP_100,KPRMILL,KPRMILL.NS,,,Kite primary / Yahoo fallback,PARTIAL,
WATCHLIST,NIFTY_SMALLCAP_100,LATENTVIEW,LATENTVIEW.NS,,,Kite primary / Yahoo fallback,PARTIAL,
WATCHLIST,NIFTY_SMALLCAP_100,LAURUSLABS,LAURUSLABS.NS,,,Kite primary / Yahoo fallback,PARTIAL,
WATCHLIST,NIFTY_SMALLCAP_100,LXCHEM,LXCHEM.NS,,,Kite primary / Yahoo fallback,PARTIAL,
WATCHLIST,NIFTY_SMALLCAP_100,MASTEK,MASTEK.NS,,,Kite primary / Yahoo fallback,PARTIAL,
WATCHLIST,NIFTY_SMALLCAP_100,MCX,MCX.NS,,,Kite primary / Yahoo fallback,PARTIAL,
WATCHLIST,NIFTY_SMALLCAP_100,METROBRAND,METROBRAND.NS,,,Kite primary / Yahoo fallback,PARTIAL,
WATCHLIST,NIFTY_SMALLCAP_100,MGL,MGL.NS,,,Kite primary / Yahoo fallback,PARTIAL,
WATCHLIST,NIFTY_SMALLCAP_100,MMTC,MMTC.NS,,,Kite primary / Yahoo fallback,PARTIAL,
WATCHLIST,NIFTY_SMALLCAP_100,NATCOPHARM,NATCOPHARM.NS,,,Kite primary / Yahoo fallback,PARTIAL,
WATCHLIST,NIFTY_SMALLCAP_100,NATIONALUM,NATIONALUM.NS,,,Kite primary / Yahoo fallback,PARTIAL,
WATCHLIST,NIFTY_SMALLCAP_100,NBCC,NBCC.NS,,,Kite primary / Yahoo fallback,PARTIAL,
WATCHLIST,NIFTY_SMALLCAP_100,NCC,NCC.NS,,,Kite primary / Yahoo fallback,PARTIAL,
WATCHLIST,NIFTY_SMALLCAP_100,OLECTRA,OLECTRA.NS,,,Kite primary / Yahoo fallback,PARTIAL,
WATCHLIST,NIFTY_SMALLCAP_100,PCBL,PCBL.NS,,,Kite primary / Yahoo fallback,PARTIAL,
WATCHLIST,NIFTY_SMALLCAP_100,PGHL,PGHL.NS,,,Kite primary / Yahoo fallback,PARTIAL,
WATCHLIST,NIFTY_SMALLCAP_100,PNBHOUSING,PNBHOUSING.NS,,,Kite primary / Yahoo fallback,PARTIAL,
WATCHLIST,NIFTY_SMALLCAP_100,PRINCEPIPE,PRINCEPIPE.NS,,,Kite primary / Yahoo fallback,PARTIAL,
WATCHLIST,NIFTY_SMALLCAP_100,PVRINOX,PVRINOX.NS,,,Kite primary / Yahoo fallback,PARTIAL,
WATCHLIST,NIFTY_SMALLCAP_100,RADICO,RADICO.NS,,,Kite primary / Yahoo fallback,PARTIAL,
WATCHLIST,NIFTY_SMALLCAP_100,RBLBANK,RBLBANK.NS,,,Kite primary / Yahoo fallback,PARTIAL,
WATCHLIST,NIFTY_SMALLCAP_100,REDINGTON,REDINGTON.NS,,,Kite primary / Yahoo fallback,PARTIAL,
WATCHLIST,NIFTY_SMALLCAP_100,ROUTE,ROUTE.NS,,,Kite primary / Yahoo fallback,PARTIAL,
WATCHLIST,NIFTY_SMALLCAP_100,SCI,SCI.NS,,,Kite primary / Yahoo fallback,PARTIAL,
WATCHLIST,NIFTY_SMALLCAP_100,SCHAEFFLER,SCHAEFFLER.NS,,,Kite primary / Yahoo fallback,PARTIAL,
WATCHLIST,NIFTY_SMALLCAP_100,SHYAMMETL,SHYAMMETL.NS,,,Kite primary / Yahoo fallback,PARTIAL,
WATCHLIST,NIFTY_SMALLCAP_100,SOBHA,SOBHA.NS,,,Kite primary / Yahoo fallback,PARTIAL,
WATCHLIST,NIFTY_SMALLCAP_100,STARCEMENT,STARCEMENT.NS,,,Kite primary / Yahoo fallback,PARTIAL,
WATCHLIST,NIFTY_SMALLCAP_100,STARHEALTH,STARHEALTH.NS,,,Kite primary / Yahoo fallback,PARTIAL,
WATCHLIST,NIFTY_SMALLCAP_100,SWANENERGY,SWANENERGY.NS,,,Kite primary / Yahoo fallback,PARTIAL,
WATCHLIST,NIFTY_SMALLCAP_100,SYRMA,SYRMA.NS,,,Kite primary / Yahoo fallback,PARTIAL,
WATCHLIST,NIFTY_SMALLCAP_100,TANLA,TANLA.NS,,,Kite primary / Yahoo fallback,PARTIAL,
WATCHLIST,NIFTY_SMALLCAP_100,TATAINVEST,TATAINVEST.NS,,,Kite primary / Yahoo fallback,PARTIAL,
WATCHLIST,NIFTY_SMALLCAP_100,TBOTEK,TBOTEK.NS,,,Kite primary / Yahoo fallback,PARTIAL,
WATCHLIST,NIFTY_SMALLCAP_100,TEJASNET,TEJASNET.NS,,,Kite primary / Yahoo fallback,PARTIAL,
WATCHLIST,NIFTY_SMALLCAP_100,TRIDENT,TRIDENT.NS,,,Kite primary / Yahoo fallback,PARTIAL,
WATCHLIST,NIFTY_SMALLCAP_100,WHIRLPOOL,WHIRLPOOL.NS,,,Kite primary / Yahoo fallback,PARTIAL,
WATCHLIST,NIFTY_SMALLCAP_100,ZENSARTECH,ZENSARTECH.NS,,,Kite primary / Yahoo fallback,PARTIAL,
WATCHLIST,NIFTY_100,RELIANCE,RELIANCE.NS,,,Kite primary / Yahoo fallback,PARTIAL,
WATCHLIST,NIFTY_100,TCS,TCS.NS,,,Kite primary / Yahoo fallback,PARTIAL,
WATCHLIST,NIFTY_100,HDFCBANK,HDFCBANK.NS,,,Kite primary / Yahoo fallback,PARTIAL,
WATCHLIST,NIFTY_100,ICICIBANK,ICICIBANK.NS,,,Kite primary / Yahoo fallback,PARTIAL,
WATCHLIST,NIFTY_100,INFY,INFY.NS,,,Kite primary / Yahoo fallback,PARTIAL,
WATCHLIST,NIFTY_100,HINDUNILVR,HINDUNILVR.NS,,,Kite primary / Yahoo fallback,PARTIAL,
WATCHLIST,NIFTY_100,ITC,ITC.NS,,,Kite primary / Yahoo fallback,PARTIAL,
WATCHLIST,NIFTY_100,SBIN,SBIN.NS,,,Kite primary / Yahoo fallback,PARTIAL,
WATCHLIST,NIFTY_100,BHARTIARTL,BHARTIARTL.NS,,,Kite primary / Yahoo fallback,PARTIAL,
WATCHLIST,NIFTY_100,KOTAKBANK,KOTAKBANK.NS,,,Kite primary / Yahoo fallback,PARTIAL,
WATCHLIST,NIFTY_100,LT,LT.NS,,,Kite primary / Yahoo fallback,PARTIAL,
WATCHLIST,NIFTY_100,HCLTECH,HCLTECH.NS,,,Kite primary / Yahoo fallback,PARTIAL,
WATCHLIST,NIFTY_100,ASIANPAINT,ASIANPAINT.NS,,,Kite primary / Yahoo fallback,PARTIAL,
WATCHLIST,NIFTY_100,AXISBANK,AXISBANK.NS,,,Kite primary / Yahoo fallback,PARTIAL,
WATCHLIST,NIFTY_100,MARUTI,MARUTI.NS,,,Kite primary / Yahoo fallback,PARTIAL,
WATCHLIST,NIFTY_100,SUNPHARMA,SUNPHARMA.NS,,,Kite primary / Yahoo fallback,PARTIAL,
WATCHLIST,NIFTY_100,TITAN,TITAN.NS,,,Kite primary / Yahoo fallback,PARTIAL,
WATCHLIST,NIFTY_100,BAJFINANCE,BAJFINANCE.NS,,,Kite primary / Yahoo fallback,PARTIAL,
WATCHLIST,NIFTY_100,NTPC,NTPC.NS,,,Kite primary / Yahoo fallback,PARTIAL,
WATCHLIST,NIFTY_100,ULTRACEMCO,ULTRACEMCO.NS,,,Kite primary / Yahoo fallback,PARTIAL,
WATCHLIST,NIFTY_100,WIPRO,WIPRO.NS,,,Kite primary / Yahoo fallback,PARTIAL,
WATCHLIST,NIFTY_100,NESTLEIND,NESTLEIND.NS,,,Kite primary / Yahoo fallback,PARTIAL,
WATCHLIST,NIFTY_100,M&M,M&M.NS,,,Kite primary / Yahoo fallback,PARTIAL,
WATCHLIST,NIFTY_100,POWERGRID,POWERGRID.NS,,,Kite primary / Yahoo fallback,PARTIAL,
WATCHLIST,NIFTY_100,TATASTEEL,TATASTEEL.NS,,,Kite primary / Yahoo fallback,PARTIAL,
WATCHLIST,NIFTY_100,TECHM,TECHM.NS,,,Kite primary / Yahoo fallback,PARTIAL,
WATCHLIST,NIFTY_100,JSWSTEEL,JSWSTEEL.NS,,,Kite primary / Yahoo fallback,PARTIAL,
WATCHLIST,NIFTY_100,INDUSINDBK,INDUSINDBK.NS,,,Kite primary / Yahoo fallback,PARTIAL,
WATCHLIST,NIFTY_100,BAJAJFINSV,BAJAJFINSV.NS,,,Kite primary / Yahoo fallback,PARTIAL,
WATCHLIST,NIFTY_100,HDFCLIFE,HDFCLIFE.NS,,,Kite primary / Yahoo fallback,PARTIAL,
WATCHLIST,NIFTY_100,DRREDDY,DRREDDY.NS,,,Kite primary / Yahoo fallback,PARTIAL,
WATCHLIST,NIFTY_100,CIPLA,CIPLA.NS,,,Kite primary / Yahoo fallback,PARTIAL,
WATCHLIST,NIFTY_100,COALINDIA,COALINDIA.NS,,,Kite primary / Yahoo fallback,PARTIAL,
WATCHLIST,NIFTY_100,BPCL,BPCL.NS,,,Kite primary / Yahoo fallback,PARTIAL,
WATCHLIST,NIFTY_100,HEROMOTOCO,HEROMOTOCO.NS,,,Kite primary / Yahoo fallback,PARTIAL,
WATCHLIST,NIFTY_100,TMPV,TMPV.NS,,,Kite primary / Yahoo fallback,PARTIAL,
WATCHLIST,NIFTY_100,BRITANNIA,BRITANNIA.NS,,,Kite primary / Yahoo fallback,PARTIAL,
WATCHLIST,NIFTY_100,SHRIRAMFIN,SHRIRAMFIN.NS,,,Kite primary / Yahoo fallback,PARTIAL,
WATCHLIST,NIFTY_100,SBILIFE,SBILIFE.NS,,,Kite primary / Yahoo fallback,PARTIAL,
WATCHLIST,NIFTY_100,EICHERMOT,EICHERMOT.NS,,,Kite primary / Yahoo fallback,PARTIAL,
WATCHLIST,NIFTY_100,ONGC,ONGC.NS,,,Kite primary / Yahoo fallback,PARTIAL,
WATCHLIST,NIFTY_100,GRASIM,GRASIM.NS,,,Kite primary / Yahoo fallback,PARTIAL,
WATCHLIST,NIFTY_100,BAJAJ-AUTO,BAJAJ-AUTO.NS,,,Kite primary / Yahoo fallback,PARTIAL,
WATCHLIST,NIFTY_100,ADANIPORTS,ADANIPORTS.NS,,,Kite primary / Yahoo fallback,PARTIAL,
WATCHLIST,NIFTY_100,ADANIENT,ADANIENT.NS,,,Kite primary / Yahoo fallback,PARTIAL,
WATCHLIST,NIFTY_100,HINDALCO,HINDALCO.NS,,,Kite primary / Yahoo fallback,PARTIAL,
WATCHLIST,NIFTY_100,APOLLOHOSP,APOLLOHOSP.NS,,,Kite primary / Yahoo fallback,PARTIAL,
WATCHLIST,NIFTY_100,TATACONSUM,TATACONSUM.NS,,,Kite primary / Yahoo fallback,PARTIAL,
WATCHLIST,NIFTY_100,JIOFIN,JIOFIN.NS,,,Kite primary / Yahoo fallback,PARTIAL,
WATCHLIST,NIFTY_100,TRENT,TRENT.NS,,,Kite primary / Yahoo fallback,PARTIAL,
WATCHLIST,NIFTY_100,ABB,ABB.NS,,,Kite primary / Yahoo fallback,PARTIAL,
WATCHLIST,NIFTY_100,ADANIGREEN,ADANIGREEN.NS,,,Kite primary / Yahoo fallback,PARTIAL,
WATCHLIST,NIFTY_100,ADANIPOWER,ADANIPOWER.NS,,,Kite primary / Yahoo fallback,PARTIAL,
WATCHLIST,NIFTY_100,AMBUJACEM,AMBUJACEM.NS,,,Kite primary / Yahoo fallback,PARTIAL,
WATCHLIST,NIFTY_100,DMART,DMART.NS,,,Kite primary / Yahoo fallback,PARTIAL,
WATCHLIST,NIFTY_100,BAJAJHLDNG,BAJAJHLDNG.NS,,,Kite primary / Yahoo fallback,PARTIAL,
WATCHLIST,NIFTY_100,BANKBARODA,BANKBARODA.NS,,,Kite primary / Yahoo fallback,PARTIAL,
WATCHLIST,NIFTY_100,BERGEPAINT,BERGEPAINT.NS,,,Kite primary / Yahoo fallback,PARTIAL,
WATCHLIST,NIFTY_100,BEL,BEL.NS,,,Kite primary / Yahoo fallback,PARTIAL,
WATCHLIST,NIFTY_100,BOSCHLTD,BOSCHLTD.NS,,,Kite primary / Yahoo fallback,PARTIAL,
WATCHLIST,NIFTY_100,CANBK,CANBK.NS,,,Kite primary / Yahoo fallback,PARTIAL,
WATCHLIST,NIFTY_100,CHOLAFIN,CHOLAFIN.NS,,,Kite primary / Yahoo fallback,PARTIAL,
WATCHLIST,NIFTY_100,COLPAL,COLPAL.NS,,,Kite primary / Yahoo fallback,PARTIAL,
WATCHLIST,NIFTY_100,DABUR,DABUR.NS,,,Kite primary / Yahoo fallback,PARTIAL,
WATCHLIST,NIFTY_100,DLF,DLF.NS,,,Kite primary / Yahoo fallback,PARTIAL,
WATCHLIST,NIFTY_100,DIVISLAB,DIVISLAB.NS,,,Kite primary / Yahoo fallback,PARTIAL,
WATCHLIST,NIFTY_100,GAIL,GAIL.NS,,,Kite primary / Yahoo fallback,PARTIAL,
WATCHLIST,NIFTY_100,GODREJCP,GODREJCP.NS,,,Kite primary / Yahoo fallback,PARTIAL,
WATCHLIST,NIFTY_100,HAVELLS,HAVELLS.NS,,,Kite primary / Yahoo fallback,PARTIAL,
WATCHLIST,NIFTY_100,ICICIGI,ICICIGI.NS,,,Kite primary / Yahoo fallback,PARTIAL,
WATCHLIST,NIFTY_100,ICICIPRULI,ICICIPRULI.NS,,,Kite primary / Yahoo fallback,PARTIAL,
WATCHLIST,NIFTY_100,IOC,IOC.NS,,,Kite primary / Yahoo fallback,PARTIAL,
WATCHLIST,NIFTY_100,INDIGO,INDIGO.NS,,,Kite primary / Yahoo fallback,PARTIAL,
WATCHLIST,NIFTY_100,IRFC,IRFC.NS,,,Kite primary / Yahoo fallback,PARTIAL,
WATCHLIST,NIFTY_100,JINDALSTEL,JINDALSTEL.NS,,,Kite primary / Yahoo fallback,PARTIAL,
WATCHLIST,NIFTY_100,LICI,LICI.NS,,,Kite primary / Yahoo fallback,PARTIAL,
WATCHLIST,NIFTY_100,LTIM,LTIM.NS,,,Kite primary / Yahoo fallback,PARTIAL,
WATCHLIST,NIFTY_100,MARICO,MARICO.NS,,,Kite primary / Yahoo fallback,PARTIAL,
WATCHLIST,NIFTY_100,MOTHERSON,MOTHERSON.NS,,,Kite primary / Yahoo fallback,PARTIAL,
WATCHLIST,NIFTY_100,NAUKRI,NAUKRI.NS,,,Kite primary / Yahoo fallback,PARTIAL,
WATCHLIST,NIFTY_100,PIDILITIND,PIDILITIND.NS,,,Kite primary / Yahoo fallback,PARTIAL,
WATCHLIST,NIFTY_100,PFC,PFC.NS,,,Kite primary / Yahoo fallback,PARTIAL,
WATCHLIST,NIFTY_100,PNB,PNB.NS,,,Kite primary / Yahoo fallback,PARTIAL,
WATCHLIST,NIFTY_100,RECLTD,RECLTD.NS,,,Kite primary / Yahoo fallback,PARTIAL,
WATCHLIST,NIFTY_100,SIEMENS,SIEMENS.NS,,,Kite primary / Yahoo fallback,PARTIAL,
WATCHLIST,NIFTY_100,SRF,SRF.NS,,,Kite primary / Yahoo fallback,PARTIAL,
WATCHLIST,NIFTY_100,TATAPOWER,TATAPOWER.NS,,,Kite primary / Yahoo fallback,PARTIAL,
WATCHLIST,NIFTY_100,TORNTPHARM,TORNTPHARM.NS,,,Kite primary / Yahoo fallback,PARTIAL,
WATCHLIST,NIFTY_100,TVSMOTOR,TVSMOTOR.NS,,,Kite primary / Yahoo fallback,PARTIAL,
WATCHLIST,NIFTY_100,VBL,VBL.NS,,,Kite primary / Yahoo fallback,PARTIAL,
WATCHLIST,NIFTY_100,VEDL,VEDL.NS,,,Kite primary / Yahoo fallback,PARTIAL,
WATCHLIST,NIFTY_100,ZOMATO,ZOMATO.NS,,,Kite primary / Yahoo fallback,PARTIAL,
WATCHLIST,NIFTY_100,ZYDUSLIFE,ZYDUSLIFE.NS,,,Kite primary / Yahoo fallback,PARTIAL,
WATCHLIST,NIFTY_100,HAL,HAL.NS,,,Kite primary / Yahoo fallback,PARTIAL,
WATCHLIST,NIFTY_100,ADANIENSOL,ADANIENSOL.NS,,,Kite primary / Yahoo fallback,PARTIAL,
WATCHLIST,NIFTY_100,JSWENERGY,JSWENERGY.NS,,,Kite primary / Yahoo fallback,PARTIAL,
WATCHLIST,NIFTY_100,UNITDSPR,UNITDSPR.NS,,,Kite primary / Yahoo fallback,PARTIAL,
WATCHLIST,NIFTY_100,CGPOWER,CGPOWER.NS,,,Kite primary / Yahoo fallback,PARTIAL,
WATCHLIST,NIFTY_100,PERSISTENT,PERSISTENT.NS,,,Kite primary / Yahoo fallback,PARTIAL,
WATCHLIST,NIFTY_100,INDUSTOWER,INDUSTOWER.NS,,,Kite primary / Yahoo fallback,PARTIAL,
WATCHLIST,NIFTY_500,RELIANCE,RELIANCE.NS,,,Kite primary / Yahoo fallback,PARTIAL,
WATCHLIST,NIFTY_500,TCS,TCS.NS,,,Kite primary / Yahoo fallback,PARTIAL,
WATCHLIST,NIFTY_500,HDFCBANK,HDFCBANK.NS,,,Kite primary / Yahoo fallback,PARTIAL,
WATCHLIST,NIFTY_500,ICICIBANK,ICICIBANK.NS,,,Kite primary / Yahoo fallback,PARTIAL,
WATCHLIST,NIFTY_500,INFY,INFY.NS,,,Kite primary / Yahoo fallback,PARTIAL,
WATCHLIST,NIFTY_500,HINDUNILVR,HINDUNILVR.NS,,,Kite primary / Yahoo fallback,PARTIAL,
WATCHLIST,NIFTY_500,ITC,ITC.NS,,,Kite primary / Yahoo fallback,PARTIAL,
WATCHLIST,NIFTY_500,SBIN,SBIN.NS,,,Kite primary / Yahoo fallback,PARTIAL,
WATCHLIST,NIFTY_500,BHARTIARTL,BHARTIARTL.NS,,,Kite primary / Yahoo fallback,PARTIAL,
WATCHLIST,NIFTY_500,KOTAKBANK,KOTAKBANK.NS,,,Kite primary / Yahoo fallback,PARTIAL,
WATCHLIST,NIFTY_500,LT,LT.NS,,,Kite primary / Yahoo fallback,PARTIAL,
WATCHLIST,NIFTY_500,HCLTECH,HCLTECH.NS,,,Kite primary / Yahoo fallback,PARTIAL,
WATCHLIST,NIFTY_500,ASIANPAINT,ASIANPAINT.NS,,,Kite primary / Yahoo fallback,PARTIAL,
WATCHLIST,NIFTY_500,AXISBANK,AXISBANK.NS,,,Kite primary / Yahoo fallback,PARTIAL,
WATCHLIST,NIFTY_500,MARUTI,MARUTI.NS,,,Kite primary / Yahoo fallback,PARTIAL,
WATCHLIST,NIFTY_500,SUNPHARMA,SUNPHARMA.NS,,,Kite primary / Yahoo fallback,PARTIAL,
WATCHLIST,NIFTY_500,TITAN,TITAN.NS,,,Kite primary / Yahoo fallback,PARTIAL,
WATCHLIST,NIFTY_500,BAJFINANCE,BAJFINANCE.NS,,,Kite primary / Yahoo fallback,PARTIAL,
WATCHLIST,NIFTY_500,NTPC,NTPC.NS,,,Kite primary / Yahoo fallback,PARTIAL,
WATCHLIST,NIFTY_500,ULTRACEMCO,ULTRACEMCO.NS,,,Kite primary / Yahoo fallback,PARTIAL,
WATCHLIST,NIFTY_500,WIPRO,WIPRO.NS,,,Kite primary / Yahoo fallback,PARTIAL,
WATCHLIST,NIFTY_500,NESTLEIND,NESTLEIND.NS,,,Kite primary / Yahoo fallback,PARTIAL,
WATCHLIST,NIFTY_500,M&M,M&M.NS,,,Kite primary / Yahoo fallback,PARTIAL,
WATCHLIST,NIFTY_500,POWERGRID,POWERGRID.NS,,,Kite primary / Yahoo fallback,PARTIAL,
WATCHLIST,NIFTY_500,TATASTEEL,TATASTEEL.NS,,,Kite primary / Yahoo fallback,PARTIAL,
WATCHLIST,NIFTY_500,TECHM,TECHM.NS,,,Kite primary / Yahoo fallback,PARTIAL,
WATCHLIST,NIFTY_500,JSWSTEEL,JSWSTEEL.NS,,,Kite primary / Yahoo fallback,PARTIAL,
WATCHLIST,NIFTY_500,INDUSINDBK,INDUSINDBK.NS,,,Kite primary / Yahoo fallback,PARTIAL,
WATCHLIST,NIFTY_500,BAJAJFINSV,BAJAJFINSV.NS,,,Kite primary / Yahoo fallback,PARTIAL,
WATCHLIST,NIFTY_500,HDFCLIFE,HDFCLIFE.NS,,,Kite primary / Yahoo fallback,PARTIAL,
WATCHLIST,NIFTY_500,DRREDDY,DRREDDY.NS,,,Kite primary / Yahoo fallback,PARTIAL,
WATCHLIST,NIFTY_500,CIPLA,CIPLA.NS,,,Kite primary / Yahoo fallback,PARTIAL,
WATCHLIST,NIFTY_500,COALINDIA,COALINDIA.NS,,,Kite primary / Yahoo fallback,PARTIAL,
WATCHLIST,NIFTY_500,BPCL,BPCL.NS,,,Kite primary / Yahoo fallback,PARTIAL,
WATCHLIST,NIFTY_500,HEROMOTOCO,HEROMOTOCO.NS,,,Kite primary / Yahoo fallback,PARTIAL,
WATCHLIST,NIFTY_500,TMPV,TMPV.NS,,,Kite primary / Yahoo fallback,PARTIAL,
WATCHLIST,NIFTY_500,BRITANNIA,BRITANNIA.NS,,,Kite primary / Yahoo fallback,PARTIAL,
WATCHLIST,NIFTY_500,SHRIRAMFIN,SHRIRAMFIN.NS,,,Kite primary / Yahoo fallback,PARTIAL,
WATCHLIST,NIFTY_500,SBILIFE,SBILIFE.NS,,,Kite primary / Yahoo fallback,PARTIAL,
WATCHLIST,NIFTY_500,EICHERMOT,EICHERMOT.NS,,,Kite primary / Yahoo fallback,PARTIAL,
WATCHLIST,NIFTY_500,ONGC,ONGC.NS,,,Kite primary / Yahoo fallback,PARTIAL,
WATCHLIST,NIFTY_500,GRASIM,GRASIM.NS,,,Kite primary / Yahoo fallback,PARTIAL,
WATCHLIST,NIFTY_500,BAJAJ-AUTO,BAJAJ-AUTO.NS,,,Kite primary / Yahoo fallback,PARTIAL,
WATCHLIST,NIFTY_500,ADANIPORTS,ADANIPORTS.NS,,,Kite primary / Yahoo fallback,PARTIAL,
WATCHLIST,NIFTY_500,ADANIENT,ADANIENT.NS,,,Kite primary / Yahoo fallback,PARTIAL,
WATCHLIST,NIFTY_500,HINDALCO,HINDALCO.NS,,,Kite primary / Yahoo fallback,PARTIAL,
WATCHLIST,NIFTY_500,APOLLOHOSP,APOLLOHOSP.NS,,,Kite primary / Yahoo fallback,PARTIAL,
WATCHLIST,NIFTY_500,TATACONSUM,TATACONSUM.NS,,,Kite primary / Yahoo fallback,PARTIAL,
WATCHLIST,NIFTY_500,JIOFIN,JIOFIN.NS,,,Kite primary / Yahoo fallback,PARTIAL,
WATCHLIST,NIFTY_500,TRENT,TRENT.NS,,,Kite primary / Yahoo fallback,PARTIAL,
WATCHLIST,NIFTY_500,ABB,ABB.NS,,,Kite primary / Yahoo fallback,PARTIAL,
WATCHLIST,NIFTY_500,ADANIGREEN,ADANIGREEN.NS,,,Kite primary / Yahoo fallback,PARTIAL,
WATCHLIST,NIFTY_500,ADANIPOWER,ADANIPOWER.NS,,,Kite primary / Yahoo fallback,PARTIAL,
WATCHLIST,NIFTY_500,AMBUJACEM,AMBUJACEM.NS,,,Kite primary / Yahoo fallback,PARTIAL,
WATCHLIST,NIFTY_500,DMART,DMART.NS,,,Kite primary / Yahoo fallback,PARTIAL,
WATCHLIST,NIFTY_500,BAJAJHLDNG,BAJAJHLDNG.NS,,,Kite primary / Yahoo fallback,PARTIAL,
WATCHLIST,NIFTY_500,BANKBARODA,BANKBARODA.NS,,,Kite primary / Yahoo fallback,PARTIAL,
WATCHLIST,NIFTY_500,BERGEPAINT,BERGEPAINT.NS,,,Kite primary / Yahoo fallback,PARTIAL,
WATCHLIST,NIFTY_500,BEL,BEL.NS,,,Kite primary / Yahoo fallback,PARTIAL,
WATCHLIST,NIFTY_500,BOSCHLTD,BOSCHLTD.NS,,,Kite primary / Yahoo fallback,PARTIAL,
WATCHLIST,NIFTY_500,CANBK,CANBK.NS,,,Kite primary / Yahoo fallback,PARTIAL,
WATCHLIST,NIFTY_500,CHOLAFIN,CHOLAFIN.NS,,,Kite primary / Yahoo fallback,PARTIAL,
WATCHLIST,NIFTY_500,COLPAL,COLPAL.NS,,,Kite primary / Yahoo fallback,PARTIAL,
WATCHLIST,NIFTY_500,DABUR,DABUR.NS,,,Kite primary / Yahoo fallback,PARTIAL,
WATCHLIST,NIFTY_500,DLF,DLF.NS,,,Kite primary / Yahoo fallback,PARTIAL,
WATCHLIST,NIFTY_500,DIVISLAB,DIVISLAB.NS,,,Kite primary / Yahoo fallback,PARTIAL,
WATCHLIST,NIFTY_500,GAIL,GAIL.NS,,,Kite primary / Yahoo fallback,PARTIAL,
WATCHLIST,NIFTY_500,GODREJCP,GODREJCP.NS,,,Kite primary / Yahoo fallback,PARTIAL,
WATCHLIST,NIFTY_500,HAVELLS,HAVELLS.NS,,,Kite primary / Yahoo fallback,PARTIAL,
WATCHLIST,NIFTY_500,ICICIGI,ICICIGI.NS,,,Kite primary / Yahoo fallback,PARTIAL,
WATCHLIST,NIFTY_500,ICICIPRULI,ICICIPRULI.NS,,,Kite primary / Yahoo fallback,PARTIAL,
WATCHLIST,NIFTY_500,IOC,IOC.NS,,,Kite primary / Yahoo fallback,PARTIAL,
WATCHLIST,NIFTY_500,INDIGO,INDIGO.NS,,,Kite primary / Yahoo fallback,PARTIAL,
WATCHLIST,NIFTY_500,IRFC,IRFC.NS,,,Kite primary / Yahoo fallback,PARTIAL,
WATCHLIST,NIFTY_500,JINDALSTEL,JINDALSTEL.NS,,,Kite primary / Yahoo fallback,PARTIAL,
WATCHLIST,NIFTY_500,LICI,LICI.NS,,,Kite primary / Yahoo fallback,PARTIAL,
WATCHLIST,NIFTY_500,LTIM,LTIM.NS,,,Kite primary / Yahoo fallback,PARTIAL,
WATCHLIST,NIFTY_500,MARICO,MARICO.NS,,,Kite primary / Yahoo fallback,PARTIAL,
WATCHLIST,NIFTY_500,MOTHERSON,MOTHERSON.NS,,,Kite primary / Yahoo fallback,PARTIAL,
WATCHLIST,NIFTY_500,NAUKRI,NAUKRI.NS,,,Kite primary / Yahoo fallback,PARTIAL,
WATCHLIST,NIFTY_500,PIDILITIND,PIDILITIND.NS,,,Kite primary / Yahoo fallback,PARTIAL,
WATCHLIST,NIFTY_500,PFC,PFC.NS,,,Kite primary / Yahoo fallback,PARTIAL,
WATCHLIST,NIFTY_500,PNB,PNB.NS,,,Kite primary / Yahoo fallback,PARTIAL,
WATCHLIST,NIFTY_500,RECLTD,RECLTD.NS,,,Kite primary / Yahoo fallback,PARTIAL,
WATCHLIST,NIFTY_500,SIEMENS,SIEMENS.NS,,,Kite primary / Yahoo fallback,PARTIAL,
WATCHLIST,NIFTY_500,SRF,SRF.NS,,,Kite primary / Yahoo fallback,PARTIAL,
WATCHLIST,NIFTY_500,TATAPOWER,TATAPOWER.NS,,,Kite primary / Yahoo fallback,PARTIAL,
WATCHLIST,NIFTY_500,TORNTPHARM,TORNTPHARM.NS,,,Kite primary / Yahoo fallback,PARTIAL,
WATCHLIST,NIFTY_500,TVSMOTOR,TVSMOTOR.NS,,,Kite primary / Yahoo fallback,PARTIAL,
WATCHLIST,NIFTY_500,VBL,VBL.NS,,,Kite primary / Yahoo fallback,PARTIAL,
WATCHLIST,NIFTY_500,VEDL,VEDL.NS,,,Kite primary / Yahoo fallback,PARTIAL,
WATCHLIST,NIFTY_500,ZOMATO,ZOMATO.NS,,,Kite primary / Yahoo fallback,PARTIAL,
WATCHLIST,NIFTY_500,ZYDUSLIFE,ZYDUSLIFE.NS,,,Kite primary / Yahoo fallback,PARTIAL,
WATCHLIST,NIFTY_500,HAL,HAL.NS,,,Kite primary / Yahoo fallback,PARTIAL,
WATCHLIST,NIFTY_500,ADANIENSOL,ADANIENSOL.NS,,,Kite primary / Yahoo fallback,PARTIAL,
WATCHLIST,NIFTY_500,JSWENERGY,JSWENERGY.NS,,,Kite primary / Yahoo fallback,PARTIAL,
WATCHLIST,NIFTY_500,UNITDSPR,UNITDSPR.NS,,,Kite primary / Yahoo fallback,PARTIAL,
WATCHLIST,NIFTY_500,CGPOWER,CGPOWER.NS,,,Kite primary / Yahoo fallback,PARTIAL,
WATCHLIST,NIFTY_500,PERSISTENT,PERSISTENT.NS,,,Kite primary / Yahoo fallback,PARTIAL,
WATCHLIST,NIFTY_500,INDUSTOWER,INDUSTOWER.NS,,,Kite primary / Yahoo fallback,PARTIAL,
WATCHLIST,NIFTY_500,ABCAPITAL,ABCAPITAL.NS,,,Kite primary / Yahoo fallback,PARTIAL,
WATCHLIST,NIFTY_500,ABFRL,ABFRL.NS,,,Kite primary / Yahoo fallback,PARTIAL,
WATCHLIST,NIFTY_500,ACC,ACC.NS,,,Kite primary / Yahoo fallback,PARTIAL,
WATCHLIST,NIFTY_500,AIAENG,AIAENG.NS,,,Kite primary / Yahoo fallback,PARTIAL,
WATCHLIST,NIFTY_500,ALKEM,ALKEM.NS,,,Kite primary / Yahoo fallback,PARTIAL,
WATCHLIST,NIFTY_500,APLAPOLLO,APLAPOLLO.NS,,,Kite primary / Yahoo fallback,PARTIAL,
WATCHLIST,NIFTY_500,ASHOKLEY,ASHOKLEY.NS,,,Kite primary / Yahoo fallback,PARTIAL,
WATCHLIST,NIFTY_500,ASTRAL,ASTRAL.NS,,,Kite primary / Yahoo fallback,PARTIAL,
WATCHLIST,NIFTY_500,AUROPHARMA,AUROPHARMA.NS,,,Kite primary / Yahoo fallback,PARTIAL,
WATCHLIST,NIFTY_500,BALKRISIND,BALKRISIND.NS,,,Kite primary / Yahoo fallback,PARTIAL,
WATCHLIST,NIFTY_500,BANDHANBNK,BANDHANBNK.NS,,,Kite primary / Yahoo fallback,PARTIAL,
WATCHLIST,NIFTY_500,BANKINDIA,BANKINDIA.NS,,,Kite primary / Yahoo fallback,PARTIAL,
WATCHLIST,NIFTY_500,BHARATFORG,BHARATFORG.NS,,,Kite primary / Yahoo fallback,PARTIAL,
WATCHLIST,NIFTY_500,BHEL,BHEL.NS,,,Kite primary / Yahoo fallback,PARTIAL,
WATCHLIST,NIFTY_500,BIOCON,BIOCON.NS,,,Kite primary / Yahoo fallback,PARTIAL,
WATCHLIST,NIFTY_500,COFORGE,COFORGE.NS,,,Kite primary / Yahoo fallback,PARTIAL,
WATCHLIST,NIFTY_500,CONCOR,CONCOR.NS,,,Kite primary / Yahoo fallback,PARTIAL,
WATCHLIST,NIFTY_500,CUMMINSIND,CUMMINSIND.NS,,,Kite primary / Yahoo fallback,PARTIAL,
WATCHLIST,NIFTY_500,DALBHARAT,DALBHARAT.NS,,,Kite primary / Yahoo fallback,PARTIAL,
WATCHLIST,NIFTY_500,DEEPAKNTR,DEEPAKNTR.NS,,,Kite primary / Yahoo fallback,PARTIAL,
WATCHLIST,NIFTY_500,DELHIVERY,DELHIVERY.NS,,,Kite primary / Yahoo fallback,PARTIAL,
WATCHLIST,NIFTY_500,DIXON,DIXON.NS,,,Kite primary / Yahoo fallback,PARTIAL,
WATCHLIST,NIFTY_500,ESCORTS,ESCORTS.NS,,,Kite primary / Yahoo fallback,PARTIAL,
WATCHLIST,NIFTY_500,EXIDEIND,EXIDEIND.NS,,,Kite primary / Yahoo fallback,PARTIAL,
WATCHLIST,NIFTY_500,FACT,FACT.NS,,,Kite primary / Yahoo fallback,PARTIAL,
WATCHLIST,NIFTY_500,FEDERALBNK,FEDERALBNK.NS,,,Kite primary / Yahoo fallback,PARTIAL,
WATCHLIST,NIFTY_500,FLUOROCHEM,FLUOROCHEM.NS,,,Kite primary / Yahoo fallback,PARTIAL,
WATCHLIST,NIFTY_500,FORTIS,FORTIS.NS,,,Kite primary / Yahoo fallback,PARTIAL,
WATCHLIST,NIFTY_500,GMRINFRA,GMRINFRA.NS,,,Kite primary / Yahoo fallback,PARTIAL,
WATCHLIST,NIFTY_500,GODREJPROP,GODREJPROP.NS,,,Kite primary / Yahoo fallback,PARTIAL,
WATCHLIST,NIFTY_500,GUJGASLTD,GUJGASLTD.NS,,,Kite primary / Yahoo fallback,PARTIAL,
WATCHLIST,NIFTY_500,HDFCAMC,HDFCAMC.NS,,,Kite primary / Yahoo fallback,PARTIAL,
WATCHLIST,NIFTY_500,HINDPETRO,HINDPETRO.NS,,,Kite primary / Yahoo fallback,PARTIAL,
WATCHLIST,NIFTY_500,HONAUT,HONAUT.NS,,,Kite primary / Yahoo fallback,PARTIAL,
WATCHLIST,NIFTY_500,IDFCFIRSTB,IDFCFIRSTB.NS,,,Kite primary / Yahoo fallback,PARTIAL,
WATCHLIST,NIFTY_500,IDEA,IDEA.NS,,,Kite primary / Yahoo fallback,PARTIAL,
WATCHLIST,NIFTY_500,IGL,IGL.NS,,,Kite primary / Yahoo fallback,PARTIAL,
WATCHLIST,NIFTY_500,INDHOTEL,INDHOTEL.NS,,,Kite primary / Yahoo fallback,PARTIAL,
WATCHLIST,NIFTY_500,IPCALAB,IPCALAB.NS,,,Kite primary / Yahoo fallback,PARTIAL,
WATCHLIST,NIFTY_500,IRCTC,IRCTC.NS,,,Kite primary / Yahoo fallback,PARTIAL,
WATCHLIST,NIFTY_500,JUBLFOOD,JUBLFOOD.NS,,,Kite primary / Yahoo fallback,PARTIAL,
WATCHLIST,NIFTY_500,KPITTECH,KPITTECH.NS,,,Kite primary / Yahoo fallback,PARTIAL,
WATCHLIST,NIFTY_500,L&TFH,L&TFH.NS,,,Kite primary / Yahoo fallback,PARTIAL,
WATCHLIST,NIFTY_500,LICHSGFIN,LICHSGFIN.NS,,,Kite primary / Yahoo fallback,PARTIAL,
WATCHLIST,NIFTY_500,LUPIN,LUPIN.NS,,,Kite primary / Yahoo fallback,PARTIAL,
WATCHLIST,NIFTY_500,M&MFIN,M&MFIN.NS,,,Kite primary / Yahoo fallback,PARTIAL,
WATCHLIST,NIFTY_500,MAXHEALTH,MAXHEALTH.NS,,,Kite primary / Yahoo fallback,PARTIAL,
WATCHLIST,NIFTY_500,MAZDOCK,MAZDOCK.NS,,,Kite primary / Yahoo fallback,PARTIAL,
WATCHLIST,NIFTY_500,MFSL,MFSL.NS,,,Kite primary / Yahoo fallback,PARTIAL,
WATCHLIST,NIFTY_500,MPHASIS,MPHASIS.NS,,,Kite primary / Yahoo fallback,PARTIAL,
WATCHLIST,NIFTY_500,MRF,MRF.NS,,,Kite primary / Yahoo fallback,PARTIAL,
WATCHLIST,NIFTY_500,MUTHOOTFIN,MUTHOOTFIN.NS,,,Kite primary / Yahoo fallback,PARTIAL,
WATCHLIST,NIFTY_500,NHPC,NHPC.NS,,,Kite primary / Yahoo fallback,PARTIAL,
WATCHLIST,NIFTY_500,NMDC,NMDC.NS,,,Kite primary / Yahoo fallback,PARTIAL,
WATCHLIST,NIFTY_500,NYKAA,NYKAA.NS,,,Kite primary / Yahoo fallback,PARTIAL,
WATCHLIST,NIFTY_500,OBEROIRLTY,OBEROIRLTY.NS,,,Kite primary / Yahoo fallback,PARTIAL,
WATCHLIST,NIFTY_500,OFSS,OFSS.NS,,,Kite primary / Yahoo fallback,PARTIAL,
WATCHLIST,NIFTY_500,OIL,OIL.NS,,,Kite primary / Yahoo fallback,PARTIAL,
WATCHLIST,NIFTY_500,PAGEIND,PAGEIND.NS,,,Kite primary / Yahoo fallback,PARTIAL,
WATCHLIST,NIFTY_500,PATANJALI,PATANJALI.NS,,,Kite primary / Yahoo fallback,PARTIAL,
WATCHLIST,NIFTY_500,PAYTM,PAYTM.NS,,,Kite primary / Yahoo fallback,PARTIAL,
WATCHLIST,NIFTY_500,PEL,PEL.NS,,,Kite primary / Yahoo fallback,PARTIAL,
WATCHLIST,NIFTY_500,PETRONET,PETRONET.NS,,,Kite primary / Yahoo fallback,PARTIAL,
WATCHLIST,NIFTY_500,PHOENIXLTD,PHOENIXLTD.NS,,,Kite primary / Yahoo fallback,PARTIAL,
WATCHLIST,NIFTY_500,PIIND,PIIND.NS,,,Kite primary / Yahoo fallback,PARTIAL,
WATCHLIST,NIFTY_500,POLICYBZR,POLICYBZR.NS,,,Kite primary / Yahoo fallback,PARTIAL,
WATCHLIST,NIFTY_500,POLYCAB,POLYCAB.NS,,,Kite primary / Yahoo fallback,PARTIAL,
WATCHLIST,NIFTY_500,POONAWALLA,POONAWALLA.NS,,,Kite primary / Yahoo fallback,PARTIAL,
WATCHLIST,NIFTY_500,PRESTIGE,PRESTIGE.NS,,,Kite primary / Yahoo fallback,PARTIAL,
WATCHLIST,NIFTY_500,RVNL,RVNL.NS,,,Kite primary / Yahoo fallback,PARTIAL,
WATCHLIST,NIFTY_500,SAIL,SAIL.NS,,,Kite primary / Yahoo fallback,PARTIAL,
WATCHLIST,NIFTY_500,SOLARINDS,SOLARINDS.NS,,,Kite primary / Yahoo fallback,PARTIAL,
WATCHLIST,NIFTY_500,SONACOMS,SONACOMS.NS,,,Kite primary / Yahoo fallback,PARTIAL,
WATCHLIST,NIFTY_500,SUNDARMFIN,SUNDARMFIN.NS,,,Kite primary / Yahoo fallback,PARTIAL,
WATCHLIST,NIFTY_500,SUNTV,SUNTV.NS,,,Kite primary / Yahoo fallback,PARTIAL,
WATCHLIST,NIFTY_500,SUPREMEIND,SUPREMEIND.NS,,,Kite primary / Yahoo fallback,PARTIAL,
WATCHLIST,NIFTY_500,SYNGENE,SYNGENE.NS,,,Kite primary / Yahoo fallback,PARTIAL,
WATCHLIST,NIFTY_500,TATACOMM,TATACOMM.NS,,,Kite primary / Yahoo fallback,PARTIAL,
WATCHLIST,NIFTY_500,TATAELXSI,TATAELXSI.NS,,,Kite primary / Yahoo fallback,PARTIAL,
WATCHLIST,NIFTY_500,TATATECH,TATATECH.NS,,,Kite primary / Yahoo fallback,PARTIAL,
WATCHLIST,NIFTY_500,THERMAX,THERMAX.NS,,,Kite primary / Yahoo fallback,PARTIAL,
WATCHLIST,NIFTY_500,TIINDIA,TIINDIA.NS,,,Kite primary / Yahoo fallback,PARTIAL,
WATCHLIST,NIFTY_500,TORNTPOWER,TORNTPOWER.NS,,,Kite primary / Yahoo fallback,PARTIAL,
WATCHLIST,NIFTY_500,TUBEINVEST,TUBEINVEST.NS,,,Kite primary / Yahoo fallback,PARTIAL,
WATCHLIST,NIFTY_500,UBL,UBL.NS,,,Kite primary / Yahoo fallback,PARTIAL,
WATCHLIST,NIFTY_500,UNIONBANK,UNIONBANK.NS,,,Kite primary / Yahoo fallback,PARTIAL,
WATCHLIST,NIFTY_500,UPL,UPL.NS,,,Kite primary / Yahoo fallback,PARTIAL,
WATCHLIST,NIFTY_500,VOLTAS,VOLTAS.NS,,,Kite primary / Yahoo fallback,PARTIAL,
WATCHLIST,NIFTY_500,YESBANK,YESBANK.NS,,,Kite primary / Yahoo fallback,PARTIAL,
WATCHLIST,NIFTY_500,MANKIND,MANKIND.NS,,,Kite primary / Yahoo fallback,PARTIAL,
WATCHLIST,NIFTY_500,JSL,JSL.NS,,,Kite primary / Yahoo fallback,PARTIAL,
WATCHLIST,NIFTY_500,NLCINDIA,NLCINDIA.NS,,,Kite primary / Yahoo fallback,PARTIAL,
WATCHLIST,NIFTY_500,KEI,KEI.NS,,,Kite primary / Yahoo fallback,PARTIAL,
WATCHLIST,NIFTY_500,HUDCO,HUDCO.NS,,,Kite primary / Yahoo fallback,PARTIAL,
WATCHLIST,NIFTY_500,ABBOTINDIA,ABBOTINDIA.NS,,,Kite primary / Yahoo fallback,PARTIAL,
WATCHLIST,NIFTY_500,GLAND,GLAND.NS,,,Kite primary / Yahoo fallback,PARTIAL,
WATCHLIST,NIFTY_500,LODHA,LODHA.NS,,,Kite primary / Yahoo fallback,PARTIAL,
WATCHLIST,NIFTY_500,CRISIL,CRISIL.NS,,,Kite primary / Yahoo fallback,PARTIAL,
WATCHLIST,NIFTY_500,KALYANKJIL,KALYANKJIL.NS,,,Kite primary / Yahoo fallback,PARTIAL,
WATCHLIST,NIFTY_500,SUZLON,SUZLON.NS,,,Kite primary / Yahoo fallback,PARTIAL,
WATCHLIST,NIFTY_500,AARTIIND,AARTIIND.NS,,,Kite primary / Yahoo fallback,PARTIAL,
WATCHLIST,NIFTY_500,ANGELONE,ANGELONE.NS,,,Kite primary / Yahoo fallback,PARTIAL,
WATCHLIST,NIFTY_500,APARINDS,APARINDS.NS,,,Kite primary / Yahoo fallback,PARTIAL,
WATCHLIST,NIFTY_500,ASTERDM,ASTERDM.NS,,,Kite primary / Yahoo fallback,PARTIAL,
WATCHLIST,NIFTY_500,ATGL,ATGL.NS,,,Kite primary / Yahoo fallback,PARTIAL,
WATCHLIST,NIFTY_500,ATUL,ATUL.NS,,,Kite primary / Yahoo fallback,PARTIAL,
WATCHLIST,NIFTY_500,BIKAJI,BIKAJI.NS,,,Kite primary / Yahoo fallback,PARTIAL,
WATCHLIST,NIFTY_500,BLUESTARCO,BLUESTARCO.NS,,,Kite primary / Yahoo fallback,PARTIAL,
WATCHLIST,NIFTY_500,BSE,BSE.NS,,,Kite primary / Yahoo fallback,PARTIAL,
WATCHLIST,NIFTY_500,BALRAMCHIN,BALRAMCHIN.NS,,,Kite primary / Yahoo fallback,PARTIAL,
WATCHLIST,NIFTY_500,BLS,BLS.NS,,,Kite primary / Yahoo fallback,PARTIAL,
WATCHLIST,NIFTY_500,BSOFT,BSOFT.NS,,,Kite primary / Yahoo fallback,PARTIAL,
WATCHLIST,NIFTY_500,CAMS,CAMS.NS,,,Kite primary / Yahoo fallback,PARTIAL,
WATCHLIST,NIFTY_500,CASTROLIND,CASTROLIND.NS,,,Kite primary / Yahoo fallback,PARTIAL,
WATCHLIST,NIFTY_500,CDSL,CDSL.NS,,,Kite primary / Yahoo fallback,PARTIAL,
WATCHLIST,NIFTY_500,CEATLTD,CEATLTD.NS,,,Kite primary / Yahoo fallback,PARTIAL,
WATCHLIST,NIFTY_500,CENTRALBK,CENTRALBK.NS,,,Kite primary / Yahoo fallback,PARTIAL,
WATCHLIST,NIFTY_500,CESC,CESC.NS,,,Kite primary / Yahoo fallback,PARTIAL,
WATCHLIST,NIFTY_500,CHAMBLFERT,CHAMBLFERT.NS,,,Kite primary / Yahoo fallback,PARTIAL,
WATCHLIST,NIFTY_500,CHENNPETRO,CHENNPETRO.NS,,,Kite primary / Yahoo fallback,PARTIAL,
WATCHLIST,NIFTY_500,CGCL,CGCL.NS,,,Kite primary / Yahoo fallback,PARTIAL,
WATCHLIST,NIFTY_500,CRAFTSMAN,CRAFTSMAN.NS,,,Kite primary / Yahoo fallback,PARTIAL,
WATCHLIST,NIFTY_500,CYIENT,CYIENT.NS,,,Kite primary / Yahoo fallback,PARTIAL,
WATCHLIST,NIFTY_500,DOMS,DOMS.NS,,,Kite primary / Yahoo fallback,PARTIAL,
WATCHLIST,NIFTY_500,ELECTCAST,ELECTCAST.NS,,,Kite primary / Yahoo fallback,PARTIAL,
WATCHLIST,NIFTY_500,EIDPARRY,EIDPARRY.NS,,,Kite primary / Yahoo fallback,PARTIAL,
WATCHLIST,NIFTY_500,ENGINERSIN,ENGINERSIN.NS,,,Kite primary / Yahoo fallback,PARTIAL,
WATCHLIST,NIFTY_500,EPL,EPL.NS,,,Kite primary / Yahoo fallback,PARTIAL,
WATCHLIST,NIFTY_500,ERIS,ERIS.NS,,,Kite primary / Yahoo fallback,PARTIAL,
WATCHLIST,NIFTY_500,FINCABLES,FINCABLES.NS,,,Kite primary / Yahoo fallback,PARTIAL,
WATCHLIST,NIFTY_500,FINPIPE,FINPIPE.NS,,,Kite primary / Yahoo fallback,PARTIAL,
WATCHLIST,NIFTY_500,FIVESTAR,FIVESTAR.NS,,,Kite primary / Yahoo fallback,PARTIAL,
WATCHLIST,NIFTY_500,FSL,FSL.NS,,,Kite primary / Yahoo fallback,PARTIAL,
WATCHLIST,NIFTY_500,GESHIP,GESHIP.NS,,,Kite primary / Yahoo fallback,PARTIAL,
WATCHLIST,NIFTY_500,GICRE,GICRE.NS,,,Kite primary / Yahoo fallback,PARTIAL,
WATCHLIST,NIFTY_500,GILLETTE,GILLETTE.NS,,,Kite primary / Yahoo fallback,PARTIAL,
WATCHLIST,NIFTY_500,GLENMARK,GLENMARK.NS,,,Kite primary / Yahoo fallback,PARTIAL,
WATCHLIST,NIFTY_500,GNFC,GNFC.NS,,,Kite primary / Yahoo fallback,PARTIAL,
WATCHLIST,NIFTY_500,GODFRYPHLP,GODFRYPHLP.NS,,,Kite primary / Yahoo fallback,PARTIAL,
WATCHLIST,NIFTY_500,GPPL,GPPL.NS,,,Kite primary / Yahoo fallback,PARTIAL,
WATCHLIST,NIFTY_500,GRSE,GRSE.NS,,,Kite primary / Yahoo fallback,PARTIAL,
WATCHLIST,NIFTY_500,GSPL,GSPL.NS,,,Kite primary / Yahoo fallback,PARTIAL,
WATCHLIST,NIFTY_500,HBLPOWER,HBLPOWER.NS,,,Kite primary / Yahoo fallback,PARTIAL,
WATCHLIST,NIFTY_500,HFCL,HFCL.NS,,,Kite primary / Yahoo fallback,PARTIAL,
WATCHLIST,NIFTY_500,HSCL,HSCL.NS,,,Kite primary / Yahoo fallback,PARTIAL,
WATCHLIST,NIFTY_500,IDBI,IDBI.NS,,,Kite primary / Yahoo fallback,PARTIAL,
WATCHLIST,NIFTY_500,IEX,IEX.NS,,,Kite primary / Yahoo fallback,PARTIAL,
WATCHLIST,NIFTY_500,INTELLECT,INTELLECT.NS,,,Kite primary / Yahoo fallback,PARTIAL,
WATCHLIST,NIFTY_500,IOB,IOB.NS,,,Kite primary / Yahoo fallback,PARTIAL,
WATCHLIST,NIFTY_500,IRCON,IRCON.NS,,,Kite primary / Yahoo fallback,PARTIAL,
WATCHLIST,NIFTY_500,JBCHEPHARM,JBCHEPHARM.NS,,,Kite primary / Yahoo fallback,PARTIAL,
WATCHLIST,NIFTY_500,JBMA,JBMA.NS,,,Kite primary / Yahoo fallback,PARTIAL,
WATCHLIST,NIFTY_500,JKCEMENT,JKCEMENT.NS,,,Kite primary / Yahoo fallback,PARTIAL,
WATCHLIST,NIFTY_500,JMFINANCIL,JMFINANCIL.NS,,,Kite primary / Yahoo fallback,PARTIAL,
WATCHLIST,NIFTY_500,JUSTDIAL,JUSTDIAL.NS,,,Kite primary / Yahoo fallback,PARTIAL,
WATCHLIST,NIFTY_500,JYOTHYLAB,JYOTHYLAB.NS,,,Kite primary / Yahoo fallback,PARTIAL,
WATCHLIST,NIFTY_500,KAJARIACER,KAJARIACER.NS,,,Kite primary / Yahoo fallback,PARTIAL,
WATCHLIST,NIFTY_500,KARURVYSYA,KARURVYSYA.NS,,,Kite primary / Yahoo fallback,PARTIAL,
WATCHLIST,NIFTY_500,KEC,KEC.NS,,,Kite primary / Yahoo fallback,PARTIAL,
WATCHLIST,NIFTY_500,KFINTECH,KFINTECH.NS,,,Kite primary / Yahoo fallback,PARTIAL,
WATCHLIST,NIFTY_500,KIRLOSBROS,KIRLOSBROS.NS,,,Kite primary / Yahoo fallback,PARTIAL,
WATCHLIST,NIFTY_500,KIRLOSENG,KIRLOSENG.NS,,,Kite primary / Yahoo fallback,PARTIAL,
WATCHLIST,NIFTY_500,KPRMILL,KPRMILL.NS,,,Kite primary / Yahoo fallback,PARTIAL,
WATCHLIST,NIFTY_500,LATENTVIEW,LATENTVIEW.NS,,,Kite primary / Yahoo fallback,PARTIAL,
WATCHLIST,NIFTY_500,LAURUSLABS,LAURUSLABS.NS,,,Kite primary / Yahoo fallback,PARTIAL,
WATCHLIST,NIFTY_500,LXCHEM,LXCHEM.NS,,,Kite primary / Yahoo fallback,PARTIAL,
WATCHLIST,NIFTY_500,MASTEK,MASTEK.NS,,,Kite primary / Yahoo fallback,PARTIAL,
WATCHLIST,NIFTY_500,MCX,MCX.NS,,,Kite primary / Yahoo fallback,PARTIAL,
WATCHLIST,NIFTY_500,METROBRAND,METROBRAND.NS,,,Kite primary / Yahoo fallback,PARTIAL,
WATCHLIST,NIFTY_500,MGL,MGL.NS,,,Kite primary / Yahoo fallback,PARTIAL,
WATCHLIST,NIFTY_500,MMTC,MMTC.NS,,,Kite primary / Yahoo fallback,PARTIAL,
WATCHLIST,NIFTY_500,NATCOPHARM,NATCOPHARM.NS,,,Kite primary / Yahoo fallback,PARTIAL,
WATCHLIST,NIFTY_500,NATIONALUM,NATIONALUM.NS,,,Kite primary / Yahoo fallback,PARTIAL,
WATCHLIST,NIFTY_500,NBCC,NBCC.NS,,,Kite primary / Yahoo fallback,PARTIAL,
WATCHLIST,NIFTY_500,NCC,NCC.NS,,,Kite primary / Yahoo fallback,PARTIAL,
WATCHLIST,NIFTY_500,OLECTRA,OLECTRA.NS,,,Kite primary / Yahoo fallback,PARTIAL,
WATCHLIST,NIFTY_500,PCBL,PCBL.NS,,,Kite primary / Yahoo fallback,PARTIAL,
WATCHLIST,NIFTY_500,PGHL,PGHL.NS,,,Kite primary / Yahoo fallback,PARTIAL,
WATCHLIST,NIFTY_500,PNBHOUSING,PNBHOUSING.NS,,,Kite primary / Yahoo fallback,PARTIAL,
WATCHLIST,NIFTY_500,PRINCEPIPE,PRINCEPIPE.NS,,,Kite primary / Yahoo fallback,PARTIAL,
WATCHLIST,NIFTY_500,PVRINOX,PVRINOX.NS,,,Kite primary / Yahoo fallback,PARTIAL,
WATCHLIST,NIFTY_500,RADICO,RADICO.NS,,,Kite primary / Yahoo fallback,PARTIAL,
WATCHLIST,NIFTY_500,RBLBANK,RBLBANK.NS,,,Kite primary / Yahoo fallback,PARTIAL,
WATCHLIST,NIFTY_500,REDINGTON,REDINGTON.NS,,,Kite primary / Yahoo fallback,PARTIAL,
WATCHLIST,NIFTY_500,ROUTE,ROUTE.NS,,,Kite primary / Yahoo fallback,PARTIAL,
WATCHLIST,NIFTY_500,SCI,SCI.NS,,,Kite primary / Yahoo fallback,PARTIAL,
WATCHLIST,NIFTY_500,SCHAEFFLER,SCHAEFFLER.NS,,,Kite primary / Yahoo fallback,PARTIAL,
WATCHLIST,NIFTY_500,SHYAMMETL,SHYAMMETL.NS,,,Kite primary / Yahoo fallback,PARTIAL,
WATCHLIST,NIFTY_500,SOBHA,SOBHA.NS,,,Kite primary / Yahoo fallback,PARTIAL,
WATCHLIST,NIFTY_500,STARCEMENT,STARCEMENT.NS,,,Kite primary / Yahoo fallback,PARTIAL,
WATCHLIST,NIFTY_500,STARHEALTH,STARHEALTH.NS,,,Kite primary / Yahoo fallback,PARTIAL,
WATCHLIST,NIFTY_500,SWANENERGY,SWANENERGY.NS,,,Kite primary / Yahoo fallback,PARTIAL,
WATCHLIST,NIFTY_500,SYRMA,SYRMA.NS,,,Kite primary / Yahoo fallback,PARTIAL,
WATCHLIST,NIFTY_500,TANLA,TANLA.NS,,,Kite primary / Yahoo fallback,PARTIAL,
WATCHLIST,NIFTY_500,TATAINVEST,TATAINVEST.NS,,,Kite primary / Yahoo fallback,PARTIAL,
WATCHLIST,NIFTY_500,TBOTEK,TBOTEK.NS,,,Kite primary / Yahoo fallback,PARTIAL,
WATCHLIST,NIFTY_500,TEJASNET,TEJASNET.NS,,,Kite primary / Yahoo fallback,PARTIAL,
WATCHLIST,NIFTY_500,TRIDENT,TRIDENT.NS,,,Kite primary / Yahoo fallback,PARTIAL,
WATCHLIST,NIFTY_500,WHIRLPOOL,WHIRLPOOL.NS,,,Kite primary / Yahoo fallback,PARTIAL,
WATCHLIST,NIFTY_500,ZENSARTECH,ZENSARTECH.NS,,,Kite primary / Yahoo fallback,PARTIAL,
CURATED_UNIVERSE,Banking,HDFC Bank,HDFCBANK,Private Bank,,Kite primary / Yahoo fallback,PARTIAL,Has sector/industry/catalyst metadata for scoring
CURATED_UNIVERSE,Banking,ICICI Bank,ICICIBANK,Private Bank,,Kite primary / Yahoo fallback,PARTIAL,Has sector/industry/catalyst metadata for scoring
CURATED_UNIVERSE,Banking,State Bank of India,SBIN,Public Bank,,Kite primary / Yahoo fallback,PARTIAL,Has sector/industry/catalyst metadata for scoring
CURATED_UNIVERSE,Banking,Axis Bank,AXISBANK,Private Bank,,Kite primary / Yahoo fallback,PARTIAL,Has sector/industry/catalyst metadata for scoring
CURATED_UNIVERSE,Banking,Kotak Mahindra Bank,KOTAKBANK,Private Bank,,Kite primary / Yahoo fallback,PARTIAL,Has sector/industry/catalyst metadata for scoring
CURATED_UNIVERSE,Banking,IndusInd Bank,INDUSINDBK,Private Bank,,Kite primary / Yahoo fallback,PARTIAL,Has sector/industry/catalyst metadata for scoring
CURATED_UNIVERSE,Financials,Bajaj Finance,BAJFINANCE,NBFC,,Kite primary / Yahoo fallback,PARTIAL,Has sector/industry/catalyst metadata for scoring
CURATED_UNIVERSE,Financials,Bajaj Finserv,BAJAJFINSV,Holding,,Kite primary / Yahoo fallback,PARTIAL,Has sector/industry/catalyst metadata for scoring
CURATED_UNIVERSE,Financials,SBI Life Insurance,SBILIFE,Life Insurance,,Kite primary / Yahoo fallback,PARTIAL,Has sector/industry/catalyst metadata for scoring
CURATED_UNIVERSE,Financials,HDFC Life Insurance,HDFCLIFE,Life Insurance,,Kite primary / Yahoo fallback,PARTIAL,Has sector/industry/catalyst metadata for scoring
CURATED_UNIVERSE,Financials,ICICI Prudential Life,ICICIPRULI,Life Insurance,,Kite primary / Yahoo fallback,PARTIAL,Has sector/industry/catalyst metadata for scoring
CURATED_UNIVERSE,Financials,Cholamandalam Finance,CHOLAFIN,NBFC,,Kite primary / Yahoo fallback,PARTIAL,Has sector/industry/catalyst metadata for scoring
CURATED_UNIVERSE,IT,Tata Consultancy Services,TCS,IT Services,,Kite primary / Yahoo fallback,PARTIAL,Has sector/industry/catalyst metadata for scoring
CURATED_UNIVERSE,IT,Infosys,INFY,IT Services,,Kite primary / Yahoo fallback,PARTIAL,Has sector/industry/catalyst metadata for scoring
CURATED_UNIVERSE,IT,Wipro,WIPRO,IT Services,,Kite primary / Yahoo fallback,PARTIAL,Has sector/industry/catalyst metadata for scoring
CURATED_UNIVERSE,IT,HCL Technologies,HCLTECH,IT Services,,Kite primary / Yahoo fallback,PARTIAL,Has sector/industry/catalyst metadata for scoring
CURATED_UNIVERSE,IT,Tech Mahindra,TECHM,IT Services,,Kite primary / Yahoo fallback,PARTIAL,Has sector/industry/catalyst metadata for scoring
CURATED_UNIVERSE,IT,LTIMindtree,LTIM,IT Services,,Kite primary / Yahoo fallback,PARTIAL,Has sector/industry/catalyst metadata for scoring
CURATED_UNIVERSE,IT,Persistent Systems,PERSISTENT,IT Services,,Kite primary / Yahoo fallback,PARTIAL,Has sector/industry/catalyst metadata for scoring
CURATED_UNIVERSE,IT,Coforge,COFORGE,IT Services,,Kite primary / Yahoo fallback,PARTIAL,Has sector/industry/catalyst metadata for scoring
CURATED_UNIVERSE,Energy,Reliance Industries,RELIANCE,Oil & Gas / Conglomerate,,Kite primary / Yahoo fallback,PARTIAL,Has sector/industry/catalyst metadata for scoring
CURATED_UNIVERSE,Energy,Oil and Natural Gas Corp,ONGC,Upstream Oil & Gas,,Kite primary / Yahoo fallback,PARTIAL,Has sector/industry/catalyst metadata for scoring
CURATED_UNIVERSE,Energy,Indian Oil Corp,IOC,Oil Refining & Marketing,,Kite primary / Yahoo fallback,PARTIAL,Has sector/industry/catalyst metadata for scoring
CURATED_UNIVERSE,Energy,Bharat Petroleum,BPCL,Oil Refining & Marketing,,Kite primary / Yahoo fallback,PARTIAL,Has sector/industry/catalyst metadata for scoring
CURATED_UNIVERSE,Energy,GAIL India,GAIL,Natural Gas,,Kite primary / Yahoo fallback,PARTIAL,Has sector/industry/catalyst metadata for scoring
CURATED_UNIVERSE,Energy,Power Grid Corp,POWERGRID,Power Transmission,,Kite primary / Yahoo fallback,PARTIAL,Has sector/industry/catalyst metadata for scoring
CURATED_UNIVERSE,Energy,NTPC,NTPC,Power Generation,,Kite primary / Yahoo fallback,PARTIAL,Has sector/industry/catalyst metadata for scoring
CURATED_UNIVERSE,Energy,Tata Power,TATAPOWER,Integrated Power,,Kite primary / Yahoo fallback,PARTIAL,Has sector/industry/catalyst metadata for scoring
CURATED_UNIVERSE,Energy,Adani Green Energy,ADANIGREEN,Renewables,,Kite primary / Yahoo fallback,PARTIAL,Has sector/industry/catalyst metadata for scoring
CURATED_UNIVERSE,Auto,Maruti Suzuki,MARUTI,Passenger Vehicles,,Kite primary / Yahoo fallback,PARTIAL,Has sector/industry/catalyst metadata for scoring
CURATED_UNIVERSE,Auto,Tata Motors Passenger Vehicles,TMPV,Passenger Vehicles,,Kite primary / Yahoo fallback,PARTIAL,Has sector/industry/catalyst metadata for scoring
CURATED_UNIVERSE,Auto,Mahindra & Mahindra,M&M,Auto OEM,,Kite primary / Yahoo fallback,PARTIAL,Has sector/industry/catalyst metadata for scoring
CURATED_UNIVERSE,Auto,Bajaj Auto,BAJAJ-AUTO,2W & 3W,,Kite primary / Yahoo fallback,PARTIAL,Has sector/industry/catalyst metadata for scoring
CURATED_UNIVERSE,Auto,Hero MotoCorp,HEROMOTOCO,2W,,Kite primary / Yahoo fallback,PARTIAL,Has sector/industry/catalyst metadata for scoring
CURATED_UNIVERSE,Auto,Eicher Motors,EICHERMOT,2W & CV,,Kite primary / Yahoo fallback,PARTIAL,Has sector/industry/catalyst metadata for scoring
CURATED_UNIVERSE,Auto,Ashok Leyland,ASHOKLEY,Commercial Vehicles,,Kite primary / Yahoo fallback,PARTIAL,Has sector/industry/catalyst metadata for scoring
CURATED_UNIVERSE,Auto,TVS Motor,TVSMOTOR,2W & 3W,,Kite primary / Yahoo fallback,PARTIAL,Has sector/industry/catalyst metadata for scoring
CURATED_UNIVERSE,Pharma,Sun Pharmaceutical,SUNPHARMA,Pharmaceuticals,,Kite primary / Yahoo fallback,PARTIAL,Has sector/industry/catalyst metadata for scoring
CURATED_UNIVERSE,Pharma,Dr. Reddy's Laboratories,DRREDDY,Pharmaceuticals,,Kite primary / Yahoo fallback,PARTIAL,Has sector/industry/catalyst metadata for scoring
CURATED_UNIVERSE,Pharma,Cipla,CIPLA,Pharmaceuticals,,Kite primary / Yahoo fallback,PARTIAL,Has sector/industry/catalyst metadata for scoring
CURATED_UNIVERSE,Pharma,Divi's Laboratories,DIVISLAB,Pharma APIs / Custom Synthesis,,Kite primary / Yahoo fallback,PARTIAL,Has sector/industry/catalyst metadata for scoring
CURATED_UNIVERSE,Pharma,Apollo Hospitals,APOLLOHOSP,Hospitals,,Kite primary / Yahoo fallback,PARTIAL,Has sector/industry/catalyst metadata for scoring
CURATED_UNIVERSE,Pharma,Lupin,LUPIN,Pharmaceuticals,,Kite primary / Yahoo fallback,PARTIAL,Has sector/industry/catalyst metadata for scoring
CURATED_UNIVERSE,FMCG,Hindustan Unilever,HINDUNILVR,Consumer Staples,,Kite primary / Yahoo fallback,PARTIAL,Has sector/industry/catalyst metadata for scoring
CURATED_UNIVERSE,FMCG,ITC,ITC,Conglomerate,,Kite primary / Yahoo fallback,PARTIAL,Has sector/industry/catalyst metadata for scoring
CURATED_UNIVERSE,FMCG,Nestle India,NESTLEIND,Packaged Foods,,Kite primary / Yahoo fallback,PARTIAL,Has sector/industry/catalyst metadata for scoring
CURATED_UNIVERSE,FMCG,Britannia Industries,BRITANNIA,Biscuits & Foods,,Kite primary / Yahoo fallback,PARTIAL,Has sector/industry/catalyst metadata for scoring
CURATED_UNIVERSE,FMCG,Dabur India,DABUR,FMCG,,Kite primary / Yahoo fallback,PARTIAL,Has sector/industry/catalyst metadata for scoring
CURATED_UNIVERSE,FMCG,Marico,MARICO,FMCG,,Kite primary / Yahoo fallback,PARTIAL,Has sector/industry/catalyst metadata for scoring
CURATED_UNIVERSE,FMCG,Tata Consumer Products,TATACONSUM,Tea & Foods,,Kite primary / Yahoo fallback,PARTIAL,Has sector/industry/catalyst metadata for scoring
CURATED_UNIVERSE,FMCG,Godrej Consumer,GODREJCP,Home & Personal Care,,Kite primary / Yahoo fallback,PARTIAL,Has sector/industry/catalyst metadata for scoring
CURATED_UNIVERSE,Metals,Tata Steel,TATASTEEL,Steel,,Kite primary / Yahoo fallback,PARTIAL,Has sector/industry/catalyst metadata for scoring
CURATED_UNIVERSE,Metals,JSW Steel,JSWSTEEL,Steel,,Kite primary / Yahoo fallback,PARTIAL,Has sector/industry/catalyst metadata for scoring
CURATED_UNIVERSE,Metals,Hindalco Industries,HINDALCO,Aluminium,,Kite primary / Yahoo fallback,PARTIAL,Has sector/industry/catalyst metadata for scoring
CURATED_UNIVERSE,Metals,Vedanta,VEDL,Diversified Metals,,Kite primary / Yahoo fallback,PARTIAL,Has sector/industry/catalyst metadata for scoring
CURATED_UNIVERSE,Metals,Coal India,COALINDIA,Coal,,Kite primary / Yahoo fallback,PARTIAL,Has sector/industry/catalyst metadata for scoring
CURATED_UNIVERSE,Metals,Jindal Steel & Power,JINDALSTEL,Steel,,Kite primary / Yahoo fallback,PARTIAL,Has sector/industry/catalyst metadata for scoring
CURATED_UNIVERSE,Metals,NMDC,NMDC,Iron Ore Mining,,Kite primary / Yahoo fallback,PARTIAL,Has sector/industry/catalyst metadata for scoring
CURATED_UNIVERSE,Metals,Steel Authority of India,SAIL,Steel,,Kite primary / Yahoo fallback,PARTIAL,Has sector/industry/catalyst metadata for scoring
CURATED_UNIVERSE,Cement,UltraTech Cement,ULTRACEMCO,Cement,,Kite primary / Yahoo fallback,PARTIAL,Has sector/industry/catalyst metadata for scoring
CURATED_UNIVERSE,Cement,Grasim Industries,GRASIM,Cement / Conglomerate,,Kite primary / Yahoo fallback,PARTIAL,Has sector/industry/catalyst metadata for scoring
CURATED_UNIVERSE,Cement,Shree Cement,SHREECEM,Cement,,Kite primary / Yahoo fallback,PARTIAL,Has sector/industry/catalyst metadata for scoring
CURATED_UNIVERSE,Cement,Ambuja Cements,AMBUJACEM,Cement,,Kite primary / Yahoo fallback,PARTIAL,Has sector/industry/catalyst metadata for scoring
CURATED_UNIVERSE,Cement,ACC,ACC,Cement,,Kite primary / Yahoo fallback,PARTIAL,Has sector/industry/catalyst metadata for scoring
CURATED_UNIVERSE,Construction,Larsen & Toubro,LT,EPC / Engineering,,Kite primary / Yahoo fallback,PARTIAL,Has sector/industry/catalyst metadata for scoring
CURATED_UNIVERSE,Telecom,Bharti Airtel,BHARTIARTL,Telecom Services,,Kite primary / Yahoo fallback,PARTIAL,Has sector/industry/catalyst metadata for scoring
CURATED_UNIVERSE,Telecom,Vodafone Idea,IDEA,Telecom Services,,Kite primary / Yahoo fallback,PARTIAL,Has sector/industry/catalyst metadata for scoring
CURATED_UNIVERSE,Media,Zee Entertainment,ZEEL,Media & Entertainment,,Kite primary / Yahoo fallback,PARTIAL,Has sector/industry/catalyst metadata for scoring
CURATED_UNIVERSE,Real Estate,DLF,DLF,Real Estate,,Kite primary / Yahoo fallback,PARTIAL,Has sector/industry/catalyst metadata for scoring
CURATED_UNIVERSE,Real Estate,Godrej Properties,GODREJPROP,Real Estate,,Kite primary / Yahoo fallback,PARTIAL,Has sector/industry/catalyst metadata for scoring
CURATED_UNIVERSE,Real Estate,Oberoi Realty,OBEROIRLTY,Real Estate,,Kite primary / Yahoo fallback,PARTIAL,Has sector/industry/catalyst metadata for scoring
CURATED_UNIVERSE,Real Estate,Prestige Estates,PRESTIGE,Real Estate,,Kite primary / Yahoo fallback,PARTIAL,Has sector/industry/catalyst metadata for scoring
CURATED_UNIVERSE,Chemicals,Asian Paints,ASIANPAINT,Paints,,Kite primary / Yahoo fallback,PARTIAL,Has sector/industry/catalyst metadata for scoring
CURATED_UNIVERSE,Chemicals,Berger Paints,BERGEPAINT,Paints,,Kite primary / Yahoo fallback,PARTIAL,Has sector/industry/catalyst metadata for scoring
CURATED_UNIVERSE,Chemicals,Pidilite Industries,PIDILITIND,Adhesives,,Kite primary / Yahoo fallback,PARTIAL,Has sector/industry/catalyst metadata for scoring
CURATED_UNIVERSE,Chemicals,SRF,SRF,Specialty Chemicals,,Kite primary / Yahoo fallback,PARTIAL,Has sector/industry/catalyst metadata for scoring
CURATED_UNIVERSE,Chemicals,PI Industries,PIIND,Agrochemicals,,Kite primary / Yahoo fallback,PARTIAL,Has sector/industry/catalyst metadata for scoring
CURATED_UNIVERSE,Chemicals,UPL,UPL,Agrochemicals,,Kite primary / Yahoo fallback,PARTIAL,Has sector/industry/catalyst metadata for scoring
CURATED_UNIVERSE,Consumer Discretionary,Titan Company,TITAN,Jewellery & Watches,,Kite primary / Yahoo fallback,PARTIAL,Has sector/industry/catalyst metadata for scoring
CURATED_UNIVERSE,Consumer Discretionary,Avenue Supermarts (DMart),DMART,Retail,,Kite primary / Yahoo fallback,PARTIAL,Has sector/industry/catalyst metadata for scoring
CURATED_UNIVERSE,Consumer Discretionary,Trent,TRENT,Apparel Retail,,Kite primary / Yahoo fallback,PARTIAL,Has sector/industry/catalyst metadata for scoring
CURATED_UNIVERSE,Consumer Discretionary,FSN E-Commerce (Nykaa),NYKAA,E-commerce,,Kite primary / Yahoo fallback,PARTIAL,Has sector/industry/catalyst metadata for scoring
CURATED_UNIVERSE,Consumer Discretionary,Zomato,ZOMATO,Food Delivery,,Kite primary / Yahoo fallback,PARTIAL,Has sector/industry/catalyst metadata for scoring
CURATED_UNIVERSE,Consumer Discretionary,Jubilant FoodWorks,JUBLFOOD,QSR,,Kite primary / Yahoo fallback,PARTIAL,Has sector/industry/catalyst metadata for scoring
CURATED_UNIVERSE,Consumer Discretionary,Page Industries,PAGEIND,Apparel,,Kite primary / Yahoo fallback,PARTIAL,Has sector/industry/catalyst metadata for scoring
CURATED_UNIVERSE,Consumer Discretionary,Bata India,BATAINDIA,Footwear,,Kite primary / Yahoo fallback,PARTIAL,Has sector/industry/catalyst metadata for scoring
CURATED_UNIVERSE,Capital Goods,Siemens India,SIEMENS,Industrial Automation,,Kite primary / Yahoo fallback,PARTIAL,Has sector/industry/catalyst metadata for scoring
CURATED_UNIVERSE,Capital Goods,ABB India,ABB,Industrial Automation,,Kite primary / Yahoo fallback,PARTIAL,Has sector/industry/catalyst metadata for scoring
CURATED_UNIVERSE,Capital Goods,Bharat Heavy Electricals,BHEL,Power Equipment,,Kite primary / Yahoo fallback,PARTIAL,Has sector/industry/catalyst metadata for scoring
CURATED_UNIVERSE,Defence,Bharat Electronics,BEL,Defence Electronics,,Kite primary / Yahoo fallback,PARTIAL,Has sector/industry/catalyst metadata for scoring
CURATED_UNIVERSE,Defence,Hindustan Aeronautics,HAL,Aerospace & Defence,,Kite primary / Yahoo fallback,PARTIAL,Has sector/industry/catalyst metadata for scoring
CURATED_UNIVERSE,Defence,Mazagon Dock Shipbuilders,MAZDOCK,Shipbuilding,,Kite primary / Yahoo fallback,PARTIAL,Has sector/industry/catalyst metadata for scoring
CURATED_UNIVERSE,Aviation,InterGlobe Aviation (IndiGo),INDIGO,Airlines,,Kite primary / Yahoo fallback,PARTIAL,Has sector/industry/catalyst metadata for scoring
CURATED_UNIVERSE,Logistics,Container Corporation,CONCOR,Container Logistics,,Kite primary / Yahoo fallback,PARTIAL,Has sector/industry/catalyst metadata for scoring
CURATED_UNIVERSE,Logistics,Delhivery,DELHIVERY,3PL Logistics,,Kite primary / Yahoo fallback,PARTIAL,Has sector/industry/catalyst metadata for scoring
CURATED_UNIVERSE,Logistics,Blue Dart Express,BLUEDART,Express Logistics,,Kite primary / Yahoo fallback,PARTIAL,Has sector/industry/catalyst metadata for scoring
CURATED_UNIVERSE,Auto,Mahindra & Mahindra,M&M,Utility Vehicles & Tractors,,Kite primary / Yahoo fallback,PARTIAL,Has sector/industry/catalyst metadata for scoring
CURATED_UNIVERSE,Auto,Bajaj Auto,BAJAJ-AUTO,2W & 3W,,Kite primary / Yahoo fallback,PARTIAL,Has sector/industry/catalyst metadata for scoring
CURATED_UNIVERSE,Auto,Eicher Motors,EICHERMOT,Premium 2W & CV,,Kite primary / Yahoo fallback,PARTIAL,Has sector/industry/catalyst metadata for scoring
CURATED_UNIVERSE,Auto,TVS Motor,TVSMOTOR,2W,,Kite primary / Yahoo fallback,PARTIAL,Has sector/industry/catalyst metadata for scoring
CURATED_UNIVERSE,Auto,Hero MotoCorp,HEROMOTOCO,2W,,Kite primary / Yahoo fallback,PARTIAL,Has sector/industry/catalyst metadata for scoring
CURATED_UNIVERSE,Auto,Ashok Leyland,ASHOKLEY,CV,,Kite primary / Yahoo fallback,PARTIAL,Has sector/industry/catalyst metadata for scoring
CURATED_UNIVERSE,Auto,Bosch,BOSCHLTD,Auto Components,,Kite primary / Yahoo fallback,PARTIAL,Has sector/industry/catalyst metadata for scoring
CURATED_UNIVERSE,Auto,Samvardhana Motherson,MOTHERSON,Auto Components,,Kite primary / Yahoo fallback,PARTIAL,Has sector/industry/catalyst metadata for scoring
CURATED_UNIVERSE,Auto,Bharat Forge,BHARATFORG,Auto Components & Defence,,Kite primary / Yahoo fallback,PARTIAL,Has sector/industry/catalyst metadata for scoring
CURATED_UNIVERSE,Auto,Tube Investments,TIINDIA,Auto Components,,Kite primary / Yahoo fallback,PARTIAL,Has sector/industry/catalyst metadata for scoring
CURATED_UNIVERSE,Pharma,Sun Pharma,SUNPHARMA,Pharma,,Kite primary / Yahoo fallback,PARTIAL,Has sector/industry/catalyst metadata for scoring
CURATED_UNIVERSE,Pharma,Dr Reddy's Labs,DRREDDY,Pharma,,Kite primary / Yahoo fallback,PARTIAL,Has sector/industry/catalyst metadata for scoring
CURATED_UNIVERSE,Pharma,Cipla,CIPLA,Pharma,,Kite primary / Yahoo fallback,PARTIAL,Has sector/industry/catalyst metadata for scoring
CURATED_UNIVERSE,Pharma,Divis Labs,DIVISLAB,API & Custom Synthesis,,Kite primary / Yahoo fallback,PARTIAL,Has sector/industry/catalyst metadata for scoring
CURATED_UNIVERSE,Pharma,Lupin,LUPIN,Pharma,,Kite primary / Yahoo fallback,PARTIAL,Has sector/industry/catalyst metadata for scoring
CURATED_UNIVERSE,Pharma,Aurobindo Pharma,AUROPHARMA,Pharma & Biosimilars,,Kite primary / Yahoo fallback,PARTIAL,Has sector/industry/catalyst metadata for scoring
CURATED_UNIVERSE,Pharma,Biocon,BIOCON,Biopharma,,Kite primary / Yahoo fallback,PARTIAL,Has sector/industry/catalyst metadata for scoring
CURATED_UNIVERSE,Pharma,Torrent Pharma,TORNTPHARM,Pharma,,Kite primary / Yahoo fallback,PARTIAL,Has sector/industry/catalyst metadata for scoring
CURATED_UNIVERSE,Pharma,Alkem Labs,ALKEM,Pharma,,Kite primary / Yahoo fallback,PARTIAL,Has sector/industry/catalyst metadata for scoring
CURATED_UNIVERSE,Pharma,Zydus Lifesciences,ZYDUSLIFE,Pharma,,Kite primary / Yahoo fallback,PARTIAL,Has sector/industry/catalyst metadata for scoring
CURATED_UNIVERSE,Pharma,Apollo Hospitals,APOLLOHOSP,Healthcare Services,,Kite primary / Yahoo fallback,PARTIAL,Has sector/industry/catalyst metadata for scoring
CURATED_UNIVERSE,Pharma,Max Healthcare,MAXHEALTH,Healthcare Services,,Kite primary / Yahoo fallback,PARTIAL,Has sector/industry/catalyst metadata for scoring
CURATED_UNIVERSE,Pharma,Fortis Healthcare,FORTIS,Healthcare Services,,Kite primary / Yahoo fallback,PARTIAL,Has sector/industry/catalyst metadata for scoring
CURATED_UNIVERSE,FMCG,Hindustan Unilever,HINDUNILVR,FMCG,,Kite primary / Yahoo fallback,PARTIAL,Has sector/industry/catalyst metadata for scoring
CURATED_UNIVERSE,FMCG,ITC,ITC,FMCG / Cigarettes,,Kite primary / Yahoo fallback,PARTIAL,Has sector/industry/catalyst metadata for scoring
CURATED_UNIVERSE,FMCG,Nestle India,NESTLEIND,FMCG,,Kite primary / Yahoo fallback,PARTIAL,Has sector/industry/catalyst metadata for scoring
CURATED_UNIVERSE,FMCG,Britannia Industries,BRITANNIA,Biscuits,,Kite primary / Yahoo fallback,PARTIAL,Has sector/industry/catalyst metadata for scoring
CURATED_UNIVERSE,FMCG,Dabur India,DABUR,FMCG / Ayurveda,,Kite primary / Yahoo fallback,PARTIAL,Has sector/industry/catalyst metadata for scoring
CURATED_UNIVERSE,FMCG,Marico,MARICO,FMCG,,Kite primary / Yahoo fallback,PARTIAL,Has sector/industry/catalyst metadata for scoring
CURATED_UNIVERSE,FMCG,Godrej Consumer,GODREJCP,FMCG,,Kite primary / Yahoo fallback,PARTIAL,Has sector/industry/catalyst metadata for scoring
CURATED_UNIVERSE,FMCG,Colgate-Palmolive India,COLPAL,FMCG / Oral Care,,Kite primary / Yahoo fallback,PARTIAL,Has sector/industry/catalyst metadata for scoring
CURATED_UNIVERSE,FMCG,Tata Consumer Products,TATACONSUM,FMCG / F&B,,Kite primary / Yahoo fallback,PARTIAL,Has sector/industry/catalyst metadata for scoring
CURATED_UNIVERSE,FMCG,Varun Beverages,VBL,Beverages,,Kite primary / Yahoo fallback,PARTIAL,Has sector/industry/catalyst metadata for scoring
CURATED_UNIVERSE,FMCG,United Breweries,UBL,Beverages,,Kite primary / Yahoo fallback,PARTIAL,Has sector/industry/catalyst metadata for scoring
CURATED_UNIVERSE,FMCG,United Spirits,MCDOWELL-N,Spirits,,Kite primary / Yahoo fallback,PARTIAL,Has sector/industry/catalyst metadata for scoring
CURATED_UNIVERSE,Metals,Tata Steel,TATASTEEL,Steel,,Kite primary / Yahoo fallback,PARTIAL,Has sector/industry/catalyst metadata for scoring
CURATED_UNIVERSE,Metals,JSW Steel,JSWSTEEL,Steel,,Kite primary / Yahoo fallback,PARTIAL,Has sector/industry/catalyst metadata for scoring
CURATED_UNIVERSE,Metals,Hindalco,HINDALCO,Aluminium & Copper,,Kite primary / Yahoo fallback,PARTIAL,Has sector/industry/catalyst metadata for scoring
CURATED_UNIVERSE,Metals,Vedanta,VEDL,Diversified Metals,,Kite primary / Yahoo fallback,PARTIAL,Has sector/industry/catalyst metadata for scoring
CURATED_UNIVERSE,Metals,NMDC,NMDC,Iron Ore,,Kite primary / Yahoo fallback,PARTIAL,Has sector/industry/catalyst metadata for scoring
CURATED_UNIVERSE,Metals,Coal India,COALINDIA,Coal Mining,,Kite primary / Yahoo fallback,PARTIAL,Has sector/industry/catalyst metadata for scoring
CURATED_UNIVERSE,Metals,Jindal Steel & Power,JINDALSTEL,Steel & Power,,Kite primary / Yahoo fallback,PARTIAL,Has sector/industry/catalyst metadata for scoring
CURATED_UNIVERSE,Metals,SAIL,SAIL,Steel,,Kite primary / Yahoo fallback,PARTIAL,Has sector/industry/catalyst metadata for scoring
CURATED_UNIVERSE,Metals,Hindustan Zinc,HINDZINC,Zinc & Silver,,Kite primary / Yahoo fallback,PARTIAL,Has sector/industry/catalyst metadata for scoring
CURATED_UNIVERSE,Cement,UltraTech Cement,ULTRACEMCO,Cement,,Kite primary / Yahoo fallback,PARTIAL,Has sector/industry/catalyst metadata for scoring
CURATED_UNIVERSE,Cement,Shree Cement,SHREECEM,Cement,,Kite primary / Yahoo fallback,PARTIAL,Has sector/industry/catalyst metadata for scoring
CURATED_UNIVERSE,Cement,Ambuja Cements,AMBUJACEM,Cement,,Kite primary / Yahoo fallback,PARTIAL,Has sector/industry/catalyst metadata for scoring
CURATED_UNIVERSE,Cement,Dalmia Bharat,DALBHARAT,Cement,,Kite primary / Yahoo fallback,PARTIAL,Has sector/industry/catalyst metadata for scoring
CURATED_UNIVERSE,Capital Goods,Cummins India,CUMMINSIND,Engines,,Kite primary / Yahoo fallback,PARTIAL,Has sector/industry/catalyst metadata for scoring
CURATED_UNIVERSE,Capital Goods,Havells India,HAVELLS,Electricals & Consumer Durables,,Kite primary / Yahoo fallback,PARTIAL,Has sector/industry/catalyst metadata for scoring
CURATED_UNIVERSE,Capital Goods,Polycab India,POLYCAB,Cables & Wires,,Kite primary / Yahoo fallback,PARTIAL,Has sector/industry/catalyst metadata for scoring
CURATED_UNIVERSE,Capital Goods,Voltas,VOLTAS,Air Conditioning,,Kite primary / Yahoo fallback,PARTIAL,Has sector/industry/catalyst metadata for scoring
CURATED_UNIVERSE,Capital Goods,Crompton Greaves Consumer,CROMPTON,Electrical Consumer Durables,,Kite primary / Yahoo fallback,PARTIAL,Has sector/industry/catalyst metadata for scoring
CURATED_UNIVERSE,Capital Goods,Blue Star,BLUESTARCO,Air Conditioning & Cooling,,Kite primary / Yahoo fallback,PARTIAL,Has sector/industry/catalyst metadata for scoring
CURATED_UNIVERSE,Financials,HDFC AMC,HDFCAMC,AMC,,Kite primary / Yahoo fallback,PARTIAL,Has sector/industry/catalyst metadata for scoring
CURATED_UNIVERSE,Financials,Nippon Life India AMC,NIPPONLIFE,AMC,,Kite primary / Yahoo fallback,PARTIAL,Has sector/industry/catalyst metadata for scoring
CURATED_UNIVERSE,Financials,Bajaj Holdings,BAJAJHLDNG,Holding,,Kite primary / Yahoo fallback,PARTIAL,Has sector/industry/catalyst metadata for scoring
CURATED_UNIVERSE,Financials,REC Limited,RECLTD,Power Finance,,Kite primary / Yahoo fallback,PARTIAL,Has sector/industry/catalyst metadata for scoring
CURATED_UNIVERSE,Financials,Power Finance Corp,PFC,Power Finance,,Kite primary / Yahoo fallback,PARTIAL,Has sector/industry/catalyst metadata for scoring
CURATED_UNIVERSE,Financials,Indian Railway Finance Corp,IRFC,Railway Finance,,Kite primary / Yahoo fallback,PARTIAL,Has sector/industry/catalyst metadata for scoring
CURATED_UNIVERSE,Financials,Muthoot Finance,MUTHOOTFIN,Gold Loan NBFC,,Kite primary / Yahoo fallback,PARTIAL,Has sector/industry/catalyst metadata for scoring
CURATED_UNIVERSE,Financials,Manappuram Finance,MANAPPURAM,Gold Loan NBFC,,Kite primary / Yahoo fallback,PARTIAL,Has sector/industry/catalyst metadata for scoring
CURATED_UNIVERSE,Financials,Piramal Enterprises,PEL,Diversified NBFC,,Kite primary / Yahoo fallback,PARTIAL,Has sector/industry/catalyst metadata for scoring
CURATED_UNIVERSE,Financials,LIC Housing Finance,LICHSGFIN,Housing Finance,,Kite primary / Yahoo fallback,PARTIAL,Has sector/industry/catalyst metadata for scoring
CURATED_UNIVERSE,Financials,Bajaj Housing Finance,BAJAJHFL,Housing Finance,,Kite primary / Yahoo fallback,PARTIAL,Has sector/industry/catalyst metadata for scoring
CURATED_UNIVERSE,Banking,Bank of Baroda,BANKBARODA,Public Bank,,Kite primary / Yahoo fallback,PARTIAL,Has sector/industry/catalyst metadata for scoring
CURATED_UNIVERSE,Banking,Punjab National Bank,PNB,Public Bank,,Kite primary / Yahoo fallback,PARTIAL,Has sector/industry/catalyst metadata for scoring
CURATED_UNIVERSE,Banking,Canara Bank,CANBK,Public Bank,,Kite primary / Yahoo fallback,PARTIAL,Has sector/industry/catalyst metadata for scoring
CURATED_UNIVERSE,Banking,Union Bank of India,UNIONBANK,Public Bank,,Kite primary / Yahoo fallback,PARTIAL,Has sector/industry/catalyst metadata for scoring
CURATED_UNIVERSE,Banking,IDFC First Bank,IDFCFIRSTB,Private Bank,,Kite primary / Yahoo fallback,PARTIAL,Has sector/industry/catalyst metadata for scoring
CURATED_UNIVERSE,Banking,Federal Bank,FEDERALBNK,Private Bank,,Kite primary / Yahoo fallback,PARTIAL,Has sector/industry/catalyst metadata for scoring
CURATED_UNIVERSE,Banking,AU Small Finance Bank,AUBANK,Small Finance Bank,,Kite primary / Yahoo fallback,PARTIAL,Has sector/industry/catalyst metadata for scoring
CURATED_UNIVERSE,Banking,RBL Bank,RBLBANK,Private Bank,,Kite primary / Yahoo fallback,PARTIAL,Has sector/industry/catalyst metadata for scoring
CURATED_UNIVERSE,Logistics,IRCTC,IRCTC,Travel & E-Catering,,Kite primary / Yahoo fallback,PARTIAL,Has sector/industry/catalyst metadata for scoring
CURATED_UNIVERSE,Construction,Rail Vikas Nigam,RVNL,Railway Infra,,Kite primary / Yahoo fallback,PARTIAL,Has sector/industry/catalyst metadata for scoring
CURATED_UNIVERSE,Construction,Ircon International,IRCON,Railway Infra,,Kite primary / Yahoo fallback,PARTIAL,Has sector/industry/catalyst metadata for scoring
CURATED_UNIVERSE,Construction,GMR Airports Infra,GMRINFRA,Airports,,Kite primary / Yahoo fallback,PARTIAL,Has sector/industry/catalyst metadata for scoring
CURATED_UNIVERSE,Logistics,Adani Ports & SEZ,ADANIPORTS,Port Operator,,Kite primary / Yahoo fallback,PARTIAL,Has sector/industry/catalyst metadata for scoring
CURATED_UNIVERSE,Energy,Adani Enterprises,ADANIENT,Conglomerate / New Energy,,Kite primary / Yahoo fallback,PARTIAL,Has sector/industry/catalyst metadata for scoring
CURATED_UNIVERSE,Energy,Adani Power,ADANIPOWER,Power Generation,,Kite primary / Yahoo fallback,PARTIAL,Has sector/industry/catalyst metadata for scoring
CURATED_UNIVERSE,Information Technology,Persistent Systems,PERSISTENT,IT Services,,Kite primary / Yahoo fallback,PARTIAL,Has sector/industry/catalyst metadata for scoring
CURATED_UNIVERSE,Information Technology,Coforge,COFORGE,IT Services,,Kite primary / Yahoo fallback,PARTIAL,Has sector/industry/catalyst metadata for scoring
CURATED_UNIVERSE,Information Technology,Mphasis,MPHASIS,IT Services,,Kite primary / Yahoo fallback,PARTIAL,Has sector/industry/catalyst metadata for scoring
CURATED_UNIVERSE,Information Technology,Oracle Financial Services,OFSS,Banking Software,,Kite primary / Yahoo fallback,PARTIAL,Has sector/industry/catalyst metadata for scoring
CURATED_UNIVERSE,Information Technology,KPIT Technologies,KPITTECH,Auto ER&D,,Kite primary / Yahoo fallback,PARTIAL,Has sector/industry/catalyst metadata for scoring
CURATED_UNIVERSE,Information Technology,Tata Elxsi,TATAELXSI,ER&D,,Kite primary / Yahoo fallback,PARTIAL,Has sector/industry/catalyst metadata for scoring
CURATED_UNIVERSE,Information Technology,LTIMindtree,LTIM,IT Services,,Kite primary / Yahoo fallback,PARTIAL,Has sector/industry/catalyst metadata for scoring
CURATED_UNIVERSE,Information Technology,L&T Technology Services,LTTS,ER&D,,Kite primary / Yahoo fallback,PARTIAL,Has sector/industry/catalyst metadata for scoring
CURATED_UNIVERSE,Banking,Bandhan Bank,BANDHANBNK,Private Bank,,Kite primary / Yahoo fallback,PARTIAL,Has sector/industry/catalyst metadata for scoring
CURATED_UNIVERSE,Banking,City Union Bank,CUB,Private Bank,,Kite primary / Yahoo fallback,PARTIAL,Has sector/industry/catalyst metadata for scoring
CURATED_UNIVERSE,Banking,Karur Vysya Bank,KARURVYSYA,Private Bank,,Kite primary / Yahoo fallback,PARTIAL,Has sector/industry/catalyst metadata for scoring
CURATED_UNIVERSE,Financials,SBI Cards,SBICARD,Credit Cards,,Kite primary / Yahoo fallback,PARTIAL,Has sector/industry/catalyst metadata for scoring
CURATED_UNIVERSE,Financials,PB Fintech (Policybazaar),POLICYBZR,Insurtech,,Kite primary / Yahoo fallback,PARTIAL,Has sector/industry/catalyst metadata for scoring
CURATED_UNIVERSE,Financials,Paytm (One97),PAYTM,Fintech,,Kite primary / Yahoo fallback,PARTIAL,Has sector/industry/catalyst metadata for scoring
CURATED_UNIVERSE,Automobile,Ashok Leyland,ASHOKLEY,CV Maker,,Kite primary / Yahoo fallback,PARTIAL,Has sector/industry/catalyst metadata for scoring
CURATED_UNIVERSE,Automobile,TVS Motor Company,TVSMOTOR,2W Maker,,Kite primary / Yahoo fallback,PARTIAL,Has sector/industry/catalyst metadata for scoring
CURATED_UNIVERSE,Automobile,Balkrishna Industries,BALKRISIND,Off-highway Tyres,,Kite primary / Yahoo fallback,PARTIAL,Has sector/industry/catalyst metadata for scoring
CURATED_UNIVERSE,Automobile,MRF,MRF,Tyres,,Kite primary / Yahoo fallback,PARTIAL,Has sector/industry/catalyst metadata for scoring
CURATED_UNIVERSE,Automobile,Apollo Tyres,APOLLOTYRE,Tyres,,Kite primary / Yahoo fallback,PARTIAL,Has sector/industry/catalyst metadata for scoring
CURATED_UNIVERSE,Automobile,Exide Industries,EXIDEIND,Auto Batteries,,Kite primary / Yahoo fallback,PARTIAL,Has sector/industry/catalyst metadata for scoring
CURATED_UNIVERSE,Automobile,Samvardhana Motherson,MOTHERSON,Auto Components,,Kite primary / Yahoo fallback,PARTIAL,Has sector/industry/catalyst metadata for scoring
CURATED_UNIVERSE,Healthcare,Zydus Lifesciences,ZYDUSLIFE,Pharmaceuticals,,Kite primary / Yahoo fallback,PARTIAL,Has sector/industry/catalyst metadata for scoring
CURATED_UNIVERSE,Healthcare,Aurobindo Pharma,AUROPHARMA,Pharmaceuticals,,Kite primary / Yahoo fallback,PARTIAL,Has sector/industry/catalyst metadata for scoring
CURATED_UNIVERSE,Healthcare,Torrent Pharma,TORNTPHARM,Pharmaceuticals,,Kite primary / Yahoo fallback,PARTIAL,Has sector/industry/catalyst metadata for scoring
CURATED_UNIVERSE,Healthcare,Alkem Laboratories,ALKEM,Pharmaceuticals,,Kite primary / Yahoo fallback,PARTIAL,Has sector/industry/catalyst metadata for scoring
CURATED_UNIVERSE,Healthcare,Mankind Pharma,MANKIND,Pharmaceuticals,,Kite primary / Yahoo fallback,PARTIAL,Has sector/industry/catalyst metadata for scoring
CURATED_UNIVERSE,Healthcare,Gland Pharma,GLAND,Injectables CMO,,Kite primary / Yahoo fallback,PARTIAL,Has sector/industry/catalyst metadata for scoring
CURATED_UNIVERSE,Healthcare,Fortis Healthcare,FORTIS,Hospitals,,Kite primary / Yahoo fallback,PARTIAL,Has sector/industry/catalyst metadata for scoring
CURATED_UNIVERSE,Healthcare,Max Healthcare,MAXHEALTH,Hospitals,,Kite primary / Yahoo fallback,PARTIAL,Has sector/industry/catalyst metadata for scoring
CURATED_UNIVERSE,Healthcare,Global Health (Medanta),MEDANTA,Hospitals,,Kite primary / Yahoo fallback,PARTIAL,Has sector/industry/catalyst metadata for scoring
CURATED_UNIVERSE,Healthcare,Laurus Labs,LAURUSLABS,API & CDMO,,Kite primary / Yahoo fallback,PARTIAL,Has sector/industry/catalyst metadata for scoring
CURATED_UNIVERSE,FMCG,Tata Consumer Products,TATACONSUM,Food & Beverages,,Kite primary / Yahoo fallback,PARTIAL,Has sector/industry/catalyst metadata for scoring
CURATED_UNIVERSE,FMCG,Varun Beverages,VBL,Beverages,,Kite primary / Yahoo fallback,PARTIAL,Has sector/industry/catalyst metadata for scoring
CURATED_UNIVERSE,FMCG,Colgate-Palmolive India,COLPAL,Personal Care,,Kite primary / Yahoo fallback,PARTIAL,Has sector/industry/catalyst metadata for scoring
CURATED_UNIVERSE,FMCG,Emami,EMAMILTD,Personal Care,,Kite primary / Yahoo fallback,PARTIAL,Has sector/industry/catalyst metadata for scoring
CURATED_UNIVERSE,FMCG,Jubilant FoodWorks,JUBLFOOD,QSR,,Kite primary / Yahoo fallback,PARTIAL,Has sector/industry/catalyst metadata for scoring
CURATED_UNIVERSE,FMCG,Devyani International,DEVYANI,QSR,,Kite primary / Yahoo fallback,PARTIAL,Has sector/industry/catalyst metadata for scoring
CURATED_UNIVERSE,FMCG,Westlife Foodworld,WESTLIFE,QSR,,Kite primary / Yahoo fallback,PARTIAL,Has sector/industry/catalyst metadata for scoring
CURATED_UNIVERSE,Capital Goods,BHEL,BHEL,Power Equipment,,Kite primary / Yahoo fallback,PARTIAL,Has sector/industry/catalyst metadata for scoring
CURATED_UNIVERSE,Capital Goods,Siemens India,SIEMENS,Industrial Automation,,Kite primary / Yahoo fallback,PARTIAL,Has sector/industry/catalyst metadata for scoring
CURATED_UNIVERSE,Capital Goods,ABB India,ABB,Industrial Automation,,Kite primary / Yahoo fallback,PARTIAL,Has sector/industry/catalyst metadata for scoring
CURATED_UNIVERSE,Capital Goods,Cummins India,CUMMINSIND,Engines & Generators,,Kite primary / Yahoo fallback,PARTIAL,Has sector/industry/catalyst metadata for scoring
CURATED_UNIVERSE,Capital Goods,Bharat Electronics,BEL,Defence Electronics,,Kite primary / Yahoo fallback,PARTIAL,Has sector/industry/catalyst metadata for scoring
CURATED_UNIVERSE,Capital Goods,Hindustan Aeronautics,HAL,Defence Aerospace,,Kite primary / Yahoo fallback,PARTIAL,Has sector/industry/catalyst metadata for scoring
CURATED_UNIVERSE,Capital Goods,BEML,BEML,Heavy Equipment,,Kite primary / Yahoo fallback,PARTIAL,Has sector/industry/catalyst metadata for scoring
CURATED_UNIVERSE,Capital Goods,Mazagon Dock Shipbuilders,MAZDOCK,Defence Shipbuilding,,Kite primary / Yahoo fallback,PARTIAL,Has sector/industry/catalyst metadata for scoring
CURATED_UNIVERSE,Capital Goods,Cochin Shipyard,COCHINSHIP,Defence Shipbuilding,,Kite primary / Yahoo fallback,PARTIAL,Has sector/industry/catalyst metadata for scoring
CURATED_UNIVERSE,Capital Goods,Grindwell Norton,GRINDWELL,Industrial Abrasives,,Kite primary / Yahoo fallback,PARTIAL,Has sector/industry/catalyst metadata for scoring
CURATED_UNIVERSE,Metals,Jindal Steel & Power,JINDALSTEL,Integrated Steel,,Kite primary / Yahoo fallback,PARTIAL,Has sector/industry/catalyst metadata for scoring
CURATED_UNIVERSE,Metals,Steel Authority of India,SAIL,Integrated Steel,,Kite primary / Yahoo fallback,PARTIAL,Has sector/industry/catalyst metadata for scoring
CURATED_UNIVERSE,Metals,NALCO,NATIONALUM,Aluminium,,Kite primary / Yahoo fallback,PARTIAL,Has sector/industry/catalyst metadata for scoring
CURATED_UNIVERSE,Metals,Hindustan Copper,HINDCOPPER,Copper Mining,,Kite primary / Yahoo fallback,PARTIAL,Has sector/industry/catalyst metadata for scoring
CURATED_UNIVERSE,Metals,NMDC,NMDC,Iron Ore Mining,,Kite primary / Yahoo fallback,PARTIAL,Has sector/industry/catalyst metadata for scoring
CURATED_UNIVERSE,Metals,APL Apollo Tubes,APLAPOLLO,Steel Tubes,,Kite primary / Yahoo fallback,PARTIAL,Has sector/industry/catalyst metadata for scoring
CURATED_UNIVERSE,Metals,Ratnamani Metals & Tubes,RATNAMANI,Specialty Tubes,,Kite primary / Yahoo fallback,PARTIAL,Has sector/industry/catalyst metadata for scoring
CURATED_UNIVERSE,Cement,Ambuja Cements,AMBUJACEM,Cement,,Kite primary / Yahoo fallback,PARTIAL,Has sector/industry/catalyst metadata for scoring
CURATED_UNIVERSE,Cement,ACC,ACC,Cement,,Kite primary / Yahoo fallback,PARTIAL,Has sector/industry/catalyst metadata for scoring
CURATED_UNIVERSE,Cement,Dalmia Bharat,DALBHARAT,Cement,,Kite primary / Yahoo fallback,PARTIAL,Has sector/industry/catalyst metadata for scoring
CURATED_UNIVERSE,Cement,Ramco Cements,RAMCOCEM,Cement,,Kite primary / Yahoo fallback,PARTIAL,Has sector/industry/catalyst metadata for scoring
CURATED_UNIVERSE,Cement,JK Cement,JKCEMENT,Cement,,Kite primary / Yahoo fallback,PARTIAL,Has sector/industry/catalyst metadata for scoring
CURATED_UNIVERSE,Chemicals,Pidilite Industries,PIDILITIND,Adhesives,,Kite primary / Yahoo fallback,PARTIAL,Has sector/industry/catalyst metadata for scoring
CURATED_UNIVERSE,Chemicals,SRF,SRF,Specialty Chemicals,,Kite primary / Yahoo fallback,PARTIAL,Has sector/industry/catalyst metadata for scoring
CURATED_UNIVERSE,Chemicals,PI Industries,PIIND,Agro CSM,,Kite primary / Yahoo fallback,PARTIAL,Has sector/industry/catalyst metadata for scoring
CURATED_UNIVERSE,Chemicals,Deepak Nitrite,DEEPAKNTR,Specialty Chemicals,,Kite primary / Yahoo fallback,PARTIAL,Has sector/industry/catalyst metadata for scoring
CURATED_UNIVERSE,Chemicals,Aarti Industries,AARTIIND,Specialty Chemicals,,Kite primary / Yahoo fallback,PARTIAL,Has sector/industry/catalyst metadata for scoring
CURATED_UNIVERSE,Chemicals,Navin Fluorine,NAVINFLUOR,Specialty Fluorochemicals,,Kite primary / Yahoo fallback,PARTIAL,Has sector/industry/catalyst metadata for scoring
CURATED_UNIVERSE,Chemicals,Bayer CropScience,BAYERCROP,Agrochemicals,,Kite primary / Yahoo fallback,PARTIAL,Has sector/industry/catalyst metadata for scoring
CURATED_UNIVERSE,Energy,Tata Power,TATAPOWER,Power Utility,,Kite primary / Yahoo fallback,PARTIAL,Has sector/industry/catalyst metadata for scoring
CURATED_UNIVERSE,Energy,JSW Energy,JSWENERGY,Power Generation,,Kite primary / Yahoo fallback,PARTIAL,Has sector/industry/catalyst metadata for scoring
CURATED_UNIVERSE,Energy,Torrent Power,TORNTPOWER,Power Utility,,Kite primary / Yahoo fallback,PARTIAL,Has sector/industry/catalyst metadata for scoring
CURATED_UNIVERSE,Energy,Suzlon Energy,SUZLON,Wind Turbines,,Kite primary / Yahoo fallback,PARTIAL,Has sector/industry/catalyst metadata for scoring
CURATED_UNIVERSE,Energy,Inox Wind,INOXWIND,Wind Turbines,,Kite primary / Yahoo fallback,PARTIAL,Has sector/industry/catalyst metadata for scoring
CURATED_UNIVERSE,Energy,Indian Energy Exchange,IEX,Power Exchange,,Kite primary / Yahoo fallback,PARTIAL,Has sector/industry/catalyst metadata for scoring
CURATED_UNIVERSE,Energy,Adani Green Energy,ADANIGREEN,Renewables,,Kite primary / Yahoo fallback,PARTIAL,Has sector/industry/catalyst metadata for scoring
CURATED_UNIVERSE,Energy,NHPC,NHPC,Hydro Power,,Kite primary / Yahoo fallback,PARTIAL,Has sector/industry/catalyst metadata for scoring
CURATED_UNIVERSE,Energy,SJVN,SJVN,Hydro Power,,Kite primary / Yahoo fallback,PARTIAL,Has sector/industry/catalyst metadata for scoring
CURATED_UNIVERSE,Realty,DLF,DLF,Real Estate Developer,,Kite primary / Yahoo fallback,PARTIAL,Has sector/industry/catalyst metadata for scoring
CURATED_UNIVERSE,Realty,Godrej Properties,GODREJPROP,Real Estate Developer,,Kite primary / Yahoo fallback,PARTIAL,Has sector/industry/catalyst metadata for scoring
CURATED_UNIVERSE,Realty,Oberoi Realty,OBEROIRLTY,Real Estate Developer,,Kite primary / Yahoo fallback,PARTIAL,Has sector/industry/catalyst metadata for scoring
CURATED_UNIVERSE,Realty,Prestige Estates,PRESTIGE,Real Estate Developer,,Kite primary / Yahoo fallback,PARTIAL,Has sector/industry/catalyst metadata for scoring
CURATED_UNIVERSE,Realty,Phoenix Mills,PHOENIXLTD,Mall Operator,,Kite primary / Yahoo fallback,PARTIAL,Has sector/industry/catalyst metadata for scoring
CURATED_UNIVERSE,Realty,Brigade Enterprises,BRIGADE,Real Estate Developer,,Kite primary / Yahoo fallback,PARTIAL,Has sector/industry/catalyst metadata for scoring
CURATED_UNIVERSE,Realty,Macrotech Developers (Lodha),LODHA,Real Estate Developer,,Kite primary / Yahoo fallback,PARTIAL,Has sector/industry/catalyst metadata for scoring
CURATED_UNIVERSE,Telecom,Vodafone Idea,IDEA,Wireless,,Kite primary / Yahoo fallback,PARTIAL,Has sector/industry/catalyst metadata for scoring
CURATED_UNIVERSE,Telecom,Indus Towers,INDUSTOWER,Tower Infra,,Kite primary / Yahoo fallback,PARTIAL,Has sector/industry/catalyst metadata for scoring
CURATED_UNIVERSE,Media,Zee Entertainment,ZEEL,Broadcasting,,Kite primary / Yahoo fallback,PARTIAL,Has sector/industry/catalyst metadata for scoring
CURATED_UNIVERSE,Media,Sun TV Network,SUNTV,Broadcasting,,Kite primary / Yahoo fallback,PARTIAL,Has sector/industry/catalyst metadata for scoring
CURATED_UNIVERSE,Media,PVR INOX,PVRINOX,Cinema Exhibition,,Kite primary / Yahoo fallback,PARTIAL,Has sector/industry/catalyst metadata for scoring
CURATED_UNIVERSE,Consumer Internet,FSN E-Commerce (Nykaa),NYKAA,Beauty E-commerce,,Kite primary / Yahoo fallback,PARTIAL,Has sector/industry/catalyst metadata for scoring
CURATED_UNIVERSE,Consumer Internet,Zomato,ZOMATO,Food Delivery,,Kite primary / Yahoo fallback,PARTIAL,Has sector/industry/catalyst metadata for scoring
CURATED_UNIVERSE,Consumer Internet,Swiggy,SWIGGY,Food Delivery,,Kite primary / Yahoo fallback,PARTIAL,Has sector/industry/catalyst metadata for scoring
CURATED_UNIVERSE,Logistics,Delhivery,DELHIVERY,Logistics Tech,,Kite primary / Yahoo fallback,PARTIAL,Has sector/industry/catalyst metadata for scoring
CURATED_UNIVERSE,Insurance,LIC of India,LICI,Life Insurance,,Kite primary / Yahoo fallback,PARTIAL,Has sector/industry/catalyst metadata for scoring
CURATED_UNIVERSE,Insurance,SBI Life Insurance,SBILIFE,Life Insurance,,Kite primary / Yahoo fallback,PARTIAL,Has sector/industry/catalyst metadata for scoring
CURATED_UNIVERSE,Insurance,HDFC Life Insurance,HDFCLIFE,Life Insurance,,Kite primary / Yahoo fallback,PARTIAL,Has sector/industry/catalyst metadata for scoring
CURATED_UNIVERSE,Insurance,ICICI Prudential Life,ICICIPRULI,Life Insurance,,Kite primary / Yahoo fallback,PARTIAL,Has sector/industry/catalyst metadata for scoring
CURATED_UNIVERSE,Insurance,ICICI Lombard General Insurance,ICICIGI,General Insurance,,Kite primary / Yahoo fallback,PARTIAL,Has sector/industry/catalyst metadata for scoring
CURATED_UNIVERSE,Insurance,Star Health Insurance,STARHEALTH,Health Insurance,,Kite primary / Yahoo fallback,PARTIAL,Has sector/industry/catalyst metadata for scoring
CURATED_UNIVERSE,Insurance,New India Assurance,NIACL,General Insurance,,Kite primary / Yahoo fallback,PARTIAL,Has sector/industry/catalyst metadata for scoring
CURATED_UNIVERSE,Financials,Poonawalla Fincorp,POONAWALLA,NBFC,,Kite primary / Yahoo fallback,PARTIAL,Has sector/industry/catalyst metadata for scoring
CURATED_UNIVERSE,Financials,Cholamandalam Investment,CHOLAFIN,Vehicle Finance NBFC,,Kite primary / Yahoo fallback,PARTIAL,Has sector/industry/catalyst metadata for scoring
CURATED_UNIVERSE,Financials,Max Financial Services,MFSL,Insurance Holding,,Kite primary / Yahoo fallback,PARTIAL,Has sector/industry/catalyst metadata for scoring
ENGINE_FEATURE,OPTIONS,Option Chain (live),NIFTY/BANKNIFTY/FINNIFTY + every F&O equity,"Strikes, OI, IV, Greeks, PCR per-strike, MaxPain",,Kite primary / NSE fallback,YES (Kite) / NO (NSE),Cached 15s; LTP/IV/OI/Vol per leg + per-strike PCR/MaxPain pill
ENGINE_FEATURE,OPTIONS,Option Strategies (13),"Long/Short Strangle, Bull/Bear Call/Put Spreads, Iron Condor/Butterfly, Covered Call, Long/Short Straddle, Long Call/Put","Delta-targeted strikes, BS Greeks, lognormal POP, ±2σ extrema, SPAN+exposure margin, ROC, leg-quality badge",,derived from Option Chain,-,Quality badge TIGHT/WIDE/POOR; pair-aware geometry guards
ENGINE_FEATURE,FLOWS,FII/DII Cash Flows,Daily index/stock buy/sell + net,~1y history,,NSE direct + NiftyTrader history,NO,Persisted to local DB
ENGINE_FEATURE,FLOWS,Participant-wise OI,FII / DII / Pro / Client × Index Futures / Index Options / Stock Futures / Stock Options,"Net OI today vs previous date, Long/Short detail",,NSE direct,NO,Segment View dashboard + detail toggle
ENGINE_FEATURE,INDICATORS,Technical indicators,SMA/EMA/RSI/MACD/Bollinger/ATR/VWAP/Supertrend/ADX,Across all timeframes,,computed locally from OHLC,-,Powers scanner + signals
ENGINE_FEATURE,SCANNER,Full NSE EQ scanner,~2475 active equities,"Multi-criteria: % move, RSI, breakout, volume, delivery %, F&O ban list",,Kite tick + Yahoo + Bhavcopy,-,Background refresh every 60s
ENGINE_FEATURE,PAPER_TRADING,Paper trading book,Equity + F&O virtual portfolio,"P&L, positions, history",,derived from live quotes,-,Per-user via DB
ENGINE_FEATURE,SIGNALS,Swing / Option / Pre-market signals,Generated nightly + intra-day,Entry/SL/target,,derived from indicators + chain,-,Lifecycle tracked in DB
ENGINE_FEATURE,CALENDAR,Market events,"Earnings, F&O expiries, RBI meetings, holidays",-,,Internal + NSE calendar,-,Drives the calendar page
